rental_id,rental_date,customer_id,film_id,payment_date,amount,tax
1,24-05-2005 22:53,130,80,24-05-2005 22:53,2.99,1
2,24-05-2005 22:54,459,333,24-05-2005 22:54,2.99,0.5
3,24-05-2005 23:03,408,373,24-05-2005 23:03,3.99,NULL
4,24-05-2005 23:04,333,535,24-05-2005 23:04,4.99,NULL
5,24-05-2005 23:05,222,450,24-05-2005 23:05,6.99,1
6,24-05-2005 23:08,549,613,24-05-2005 23:08,0.99,NULL
7,24-05-2005 23:11,269,870,24-05-2005 23:11,1.99,NULL
8,24-05-2005 23:31,239,510,24-05-2005 23:31,4.99,NULL
9,25-05-2005 00:00,126,565,25-05-2005 00:00,4.99,1
10,25-05-2005 00:02,399,396,25-05-2005 00:02,5.99,NULL
11,25-05-2005 00:09,142,971,25-05-2005 00:09,8.99,NULL
12,25-05-2005 00:19,261,347,25-05-2005 00:19,4.99,NULL
13,25-05-2005 00:22,334,499,25-05-2005 00:22,6.99,NULL
14,25-05-2005 00:31,446,593,25-05-2005 00:31,0.99,1
15,25-05-2005 00:39,319,670,25-05-2005 00:39,9.99,NULL
16,25-05-2005 00:43,316,86,25-05-2005 00:43,4.99,1
17,25-05-2005 01:06,575,181,25-05-2005 01:06,2.99,NULL
18,25-05-2005 01:10,19,741,25-05-2005 01:10,0.99,NULL
19,25-05-2005 01:17,456,422,25-05-2005 01:17,4.99,NULL
20,25-05-2005 01:48,185,770,25-05-2005 01:48,2.99,0.5
21,25-05-2005 01:59,388,31,25-05-2005 01:59,4.99,NULL
22,25-05-2005 02:19,509,159,25-05-2005 02:19,4.99,1
23,25-05-2005 02:40,438,971,25-05-2005 02:40,4.99,NULL
24,25-05-2005 02:53,350,721,25-05-2005 02:53,4.99,1
25,25-05-2005 03:21,37,863,25-05-2005 03:21,0.99,1
26,25-05-2005 03:36,371,953,25-05-2005 03:36,3.99,NULL
27,25-05-2005 03:41,301,271,25-05-2005 03:41,4.99,1
28,25-05-2005 03:42,232,887,25-05-2005 03:42,4.99,NULL
29,25-05-2005 03:47,44,132,25-05-2005 03:47,0.99,1
30,25-05-2005 04:01,430,819,25-05-2005 04:01,2.99,1
31,25-05-2005 04:05,369,979,25-05-2005 04:05,4.99,NULL
32,25-05-2005 04:06,230,839,25-05-2005 04:06,0.99,NULL
33,25-05-2005 04:18,272,367,25-05-2005 04:18,0.99,1
34,25-05-2005 04:19,597,573,25-05-2005 04:19,2.99,NULL
35,25-05-2005 04:24,484,284,25-05-2005 04:24,4.99,1
36,25-05-2005 04:36,88,288,25-05-2005 04:36,2.99,NULL
37,25-05-2005 04:44,535,89,25-05-2005 04:44,0.99,NULL
38,25-05-2005 04:47,302,557,25-05-2005 04:47,4.99,1
39,25-05-2005 04:51,207,976,25-05-2005 04:51,0.99,NULL
40,25-05-2005 05:09,413,579,25-05-2005 05:09,4.99,1
41,25-05-2005 05:12,174,382,25-05-2005 05:12,5.99,NULL
42,25-05-2005 05:24,523,84,25-05-2005 05:24,4.99,1
43,25-05-2005 05:39,532,564,25-05-2005 05:39,2.99,1
44,25-05-2005 05:53,207,681,25-05-2005 05:53,0.99,NULL
45,25-05-2005 05:59,436,403,25-05-2005 05:59,7.99,NULL
46,25-05-2005 06:04,7,730,25-05-2005 06:04,5.99,NULL
47,25-05-2005 06:05,35,478,25-05-2005 06:05,3.99,NULL
48,25-05-2005 06:20,282,387,25-05-2005 06:20,1.99,NULL
49,25-05-2005 06:39,498,650,25-05-2005 06:39,2.99,NULL
50,25-05-2005 06:44,18,432,25-05-2005 06:44,2.99,NULL
51,25-05-2005 06:49,256,278,25-05-2005 06:49,4.99,NULL
52,25-05-2005 06:51,507,875,25-05-2005 06:51,0.99,0.5
53,25-05-2005 07:19,569,277,25-05-2005 07:19,4.99,1
54,25-05-2005 07:23,291,611,25-05-2005 07:23,4.99,NULL
55,25-05-2005 08:26,131,252,25-05-2005 08:26,2.99,NULL
56,25-05-2005 08:28,511,298,25-05-2005 08:28,2.99,1
57,25-05-2005 08:43,6,858,25-05-2005 08:43,4.99,NULL
58,25-05-2005 08:53,323,670,25-05-2005 08:53,4.99,NULL
59,25-05-2005 08:56,408,633,25-05-2005 08:56,5.99,NULL
60,25-05-2005 08:58,470,73,25-05-2005 08:58,2.99,NULL
61,25-05-2005 09:01,250,915,25-05-2005 09:01,5.99,NULL
62,25-05-2005 09:18,419,58,25-05-2005 09:18,2.99,1
63,25-05-2005 09:19,383,873,25-05-2005 09:19,0.99,NULL
64,25-05-2005 09:21,368,16,25-05-2005 09:21,5.99,0.5
65,25-05-2005 09:32,346,776,25-05-2005 09:32,4.99,1
66,25-05-2005 09:35,86,257,25-05-2005 09:35,1.99,NULL
67,25-05-2005 09:41,119,54,25-05-2005 09:41,0.99,0.5
68,25-05-2005 09:47,120,878,25-05-2005 09:47,7.99,NULL
69,25-05-2005 10:10,305,705,25-05-2005 10:10,2.99,NULL
70,25-05-2005 10:15,73,468,25-05-2005 10:15,2.99,NULL
71,25-05-2005 10:26,100,525,25-05-2005 10:26,0.99,1
72,25-05-2005 10:52,48,489,25-05-2005 10:52,0.99,1
73,25-05-2005 11:00,391,114,25-05-2005 11:00,4.99,0.5
74,25-05-2005 11:09,265,379,25-05-2005 11:09,0.99,NULL
75,25-05-2005 11:13,510,745,25-05-2005 11:13,8.99,1
76,25-05-2005 11:30,1,663,25-05-2005 11:30,2.99,0.5
77,25-05-2005 11:31,451,287,25-05-2005 11:31,0.99,NULL
78,25-05-2005 11:35,135,887,25-05-2005 11:35,5.99,1
79,25-05-2005 12:11,245,726,25-05-2005 12:11,4.99,NULL
80,25-05-2005 12:12,314,543,25-05-2005 12:12,5.99,1
81,25-05-2005 12:15,286,572,25-05-2005 12:15,6.99,NULL
82,25-05-2005 12:17,427,304,25-05-2005 12:17,6.99,1
83,25-05-2005 12:30,131,103,25-05-2005 12:30,4.99,NULL
84,25-05-2005 12:36,492,397,25-05-2005 12:36,2.99,1
85,25-05-2005 13:05,414,103,25-05-2005 13:05,4.99,NULL
86,25-05-2005 13:36,266,491,25-05-2005 13:36,1.99,NULL
87,25-05-2005 13:52,331,348,25-05-2005 13:52,0.99,NULL
88,25-05-2005 14:13,53,480,25-05-2005 14:13,3.99,0.5
89,25-05-2005 14:28,499,471,25-05-2005 14:28,2.99,NULL
90,25-05-2005 14:31,25,654,25-05-2005 14:31,7.99,NULL
91,25-05-2005 14:57,267,28,25-05-2005 14:57,6.99,1
92,25-05-2005 15:38,302,169,25-05-2005 15:38,5.99,1
93,25-05-2005 15:54,288,951,25-05-2005 15:54,3.99,NULL
94,25-05-2005 16:03,197,366,25-05-2005 16:03,2.99,1
95,25-05-2005 16:12,400,39,25-05-2005 16:12,3.99,NULL
96,25-05-2005 16:32,49,748,25-05-2005 16:32,1.99,NULL
97,25-05-2005 16:34,263,284,25-05-2005 16:34,4.99,NULL
98,25-05-2005 16:48,269,651,25-05-2005 16:48,0.99,NULL
99,25-05-2005 16:50,44,117,25-05-2005 16:50,4.99,1
100,25-05-2005 16:50,208,571,25-05-2005 16:50,4.99,1
101,25-05-2005 17:17,468,134,25-05-2005 17:17,6.99,1
102,25-05-2005 17:22,343,82,25-05-2005 17:22,3.99,NULL
103,25-05-2005 17:30,384,735,25-05-2005 17:30,4.99,1
104,25-05-2005 17:46,310,932,25-05-2005 17:46,0.99,1
105,25-05-2005 17:54,108,173,25-05-2005 17:54,4.99,NULL
106,25-05-2005 18:18,196,791,25-05-2005 18:18,11.99,NULL
107,25-05-2005 18:28,317,621,25-05-2005 18:28,6.99,NULL
108,25-05-2005 18:30,242,724,25-05-2005 18:30,2.99,1
109,25-05-2005 18:40,503,233,25-05-2005 18:40,1.99,0.5
110,25-05-2005 18:43,19,893,25-05-2005 18:43,9.99,NULL
111,25-05-2005 18:45,227,814,25-05-2005 18:45,4.99,NULL
112,25-05-2005 18:57,500,465,25-05-2005 18:57,8.99,NULL
113,25-05-2005 19:07,93,649,25-05-2005 19:07,2.99,1
114,25-05-2005 19:12,506,982,25-05-2005 19:12,3.99,NULL
115,25-05-2005 19:13,455,164,25-05-2005 19:13,0.99,NULL
116,25-05-2005 19:27,18,973,25-05-2005 19:27,4.99,NULL
117,25-05-2005 19:30,7,931,25-05-2005 19:30,0.99,NULL
118,25-05-2005 19:31,524,191,25-05-2005 19:31,0.99,NULL
119,25-05-2005 19:37,51,300,25-05-2005 19:37,4.99,NULL
120,25-05-2005 19:37,365,8,25-05-2005 19:37,5.99,0.5
121,25-05-2005 19:41,405,234,25-05-2005 19:41,2.99,NULL
122,25-05-2005 19:46,273,638,25-05-2005 19:46,3.99,NULL
123,25-05-2005 20:26,43,390,25-05-2005 20:26,4.99,NULL
124,25-05-2005 20:46,246,48,25-05-2005 20:46,6.99,1
125,25-05-2005 20:48,368,212,25-05-2005 20:48,5.99,0.5
126,25-05-2005 21:07,439,445,25-05-2005 21:07,2.99,NULL
127,25-05-2005 21:10,94,440,25-05-2005 21:10,2.99,NULL
128,25-05-2005 21:19,40,941,25-05-2005 21:19,4.99,NULL
129,25-05-2005 21:20,23,902,25-05-2005 21:20,8.99,NULL
130,25-05-2005 21:21,56,869,25-05-2005 21:21,3.99,NULL
131,25-05-2005 21:42,325,177,25-05-2005 21:42,5.99,1
132,25-05-2005 21:46,479,738,25-05-2005 21:46,3.99,NULL
133,25-05-2005 21:48,237,89,25-05-2005 21:48,0.99,NULL
134,25-05-2005 21:48,222,491,25-05-2005 21:48,4.99,1
135,25-05-2005 21:58,304,21,25-05-2005 21:58,10.99,NULL
136,25-05-2005 22:02,504,500,25-05-2005 22:02,5.99,NULL
137,25-05-2005 22:25,560,569,25-05-2005 22:25,2.99,NULL
138,25-05-2005 22:48,586,898,25-05-2005 22:48,4.99,NULL
139,25-05-2005 23:00,257,73,25-05-2005 23:00,2.99,NULL
140,25-05-2005 23:34,354,142,25-05-2005 23:34,0.99,1
141,25-05-2005 23:34,89,176,25-05-2005 23:34,2.99,NULL
142,25-05-2005 23:43,472,963,25-05-2005 23:43,0.99,1
143,25-05-2005 23:45,297,186,25-05-2005 23:45,0.99,1
144,25-05-2005 23:49,357,368,25-05-2005 23:49,2.99,NULL
145,25-05-2005 23:59,82,852,25-05-2005 23:59,2.99,NULL
146,26-05-2005 00:07,433,313,26-05-2005 00:07,8.99,NULL
147,26-05-2005 00:17,274,138,26-05-2005 00:17,2.99,1
148,26-05-2005 00:25,142,924,26-05-2005 00:25,0.99,NULL
149,26-05-2005 00:28,319,242,26-05-2005 00:28,3.99,NULL
150,26-05-2005 00:28,429,202,26-05-2005 00:28,5.99,0.5
151,26-05-2005 00:37,14,646,26-05-2005 00:37,0.99,NULL
152,26-05-2005 00:41,57,575,26-05-2005 00:41,9.99,NULL
153,26-05-2005 00:47,348,849,26-05-2005 00:47,0.99,NULL
154,26-05-2005 00:55,185,299,26-05-2005 00:55,0.99,0.5
155,26-05-2005 01:15,551,65,26-05-2005 01:15,7.99,1
156,26-05-2005 01:19,462,702,26-05-2005 01:19,2.99,1
157,26-05-2005 01:25,344,197,26-05-2005 01:25,2.99,NULL
158,26-05-2005 01:27,354,523,26-05-2005 01:27,1.99,1
159,26-05-2005 01:34,505,757,26-05-2005 01:34,2.99,NULL
160,26-05-2005 01:46,290,410,26-05-2005 01:46,2.99,NULL
161,26-05-2005 01:51,182,646,26-05-2005 01:51,0.99,NULL
162,26-05-2005 02:02,296,272,26-05-2005 02:02,4.99,1
163,26-05-2005 02:26,104,501,26-05-2005 02:26,10.99,NULL
164,26-05-2005 02:26,151,239,26-05-2005 02:26,4.99,1
165,26-05-2005 02:28,33,600,26-05-2005 02:28,2.99,NULL
166,26-05-2005 02:49,322,850,26-05-2005 02:49,0.99,NULL
167,26-05-2005 02:50,401,190,26-05-2005 02:50,4.99,0.5
168,26-05-2005 03:07,469,595,26-05-2005 03:07,0.99,NULL
169,26-05-2005 03:09,381,382,26-05-2005 03:09,0.99,NULL
170,26-05-2005 03:11,107,806,26-05-2005 03:11,5.99,NULL
171,26-05-2005 03:14,400,979,26-05-2005 03:14,6.99,NULL
172,26-05-2005 03:17,176,630,26-05-2005 03:17,0.99,NULL
173,26-05-2005 03:42,533,786,26-05-2005 03:42,0.99,1
174,26-05-2005 03:44,552,862,26-05-2005 03:44,0.99,1
175,26-05-2005 03:46,47,947,26-05-2005 03:46,3.99,1
176,26-05-2005 03:47,250,187,26-05-2005 03:47,3.99,NULL
177,26-05-2005 04:14,548,775,26-05-2005 04:14,6.99,NULL
178,26-05-2005 04:21,196,326,26-05-2005 04:21,5.99,NULL
179,26-05-2005 04:26,19,563,26-05-2005 04:26,6.99,NULL
180,26-05-2005 04:46,75,603,26-05-2005 04:46,4.99,NULL
181,26-05-2005 04:47,587,527,26-05-2005 04:47,4.99,NULL
182,26-05-2005 04:49,237,961,26-05-2005 04:49,4.99,NULL
183,26-05-2005 05:01,254,631,26-05-2005 05:01,2.99,1
184,26-05-2005 05:29,556,429,26-05-2005 05:29,0.99,NULL
185,26-05-2005 05:30,125,571,26-05-2005 05:30,3.99,NULL
186,26-05-2005 05:32,468,391,26-05-2005 05:32,4.99,1
187,26-05-2005 05:42,515,872,26-05-2005 05:42,8.99,NULL
188,26-05-2005 05:47,243,734,26-05-2005 05:47,4.99,NULL
189,26-05-2005 06:01,247,219,26-05-2005 06:01,4.99,NULL
190,26-05-2005 06:11,533,863,26-05-2005 06:11,1.99,1
191,26-05-2005 06:14,412,951,26-05-2005 06:14,0.99,1
192,26-05-2005 06:20,437,413,26-05-2005 06:20,2.99,NULL
193,26-05-2005 06:41,270,851,26-05-2005 06:41,1.99,NULL
194,26-05-2005 06:52,29,295,26-05-2005 06:52,1.99,0.5
195,26-05-2005 06:52,564,112,26-05-2005 06:52,5.99,1
196,26-05-2005 06:55,184,43,26-05-2005 06:55,2.99,NULL
197,26-05-2005 06:59,546,915,26-05-2005 06:59,5.99,1
198,26-05-2005 07:03,54,388,26-05-2005 07:03,4.99,0.5
199,26-05-2005 07:11,71,462,26-05-2005 07:11,2.99,NULL
200,26-05-2005 07:12,321,856,26-05-2005 07:12,4.99,NULL
201,26-05-2005 07:13,444,169,26-05-2005 07:13,8.99,NULL
202,26-05-2005 07:27,20,147,26-05-2005 07:27,2.99,NULL
203,26-05-2005 07:27,109,740,26-05-2005 07:27,5.99,NULL
204,26-05-2005 07:30,528,401,26-05-2005 07:30,0.99,NULL
205,26-05-2005 07:59,114,68,26-05-2005 07:59,4.99,NULL
206,26-05-2005 08:01,345,374,26-05-2005 08:01,0.99,NULL
207,26-05-2005 08:04,47,21,26-05-2005 08:04,4.99,1
208,26-05-2005 08:10,274,803,26-05-2005 08:10,4.99,1
209,26-05-2005 08:14,379,159,26-05-2005 08:14,4.99,1
210,26-05-2005 08:14,391,391,26-05-2005 08:14,2.99,0.5
211,26-05-2005 08:33,170,872,26-05-2005 08:33,2.99,1
212,26-05-2005 08:34,59,167,26-05-2005 08:34,4.99,1
213,26-05-2005 08:44,394,329,26-05-2005 08:44,3.99,NULL
214,26-05-2005 08:48,98,319,26-05-2005 08:48,3.99,NULL
215,26-05-2005 09:02,197,149,26-05-2005 09:02,0.99,1
216,26-05-2005 09:17,91,306,26-05-2005 09:17,5.99,NULL
217,26-05-2005 09:24,121,961,26-05-2005 09:24,4.99,1
218,26-05-2005 09:27,309,496,26-05-2005 09:27,6.99,NULL
219,26-05-2005 09:41,489,676,26-05-2005 09:41,4.99,0.5
220,26-05-2005 10:06,542,279,26-05-2005 10:06,4.99,NULL
221,26-05-2005 10:14,143,783,26-05-2005 10:14,2.99,0.5
222,26-05-2005 10:14,83,602,26-05-2005 10:14,0.99,NULL
223,26-05-2005 10:15,460,686,26-05-2005 10:15,4.99,NULL
224,26-05-2005 10:18,318,933,26-05-2005 10:18,9.99,NULL
225,26-05-2005 10:27,467,141,26-05-2005 10:27,4.99,NULL
226,26-05-2005 10:44,221,911,26-05-2005 10:44,4.99,NULL
227,26-05-2005 10:51,301,48,26-05-2005 10:51,5.99,1
228,26-05-2005 10:54,571,113,26-05-2005 10:54,9.99,NULL
229,26-05-2005 11:19,312,251,26-05-2005 11:19,4.99,NULL
230,26-05-2005 11:31,58,242,26-05-2005 11:31,0.99,NULL
231,26-05-2005 11:31,365,878,26-05-2005 11:31,4.99,0.5
232,26-05-2005 11:38,256,646,26-05-2005 11:38,0.99,NULL
233,26-05-2005 11:43,531,156,26-05-2005 11:43,4.99,0.5
234,26-05-2005 11:47,566,292,26-05-2005 11:47,5.99,0.5
235,26-05-2005 11:51,119,773,26-05-2005 11:51,5.99,0.5
236,26-05-2005 11:53,446,280,26-05-2005 11:53,0.99,1
237,26-05-2005 12:15,536,54,26-05-2005 12:15,0.99,NULL
238,26-05-2005 12:30,211,112,26-05-2005 12:30,4.99,1
239,26-05-2005 12:30,49,26,26-05-2005 12:30,3.99,NULL
240,26-05-2005 12:40,103,749,26-05-2005 12:40,7.99,NULL
241,26-05-2005 12:49,245,970,26-05-2005 12:49,0.99,NULL
242,26-05-2005 13:05,214,454,26-05-2005 13:05,1.99,NULL
243,26-05-2005 13:06,543,375,26-05-2005 13:06,6.99,NULL
244,26-05-2005 13:40,257,232,26-05-2005 13:40,2.99,NULL
245,26-05-2005 13:46,158,668,26-05-2005 13:46,4.99,NULL
246,26-05-2005 13:57,240,621,26-05-2005 13:57,2.99,0.5
247,26-05-2005 14:01,102,892,26-05-2005 14:01,4.99,NULL
248,26-05-2005 14:07,545,416,26-05-2005 14:07,0.99,NULL
249,26-05-2005 14:19,472,530,26-05-2005 14:19,2.99,1
250,26-05-2005 14:30,539,81,26-05-2005 14:30,4.99,NULL
251,26-05-2005 14:35,204,948,26-05-2005 14:35,0.99,0.5
252,26-05-2005 14:39,187,267,26-05-2005 14:39,7.99,NULL
253,26-05-2005 14:43,416,650,26-05-2005 14:43,0.99,NULL
254,26-05-2005 14:43,390,398,26-05-2005 14:43,4.99,NULL
255,26-05-2005 14:52,114,719,26-05-2005 14:52,4.99,NULL
256,26-05-2005 15:20,436,702,26-05-2005 15:20,3.99,NULL
257,26-05-2005 15:27,373,563,26-05-2005 15:27,4.99,NULL
258,26-05-2005 15:28,502,773,26-05-2005 15:28,2.99,1
259,26-05-2005 15:32,482,6,26-05-2005 15:32,8.99,NULL
260,26-05-2005 15:42,21,96,26-05-2005 15:42,3.99,0.5
261,26-05-2005 15:44,414,301,26-05-2005 15:44,3.99,NULL
262,26-05-2005 15:46,236,927,26-05-2005 15:46,2.99,NULL
263,26-05-2005 15:47,449,256,26-05-2005 15:47,4.99,0.5
264,26-05-2005 16:00,251,449,26-05-2005 16:00,2.99,NULL
265,26-05-2005 16:07,303,492,26-05-2005 16:07,0.99,NULL
266,26-05-2005 16:08,263,727,26-05-2005 16:08,0.99,NULL
267,26-05-2005 16:16,417,268,26-05-2005 16:16,4.99,NULL
268,26-05-2005 16:19,75,374,26-05-2005 16:19,0.99,NULL
269,26-05-2005 16:19,322,767,26-05-2005 16:19,4.99,NULL
270,26-05-2005 16:20,200,46,26-05-2005 16:20,9.99,NULL
271,26-05-2005 16:22,92,521,26-05-2005 16:22,5.99,1
272,26-05-2005 16:27,71,216,26-05-2005 16:27,9.99,NULL
273,26-05-2005 16:29,193,349,26-05-2005 16:29,2.99,NULL
274,26-05-2005 16:48,311,142,26-05-2005 16:48,5.99,1
275,26-05-2005 17:09,133,374,26-05-2005 17:09,6.99,NULL
276,26-05-2005 17:16,58,271,26-05-2005 17:16,7.99,NULL
277,26-05-2005 17:32,45,308,26-05-2005 17:32,2.99,NULL
278,26-05-2005 17:40,214,40,26-05-2005 17:40,3.99,NULL
279,26-05-2005 18:02,384,143,26-05-2005 18:02,2.99,1
280,26-05-2005 18:36,167,413,26-05-2005 18:36,2.99,1
281,26-05-2005 18:49,582,269,26-05-2005 18:49,0.99,NULL
282,26-05-2005 18:56,282,980,26-05-2005 18:56,6.99,NULL
283,26-05-2005 19:05,242,772,26-05-2005 19:05,3.99,1
284,26-05-2005 19:21,359,77,26-05-2005 19:21,8.99,NULL
285,26-05-2005 19:41,162,545,26-05-2005 19:41,1.99,NULL
286,26-05-2005 19:44,371,70,26-05-2005 19:44,6.99,NULL
287,26-05-2005 19:44,17,792,26-05-2005 19:44,2.99,1
288,26-05-2005 19:47,82,775,26-05-2005 19:47,8.99,NULL
289,26-05-2005 20:01,81,534,26-05-2005 20:01,0.99,NULL
290,26-05-2005 20:08,429,609,26-05-2005 20:08,2.99,0.5
291,26-05-2005 20:20,577,109,26-05-2005 20:20,5.99,NULL
292,26-05-2005 20:22,515,927,26-05-2005 20:22,6.99,NULL
293,26-05-2005 20:27,158,397,26-05-2005 20:27,5.99,NULL
294,26-05-2005 20:29,369,603,26-05-2005 20:29,4.99,NULL
295,26-05-2005 20:33,65,878,26-05-2005 20:33,4.99,NULL
296,26-05-2005 20:35,468,848,26-05-2005 20:35,6.99,1
297,26-05-2005 20:48,48,349,26-05-2005 20:48,2.99,1
298,26-05-2005 20:52,460,241,26-05-2005 20:52,0.99,NULL
299,26-05-2005 20:55,448,956,26-05-2005 20:55,4.99,NULL
300,26-05-2005 20:57,47,56,26-05-2005 20:57,6.99,1
301,26-05-2005 21:06,274,756,26-05-2005 21:06,2.99,1
302,26-05-2005 21:13,387,641,26-05-2005 21:13,4.99,NULL
303,26-05-2005 21:16,596,246,26-05-2005 21:16,4.99,NULL
304,26-05-2005 21:21,534,370,26-05-2005 21:21,5.99,1
305,26-05-2005 21:22,464,585,26-05-2005 21:22,3.99,NULL
306,26-05-2005 21:31,547,610,26-05-2005 21:31,0.99,0.5
307,26-05-2005 21:48,375,244,26-05-2005 21:48,8.99,NULL
308,26-05-2005 22:01,277,42,26-05-2005 22:01,6.99,NULL
309,26-05-2005 22:38,251,424,26-05-2005 22:38,1.99,NULL
310,26-05-2005 22:41,409,129,26-05-2005 22:41,6.99,NULL
311,26-05-2005 22:51,201,621,26-05-2005 22:51,3.99,NULL
312,26-05-2005 22:52,143,437,26-05-2005 22:52,2.99,0.5
313,26-05-2005 22:56,594,902,26-05-2005 22:56,4.99,1
314,26-05-2005 23:09,203,625,26-05-2005 23:09,0.99,NULL
315,26-05-2005 23:12,238,624,26-05-2005 23:12,4.99,1
316,26-05-2005 23:22,249,838,26-05-2005 23:22,4.99,1
317,26-05-2005 23:23,391,6,26-05-2005 23:23,5.99,0.5
318,26-05-2005 23:37,60,561,26-05-2005 23:37,4.99,1
319,26-05-2005 23:52,77,664,26-05-2005 23:52,2.99,1
320,27-05-2005 00:09,2,243,27-05-2005 00:09,4.99,NULL
322,27-05-2005 00:47,496,994,27-05-2005 00:47,4.99,1
323,27-05-2005 00:49,144,514,27-05-2005 00:49,2.99,NULL
324,27-05-2005 01:00,292,738,27-05-2005 01:00,0.99,NULL
325,27-05-2005 01:09,449,551,27-05-2005 01:09,5.99,0.5
326,27-05-2005 01:10,432,867,27-05-2005 01:10,7.99,NULL
327,27-05-2005 01:18,105,588,27-05-2005 01:18,8.99,NULL
328,27-05-2005 01:29,451,554,27-05-2005 01:29,2.99,NULL
329,27-05-2005 01:57,231,583,27-05-2005 01:57,5.99,1
330,27-05-2005 02:15,248,336,27-05-2005 02:15,7.99,NULL
331,27-05-2005 02:22,67,408,27-05-2005 02:22,9.99,1
332,27-05-2005 02:27,299,334,27-05-2005 02:27,5.99,0.5
333,27-05-2005 02:52,412,871,27-05-2005 02:52,4.99,1
334,27-05-2005 03:03,194,865,27-05-2005 03:03,4.99,0.5
335,27-05-2005 03:07,16,309,27-05-2005 03:07,3.99,NULL
336,27-05-2005 03:15,275,393,27-05-2005 03:15,2.99,NULL
337,27-05-2005 03:22,19,164,27-05-2005 03:22,2.99,NULL
338,27-05-2005 03:42,165,570,27-05-2005 03:42,4.99,1
339,27-05-2005 03:47,516,526,27-05-2005 03:47,3.99,NULL
340,27-05-2005 03:55,209,210,27-05-2005 03:55,9.99,1
341,27-05-2005 04:01,56,906,27-05-2005 04:01,5.99,NULL
342,27-05-2005 04:11,539,875,27-05-2005 04:11,0.99,NULL
343,27-05-2005 04:13,455,727,27-05-2005 04:13,0.99,NULL
344,27-05-2005 04:30,236,505,27-05-2005 04:30,2.99,NULL
345,27-05-2005 04:32,144,305,27-05-2005 04:32,2.99,NULL
346,27-05-2005 04:34,14,941,27-05-2005 04:34,9.99,NULL
347,27-05-2005 04:40,378,355,27-05-2005 04:40,0.99,1
348,27-05-2005 04:50,473,396,27-05-2005 04:50,4.99,NULL
349,27-05-2005 04:53,36,641,27-05-2005 04:53,0.99,0.5
350,27-05-2005 05:01,9,604,27-05-2005 05:01,4.99,NULL
351,27-05-2005 05:39,118,739,27-05-2005 05:39,5.99,NULL
352,27-05-2005 05:48,157,953,27-05-2005 05:48,0.99,NULL
353,27-05-2005 06:03,503,869,27-05-2005 06:03,5.99,0.5
354,27-05-2005 06:12,452,447,27-05-2005 06:12,2.99,NULL
355,27-05-2005 06:15,446,28,27-05-2005 06:15,4.99,1
356,27-05-2005 06:32,382,628,27-05-2005 06:32,2.99,NULL
357,27-05-2005 06:37,198,966,27-05-2005 06:37,0.99,NULL
358,27-05-2005 06:43,102,418,27-05-2005 06:43,0.99,NULL
359,27-05-2005 06:48,152,255,27-05-2005 06:48,4.99,1
360,27-05-2005 06:51,594,764,27-05-2005 06:51,8.99,1
361,27-05-2005 07:03,587,1,27-05-2005 07:03,0.99,NULL
362,27-05-2005 07:10,147,504,27-05-2005 07:10,0.99,0.5
363,27-05-2005 07:14,345,932,27-05-2005 07:14,0.99,NULL
364,27-05-2005 07:20,430,182,27-05-2005 07:20,4.99,1
365,27-05-2005 07:31,167,634,27-05-2005 07:31,2.99,1
366,27-05-2005 07:33,134,79,27-05-2005 07:33,3.99,0.5
367,27-05-2005 07:37,439,753,27-05-2005 07:37,0.99,NULL
368,27-05-2005 07:42,361,275,27-05-2005 07:42,5.99,NULL
369,27-05-2005 07:46,508,209,27-05-2005 07:46,2.99,1
370,27-05-2005 07:49,22,735,27-05-2005 07:49,4.99,NULL
371,27-05-2005 08:08,295,273,27-05-2005 08:08,3.99,1
372,27-05-2005 08:13,510,891,27-05-2005 08:13,5.99,1
373,27-05-2005 08:16,464,360,27-05-2005 08:16,1.99,NULL
374,27-05-2005 08:26,337,966,27-05-2005 08:26,6.99,0.5
375,27-05-2005 08:49,306,394,27-05-2005 08:49,3.99,NULL
376,27-05-2005 08:58,542,702,27-05-2005 08:58,4.99,NULL
377,27-05-2005 09:04,170,661,27-05-2005 09:04,5.99,1
378,27-05-2005 09:23,53,484,27-05-2005 09:23,2.99,0.5
379,27-05-2005 09:25,584,759,27-05-2005 09:25,4.99,NULL
380,27-05-2005 09:34,176,385,27-05-2005 09:34,6.99,NULL
381,27-05-2005 09:43,371,603,27-05-2005 09:43,4.99,NULL
382,27-05-2005 10:12,183,949,27-05-2005 10:12,0.99,1
383,27-05-2005 10:12,298,213,27-05-2005 10:12,3.99,NULL
384,27-05-2005 10:18,371,202,27-05-2005 10:18,5.99,NULL
385,27-05-2005 10:23,213,344,27-05-2005 10:23,0.99,NULL
386,27-05-2005 10:26,109,285,27-05-2005 10:26,0.99,NULL
387,27-05-2005 10:35,506,589,27-05-2005 10:35,2.99,NULL
388,27-05-2005 10:37,28,96,27-05-2005 10:37,2.99,1
389,27-05-2005 10:45,500,151,27-05-2005 10:45,8.99,NULL
390,27-05-2005 11:02,48,823,27-05-2005 11:02,4.99,1
391,27-05-2005 11:03,197,474,27-05-2005 11:03,2.99,1
392,27-05-2005 11:14,359,58,27-05-2005 11:14,2.99,NULL
393,27-05-2005 11:18,251,30,27-05-2005 11:18,2.99,NULL
394,27-05-2005 11:26,274,412,27-05-2005 11:26,5.99,1
395,27-05-2005 11:45,575,164,27-05-2005 11:45,0.99,NULL
396,27-05-2005 11:47,112,228,27-05-2005 11:47,0.99,NULL
397,27-05-2005 12:29,544,912,27-05-2005 12:29,2.99,1
398,27-05-2005 12:44,422,367,27-05-2005 12:44,0.99,1
399,27-05-2005 12:48,204,120,27-05-2005 12:48,4.99,0.5
400,27-05-2005 12:51,249,57,27-05-2005 12:51,2.99,1
401,27-05-2005 12:57,46,471,27-05-2005 12:57,2.99,1
402,27-05-2005 13:17,354,101,27-05-2005 13:17,0.99,1
403,27-05-2005 13:28,424,868,27-05-2005 13:28,0.99,1
404,27-05-2005 13:31,168,285,27-05-2005 13:31,0.99,1
405,27-05-2005 13:32,272,891,27-05-2005 13:32,6.99,1
406,27-05-2005 13:46,381,462,27-05-2005 13:46,2.99,NULL
407,27-05-2005 13:57,44,240,27-05-2005 13:57,2.99,1
408,27-05-2005 13:57,84,314,27-05-2005 13:57,0.99,NULL
409,27-05-2005 14:10,220,797,27-05-2005 14:10,0.99,NULL
410,27-05-2005 14:11,506,873,27-05-2005 14:11,3.99,NULL
411,27-05-2005 14:14,388,314,27-05-2005 14:14,4.99,NULL
412,27-05-2005 14:17,375,307,27-05-2005 14:17,4.99,NULL
413,27-05-2005 14:45,307,770,27-05-2005 14:45,4.99,1
414,27-05-2005 14:48,219,228,27-05-2005 14:48,0.99,NULL
415,27-05-2005 14:51,304,809,27-05-2005 14:51,0.99,NULL
416,27-05-2005 15:02,222,517,27-05-2005 15:02,0.99,1
417,27-05-2005 15:07,475,487,27-05-2005 15:07,4.99,NULL
418,27-05-2005 15:13,151,673,27-05-2005 15:13,5.99,1
419,27-05-2005 15:15,77,552,27-05-2005 15:15,1.99,1
420,27-05-2005 15:19,93,135,27-05-2005 15:19,6.99,1
421,27-05-2005 15:30,246,654,27-05-2005 15:30,8.99,1
422,27-05-2005 15:31,150,254,27-05-2005 15:31,3.99,NULL
423,27-05-2005 15:32,284,387,27-05-2005 15:32,0.99,NULL
424,27-05-2005 15:34,35,618,27-05-2005 15:34,6.99,NULL
425,27-05-2005 15:51,182,331,27-05-2005 15:51,3.99,NULL
426,27-05-2005 15:56,522,245,27-05-2005 15:56,5.99,NULL
427,27-05-2005 16:10,288,366,27-05-2005 16:10,6.99,NULL
428,27-05-2005 16:10,161,735,27-05-2005 16:10,2.99,NULL
429,27-05-2005 16:21,498,25,27-05-2005 16:21,8.99,NULL
430,27-05-2005 16:22,190,417,27-05-2005 16:22,4.99,NULL
431,27-05-2005 16:31,334,984,27-05-2005 16:31,8.99,NULL
432,27-05-2005 16:40,46,248,27-05-2005 16:40,4.99,1
433,27-05-2005 16:40,574,951,27-05-2005 16:40,0.99,0.5
434,27-05-2005 16:54,246,738,27-05-2005 16:54,5.99,1
435,27-05-2005 17:17,3,732,27-05-2005 17:17,1.99,NULL
436,27-05-2005 17:21,267,941,27-05-2005 17:21,4.99,1
437,27-05-2005 17:47,525,391,27-05-2005 17:47,5.99,NULL
438,27-05-2005 17:52,249,926,27-05-2005 17:52,6.99,1
439,27-05-2005 17:54,319,78,27-05-2005 17:54,2.99,NULL
440,27-05-2005 18:00,314,973,27-05-2005 18:00,4.99,1
441,27-05-2005 18:11,54,346,27-05-2005 18:11,4.99,0.5
442,27-05-2005 18:12,403,319,27-05-2005 18:12,2.99,1
443,27-05-2005 18:35,547,439,27-05-2005 18:35,8.99,0.5
444,27-05-2005 18:39,239,158,27-05-2005 18:39,2.99,NULL
445,27-05-2005 18:42,293,382,27-05-2005 18:42,0.99,NULL
446,27-05-2005 18:48,401,426,27-05-2005 18:48,4.99,0.5
447,27-05-2005 18:57,133,850,27-05-2005 18:57,2.99,NULL
448,27-05-2005 19:03,247,586,27-05-2005 19:03,3.99,NULL
449,27-05-2005 19:13,172,540,27-05-2005 19:13,3.99,0.5
450,27-05-2005 19:18,247,296,27-05-2005 19:18,6.99,NULL
451,27-05-2005 19:27,87,45,27-05-2005 19:27,4.99,NULL
452,27-05-2005 19:30,127,656,27-05-2005 19:30,0.99,1
453,27-05-2005 19:31,529,967,27-05-2005 19:31,2.99,1
454,27-05-2005 19:31,575,767,27-05-2005 19:31,4.99,NULL
455,27-05-2005 19:43,343,735,27-05-2005 19:43,3.99,NULL
456,27-05-2005 19:50,92,370,27-05-2005 19:50,4.99,1
457,27-05-2005 19:52,300,516,27-05-2005 19:52,0.99,1
458,27-05-2005 19:58,565,736,27-05-2005 19:58,6.99,NULL
459,27-05-2005 20:00,468,130,27-05-2005 20:00,0.99,1
460,27-05-2005 20:02,240,921,27-05-2005 20:02,2.99,0.5
461,27-05-2005 20:08,447,450,27-05-2005 20:08,2.99,1
462,27-05-2005 20:10,364,502,27-05-2005 20:10,5.99,NULL
463,27-05-2005 20:11,21,181,27-05-2005 20:11,3.99,0.5
464,27-05-2005 20:42,193,290,27-05-2005 20:42,0.99,NULL
465,27-05-2005 20:44,261,4,27-05-2005 20:44,3.99,NULL
466,27-05-2005 20:57,442,388,27-05-2005 20:57,0.99,1
467,27-05-2005 21:10,557,75,27-05-2005 21:10,4.99,NULL
468,27-05-2005 21:13,101,583,27-05-2005 21:13,9.99,NULL
469,27-05-2005 21:14,154,975,27-05-2005 21:14,5.99,1
470,27-05-2005 21:17,504,352,27-05-2005 21:17,4.99,NULL
471,27-05-2005 21:32,209,629,27-05-2005 21:32,0.99,1
472,27-05-2005 21:36,528,295,27-05-2005 21:36,0.99,NULL
473,27-05-2005 21:36,105,174,27-05-2005 21:36,7.99,NULL
474,27-05-2005 22:11,274,322,27-05-2005 22:11,2.99,1
475,27-05-2005 22:16,159,554,27-05-2005 22:16,2.99,NULL
476,27-05-2005 22:31,543,535,27-05-2005 22:31,1.99,NULL
477,27-05-2005 22:33,161,531,27-05-2005 22:33,3.99,NULL
478,27-05-2005 22:38,557,93,27-05-2005 22:38,4.99,NULL
479,27-05-2005 22:39,231,447,27-05-2005 22:39,6.99,1
480,27-05-2005 22:47,220,457,27-05-2005 22:47,3.99,NULL
481,27-05-2005 22:49,445,15,27-05-2005 22:49,2.99,NULL
482,27-05-2005 22:53,546,908,27-05-2005 22:53,6.99,1
483,27-05-2005 23:00,32,330,27-05-2005 23:00,4.99,1
484,27-05-2005 23:26,491,684,27-05-2005 23:26,2.99,0.5
485,27-05-2005 23:40,105,522,27-05-2005 23:40,2.99,NULL
486,27-05-2005 23:51,398,396,27-05-2005 23:51,4.99,1
487,28-05-2005 00:00,569,826,28-05-2005 00:00,4.99,1
488,28-05-2005 00:07,168,86,28-05-2005 00:07,4.99,1
489,28-05-2005 00:09,476,422,28-05-2005 00:09,4.99,NULL
490,28-05-2005 00:09,95,771,28-05-2005 00:09,4.99,1
491,28-05-2005 00:13,196,293,28-05-2005 00:13,2.99,NULL
492,28-05-2005 00:24,228,435,28-05-2005 00:24,4.99,NULL
493,28-05-2005 00:34,501,40,28-05-2005 00:34,0.99,NULL
494,28-05-2005 00:39,64,403,28-05-2005 00:39,4.99,1
495,28-05-2005 00:40,526,226,28-05-2005 00:40,4.99,NULL
496,28-05-2005 00:43,56,388,28-05-2005 00:43,2.99,NULL
497,28-05-2005 00:54,20,578,28-05-2005 00:54,6.99,NULL
498,28-05-2005 01:01,287,101,28-05-2005 01:01,0.99,1
499,28-05-2005 01:05,199,519,28-05-2005 01:05,7.99,1
500,28-05-2005 01:05,145,982,28-05-2005 01:05,0.99,NULL
501,28-05-2005 01:09,162,131,28-05-2005 01:09,4.99,NULL
502,28-05-2005 01:34,179,688,28-05-2005 01:34,0.99,1
503,28-05-2005 01:35,288,659,28-05-2005 01:35,4.99,NULL
504,28-05-2005 02:05,170,452,28-05-2005 02:05,0.99,1
505,28-05-2005 02:06,111,15,28-05-2005 02:06,2.99,NULL
506,28-05-2005 02:09,469,145,28-05-2005 02:09,7.99,NULL
507,28-05-2005 02:31,421,790,28-05-2005 02:31,0.99,1
508,28-05-2005 02:40,434,910,28-05-2005 02:40,5.99,NULL
509,28-05-2005 02:51,147,748,28-05-2005 02:51,0.99,0.5
510,28-05-2005 02:52,113,945,28-05-2005 02:52,0.99,NULL
511,28-05-2005 03:04,296,838,28-05-2005 03:04,5.99,1
512,28-05-2005 03:07,231,470,28-05-2005 03:07,8.99,1
513,28-05-2005 03:08,489,50,28-05-2005 03:08,2.99,0.5
514,28-05-2005 03:09,597,369,28-05-2005 03:09,8.99,NULL
515,28-05-2005 03:10,110,739,28-05-2005 03:10,7.99,1
516,28-05-2005 03:11,400,949,28-05-2005 03:11,1.99,NULL
517,28-05-2005 03:17,403,52,28-05-2005 03:17,0.99,1
518,28-05-2005 03:18,480,891,28-05-2005 03:18,0.99,0.5
519,28-05-2005 03:22,245,778,28-05-2005 03:22,7.99,NULL
520,28-05-2005 03:27,161,842,28-05-2005 03:27,5.99,NULL
521,28-05-2005 03:32,374,524,28-05-2005 03:32,0.99,1
522,28-05-2005 03:33,382,702,28-05-2005 03:33,2.99,NULL
523,28-05-2005 03:53,138,415,28-05-2005 03:53,2.99,1
524,28-05-2005 03:57,223,428,28-05-2005 03:57,2.99,NULL
525,28-05-2005 04:25,14,395,28-05-2005 04:25,5.99,NULL
526,28-05-2005 04:27,408,304,28-05-2005 04:27,2.99,NULL
527,28-05-2005 04:28,169,59,28-05-2005 04:28,3.99,1
528,28-05-2005 04:30,359,361,28-05-2005 04:30,3.99,NULL
529,28-05-2005 04:34,469,575,28-05-2005 04:34,4.99,NULL
530,28-05-2005 05:13,312,733,28-05-2005 05:13,0.99,NULL
531,28-05-2005 05:23,589,247,28-05-2005 05:23,0.99,NULL
532,28-05-2005 05:36,120,613,28-05-2005 05:36,0.99,NULL
533,28-05-2005 06:14,528,938,28-05-2005 06:14,5.99,NULL
534,28-05-2005 06:15,184,220,28-05-2005 06:15,4.99,NULL
535,28-05-2005 06:16,307,915,28-05-2005 06:16,4.99,1
536,28-05-2005 06:17,514,649,28-05-2005 06:17,4.99,1
537,28-05-2005 06:20,315,680,28-05-2005 06:20,8.99,NULL
538,28-05-2005 06:21,110,489,28-05-2005 06:21,1.99,1
539,28-05-2005 06:26,161,751,28-05-2005 06:26,0.99,NULL
540,28-05-2005 06:40,119,730,28-05-2005 06:40,6.99,0.5
541,28-05-2005 06:41,535,363,28-05-2005 06:41,2.99,NULL
542,28-05-2005 06:42,261,971,28-05-2005 06:42,6.99,NULL
543,28-05-2005 06:43,493,116,28-05-2005 06:43,7.99,0.5
544,28-05-2005 07:03,311,650,28-05-2005 07:03,6.99,1
545,28-05-2005 07:10,54,242,28-05-2005 07:10,3.99,0.5
546,28-05-2005 07:16,20,109,28-05-2005 07:16,1.99,NULL
547,28-05-2005 07:24,506,448,28-05-2005 07:24,8.99,NULL
548,28-05-2005 07:34,450,810,28-05-2005 07:34,3.99,NULL
549,28-05-2005 07:35,159,395,28-05-2005 07:35,1.99,NULL
550,28-05-2005 07:39,432,793,28-05-2005 07:39,5.99,NULL
551,28-05-2005 07:44,315,686,28-05-2005 07:44,4.99,NULL
552,28-05-2005 07:53,106,5,28-05-2005 07:53,3.99,1
553,28-05-2005 08:14,176,298,28-05-2005 08:14,3.99,NULL
554,28-05-2005 08:23,376,425,28-05-2005 08:23,0.99,1
555,28-05-2005 08:31,55,961,28-05-2005 08:31,4.99,1
556,28-05-2005 08:31,22,394,28-05-2005 08:31,4.99,NULL
557,28-05-2005 08:36,444,34,28-05-2005 08:36,0.99,NULL
558,28-05-2005 08:38,442,905,28-05-2005 08:38,6.99,1
559,28-05-2005 08:39,572,272,28-05-2005 08:39,7.99,NULL
560,28-05-2005 08:53,463,140,28-05-2005 08:53,1.99,NULL
561,28-05-2005 08:54,77,206,28-05-2005 08:54,2.99,1
562,28-05-2005 09:01,102,744,28-05-2005 09:01,1.99,NULL
563,28-05-2005 09:10,324,11,28-05-2005 09:10,3.99,1
564,28-05-2005 09:12,282,651,28-05-2005 09:12,0.99,NULL
565,28-05-2005 09:26,288,327,28-05-2005 09:26,5.99,NULL
566,28-05-2005 09:51,253,944,28-05-2005 09:51,6.99,0.5
567,28-05-2005 09:56,184,728,28-05-2005 09:56,1.99,NULL
568,28-05-2005 09:57,155,483,28-05-2005 09:57,2.99,NULL
569,28-05-2005 10:12,56,989,28-05-2005 10:12,6.99,NULL
570,28-05-2005 10:15,21,249,28-05-2005 10:15,0.99,0.5
571,28-05-2005 10:17,516,924,28-05-2005 10:17,1.99,NULL
572,28-05-2005 10:30,337,414,28-05-2005 10:30,4.99,0.5
573,28-05-2005 10:35,1,875,28-05-2005 10:35,0.99,0.5
574,28-05-2005 10:44,76,849,28-05-2005 10:44,1.99,NULL
575,28-05-2005 10:56,142,973,28-05-2005 10:56,9.99,NULL
576,28-05-2005 10:56,588,407,28-05-2005 10:56,2.99,1
577,28-05-2005 11:09,6,83,28-05-2005 11:09,2.99,NULL
578,28-05-2005 11:15,173,645,28-05-2005 11:15,2.99,NULL
579,28-05-2005 11:19,181,763,28-05-2005 11:19,6.99,NULL
580,28-05-2005 11:19,17,770,28-05-2005 11:19,2.99,1
581,28-05-2005 11:20,186,303,28-05-2005 11:20,1.99,1
582,28-05-2005 11:33,198,1000,28-05-2005 11:33,4.99,NULL
583,28-05-2005 11:48,386,588,28-05-2005 11:48,7.99,NULL
584,28-05-2005 11:49,69,398,28-05-2005 11:49,4.99,NULL
585,28-05-2005 11:50,490,775,28-05-2005 11:50,6.99,NULL
586,28-05-2005 12:03,77,200,28-05-2005 12:03,0.99,1
587,28-05-2005 12:05,64,309,28-05-2005 12:05,0.99,1
588,28-05-2005 12:08,89,19,28-05-2005 12:08,0.99,NULL
589,28-05-2005 12:27,308,920,28-05-2005 12:27,3.99,NULL
590,28-05-2005 13:06,462,104,28-05-2005 13:06,3.99,1
591,28-05-2005 13:11,19,83,28-05-2005 13:11,2.99,NULL
592,28-05-2005 13:21,244,139,28-05-2005 13:21,4.99,NULL
593,28-05-2005 13:33,16,393,28-05-2005 13:33,2.99,NULL
594,28-05-2005 13:41,538,608,28-05-2005 13:41,2.99,1
595,28-05-2005 13:59,294,130,28-05-2005 13:59,1.99,NULL
596,28-05-2005 14:00,589,179,28-05-2005 14:00,4.99,NULL
597,28-05-2005 14:01,249,976,28-05-2005 14:01,3.99,1
598,28-05-2005 14:04,159,130,28-05-2005 14:04,0.99,NULL
599,28-05-2005 14:05,393,898,28-05-2005 14:05,4.99,1
600,28-05-2005 14:08,332,344,28-05-2005 14:08,3.99,0.5
601,28-05-2005 14:08,429,708,28-05-2005 14:08,7.99,0.5
602,28-05-2005 14:15,590,287,28-05-2005 14:15,3.99,NULL
603,28-05-2005 14:27,537,715,28-05-2005 14:27,4.99,NULL
604,28-05-2005 14:37,426,348,28-05-2005 14:37,0.99,1
605,28-05-2005 14:39,501,920,28-05-2005 14:39,1.99,NULL
606,28-05-2005 14:48,299,768,28-05-2005 14:48,8.99,0.5
607,28-05-2005 15:02,554,561,28-05-2005 15:02,2.99,1
608,28-05-2005 15:03,494,925,28-05-2005 15:03,4.99,NULL
609,28-05-2005 15:04,150,646,28-05-2005 15:04,2.99,NULL
610,28-05-2005 15:15,500,795,28-05-2005 15:15,0.99,NULL
611,28-05-2005 15:18,580,273,28-05-2005 15:18,0.99,NULL
612,28-05-2005 15:24,161,471,28-05-2005 15:24,2.99,NULL
613,28-05-2005 15:27,595,60,28-05-2005 15:27,6.99,1
614,28-05-2005 15:33,307,63,28-05-2005 15:33,1.99,1
615,28-05-2005 15:35,533,745,28-05-2005 15:35,5.99,1
616,28-05-2005 15:45,471,220,28-05-2005 15:45,2.99,NULL
617,28-05-2005 15:49,372,900,28-05-2005 15:49,2.99,NULL
618,28-05-2005 15:50,248,972,28-05-2005 15:50,4.99,NULL
619,28-05-2005 15:52,407,544,28-05-2005 15:52,7.99,NULL
620,28-05-2005 15:54,321,533,28-05-2005 15:54,5.99,NULL
621,28-05-2005 15:58,239,253,28-05-2005 15:58,4.99,NULL
622,28-05-2005 15:58,109,514,28-05-2005 15:58,3.99,NULL
623,28-05-2005 16:01,495,271,28-05-2005 16:01,4.99,1
624,28-05-2005 16:13,569,800,28-05-2005 16:13,4.99,1
625,28-05-2005 16:35,596,634,28-05-2005 16:35,0.99,NULL
626,28-05-2005 16:58,584,100,28-05-2005 16:58,4.99,NULL
627,28-05-2005 17:04,241,93,28-05-2005 17:04,7.99,1
628,28-05-2005 17:05,173,552,28-05-2005 17:05,4.99,NULL
629,28-05-2005 17:19,94,334,28-05-2005 17:19,4.99,NULL
630,28-05-2005 17:24,417,277,28-05-2005 17:24,8.99,NULL
631,28-05-2005 17:36,503,539,28-05-2005 17:36,2.99,0.5
632,28-05-2005 17:37,442,284,28-05-2005 17:37,5.99,1
633,28-05-2005 17:37,360,11,28-05-2005 17:37,0.99,NULL
634,28-05-2005 17:40,428,577,28-05-2005 17:40,4.99,1
635,28-05-2005 17:46,42,360,28-05-2005 17:46,5.99,NULL
636,28-05-2005 17:47,239,916,28-05-2005 17:47,6.99,NULL
637,28-05-2005 18:14,250,347,28-05-2005 18:14,4.99,NULL
638,28-05-2005 18:24,372,589,28-05-2005 18:24,2.99,NULL
639,28-05-2005 18:25,198,914,28-05-2005 18:25,2.99,NULL
640,28-05-2005 18:43,465,110,28-05-2005 18:43,0.99,NULL
641,28-05-2005 18:45,396,776,28-05-2005 18:45,5.99,0.5
642,28-05-2005 18:49,157,28,28-05-2005 18:49,4.99,NULL
643,28-05-2005 18:52,240,682,28-05-2005 18:52,4.99,0.5
644,28-05-2005 18:59,316,938,28-05-2005 18:59,8.99,1
645,28-05-2005 19:14,505,687,28-05-2005 19:14,2.99,NULL
646,28-05-2005 19:16,185,417,28-05-2005 19:16,0.99,0.5
647,28-05-2005 19:22,569,753,28-05-2005 19:22,1.99,1
648,28-05-2005 19:25,253,762,28-05-2005 19:25,0.99,0.5
649,28-05-2005 19:35,197,387,28-05-2005 19:35,1.99,1
650,28-05-2005 19:45,281,958,28-05-2005 19:45,2.99,1
651,28-05-2005 19:46,266,162,28-05-2005 19:46,2.99,NULL
652,28-05-2005 20:08,43,267,28-05-2005 20:08,4.99,NULL
653,28-05-2005 20:12,327,25,28-05-2005 20:12,6.99,0.5
654,28-05-2005 20:15,23,502,28-05-2005 20:15,2.99,NULL
655,28-05-2005 20:16,287,73,28-05-2005 20:16,2.99,1
656,28-05-2005 20:18,437,624,28-05-2005 20:18,4.99,NULL
657,28-05-2005 20:23,65,186,28-05-2005 20:23,0.99,NULL
658,28-05-2005 20:23,103,708,28-05-2005 20:23,9.99,NULL
659,28-05-2005 20:27,207,303,28-05-2005 20:27,0.99,NULL
660,28-05-2005 20:53,578,309,28-05-2005 20:53,0.99,NULL
661,28-05-2005 21:01,51,486,28-05-2005 21:01,4.99,NULL
662,28-05-2005 21:09,166,650,28-05-2005 21:09,1.99,NULL
663,28-05-2005 21:23,176,870,28-05-2005 21:23,1.99,NULL
664,28-05-2005 21:31,523,18,28-05-2005 21:31,0.99,1
665,28-05-2005 21:38,415,227,28-05-2005 21:38,4.99,NULL
666,28-05-2005 21:48,437,676,28-05-2005 21:48,5.99,NULL
667,28-05-2005 21:49,596,174,28-05-2005 21:49,4.99,NULL
668,28-05-2005 21:54,484,772,28-05-2005 21:54,2.99,1
669,28-05-2005 22:03,313,804,28-05-2005 22:03,4.99,1
670,28-05-2005 22:04,201,51,28-05-2005 22:04,6.99,NULL
671,28-05-2005 22:04,14,230,28-05-2005 22:04,2.99,NULL
672,28-05-2005 22:05,306,152,28-05-2005 22:05,6.99,NULL
673,28-05-2005 22:07,468,383,28-05-2005 22:07,0.99,1
674,28-05-2005 22:11,87,254,28-05-2005 22:11,2.99,NULL
675,28-05-2005 22:22,338,282,28-05-2005 22:22,0.99,NULL
676,28-05-2005 22:27,490,506,28-05-2005 22:27,4.99,NULL
677,28-05-2005 23:00,194,995,28-05-2005 23:00,7.99,0.5
678,28-05-2005 23:15,269,818,28-05-2005 23:15,6.99,NULL
679,28-05-2005 23:24,526,201,28-05-2005 23:24,4.99,NULL
680,28-05-2005 23:27,482,901,28-05-2005 23:27,2.99,NULL
681,28-05-2005 23:39,531,735,28-05-2005 23:39,2.99,0.5
682,28-05-2005 23:53,148,694,28-05-2005 23:53,4.99,NULL
683,29-05-2005 00:09,197,443,29-05-2005 00:09,2.99,1
684,29-05-2005 00:13,461,711,29-05-2005 00:13,6.99,NULL
685,29-05-2005 00:17,172,304,29-05-2005 00:17,6.99,0.5
686,29-05-2005 00:27,411,532,29-05-2005 00:27,4.99,NULL
687,29-05-2005 00:32,250,377,29-05-2005 00:32,0.99,NULL
688,29-05-2005 00:45,162,898,29-05-2005 00:45,4.99,NULL
689,29-05-2005 00:46,571,162,29-05-2005 00:46,3.99,NULL
690,29-05-2005 00:54,85,580,29-05-2005 00:54,9.99,NULL
691,29-05-2005 01:01,433,879,29-05-2005 01:01,10.99,NULL
692,29-05-2005 01:32,18,174,29-05-2005 01:32,4.99,NULL
693,29-05-2005 01:42,190,138,29-05-2005 01:42,2.99,NULL
694,29-05-2005 01:49,399,129,29-05-2005 01:49,6.99,NULL
695,29-05-2005 01:50,528,930,29-05-2005 01:50,3.99,NULL
696,29-05-2005 01:59,19,450,29-05-2005 01:59,2.99,NULL
697,29-05-2005 02:04,387,861,29-05-2005 02:04,7.99,NULL
698,29-05-2005 02:10,109,309,29-05-2005 02:10,0.99,NULL
699,29-05-2005 02:11,246,26,29-05-2005 02:11,3.99,1
700,29-05-2005 02:18,117,111,29-05-2005 02:18,0.99,1
701,29-05-2005 02:26,112,82,29-05-2005 02:26,2.99,NULL
702,29-05-2005 02:27,475,560,29-05-2005 02:27,0.99,NULL
703,29-05-2005 02:29,269,249,29-05-2005 02:29,0.99,NULL
704,29-05-2005 02:44,330,576,29-05-2005 02:44,3.99,NULL
705,29-05-2005 02:48,257,616,29-05-2005 02:48,2.99,NULL
706,29-05-2005 03:05,60,493,29-05-2005 03:05,1.99,1
707,29-05-2005 03:18,252,179,29-05-2005 03:18,4.99,NULL
708,29-05-2005 03:23,127,688,29-05-2005 03:23,0.99,1
709,29-05-2005 03:48,479,537,29-05-2005 03:48,7.99,NULL
710,29-05-2005 03:48,518,43,29-05-2005 03:48,2.99,0.5
711,29-05-2005 03:49,215,1000,29-05-2005 03:49,4.99,NULL
712,29-05-2005 04:02,313,912,29-05-2005 04:02,2.99,1
713,29-05-2005 04:10,507,800,29-05-2005 04:10,4.99,0.5
714,29-05-2005 04:15,452,437,29-05-2005 04:15,2.99,NULL
715,29-05-2005 04:22,545,442,29-05-2005 04:22,3.99,NULL
716,29-05-2005 04:35,36,17,29-05-2005 04:35,0.99,0.5
717,29-05-2005 04:37,412,303,29-05-2005 04:37,0.99,1
718,29-05-2005 04:52,498,378,29-05-2005 04:52,2.99,NULL
719,29-05-2005 05:16,245,59,29-05-2005 05:16,2.99,NULL
720,29-05-2005 05:17,480,806,29-05-2005 05:17,6.99,0.5
721,29-05-2005 05:28,44,247,29-05-2005 05:28,0.99,1
722,29-05-2005 05:30,259,991,29-05-2005 05:30,6.99,1
723,29-05-2005 05:34,309,747,29-05-2005 05:34,0.99,NULL
724,29-05-2005 05:53,416,825,29-05-2005 05:53,3.99,NULL
725,29-05-2005 06:03,245,891,29-05-2005 06:03,2.99,NULL
726,29-05-2005 06:05,452,206,29-05-2005 06:05,1.99,NULL
727,29-05-2005 06:08,484,356,29-05-2005 06:08,2.99,1
728,29-05-2005 06:12,551,55,29-05-2005 06:12,2.99,1
729,29-05-2005 06:35,323,368,29-05-2005 06:35,2.99,NULL
730,29-05-2005 07:00,197,761,29-05-2005 07:00,3.99,1
731,29-05-2005 07:25,5,896,29-05-2005 07:25,0.99,NULL
732,29-05-2005 07:32,447,555,29-05-2005 07:32,0.99,1
733,29-05-2005 07:35,363,647,29-05-2005 07:35,3.99,NULL
734,29-05-2005 07:38,538,678,29-05-2005 07:38,4.99,1
735,29-05-2005 08:08,454,749,29-05-2005 08:08,7.99,NULL
736,29-05-2005 08:10,276,807,29-05-2005 08:10,3.99,NULL
737,29-05-2005 08:11,589,167,29-05-2005 08:11,4.99,NULL
738,29-05-2005 08:20,256,494,29-05-2005 08:20,4.99,NULL
739,29-05-2005 08:28,84,263,29-05-2005 08:28,6.99,NULL
740,29-05-2005 08:30,89,131,29-05-2005 08:30,5.99,NULL
741,29-05-2005 08:35,495,700,29-05-2005 08:35,4.99,1
742,29-05-2005 08:36,483,61,29-05-2005 08:36,6.99,0.5
743,29-05-2005 08:39,548,555,29-05-2005 08:39,4.99,NULL
744,29-05-2005 09:13,420,814,29-05-2005 09:13,4.99,NULL
745,29-05-2005 09:22,152,127,29-05-2005 09:22,4.99,1
746,29-05-2005 09:25,130,930,29-05-2005 09:25,2.99,1
747,29-05-2005 09:26,291,434,29-05-2005 09:26,4.99,NULL
748,29-05-2005 09:27,7,615,29-05-2005 09:27,2.99,NULL
749,29-05-2005 09:33,375,253,29-05-2005 09:33,4.99,NULL
750,29-05-2005 09:41,269,159,29-05-2005 09:41,4.99,NULL
751,29-05-2005 09:55,53,595,29-05-2005 09:55,0.99,0.5
752,29-05-2005 10:14,126,375,29-05-2005 10:14,4.99,1
753,29-05-2005 10:16,135,228,29-05-2005 10:16,3.99,1
754,29-05-2005 10:18,281,160,29-05-2005 10:18,2.99,1
755,29-05-2005 10:26,576,679,29-05-2005 10:26,2.99,NULL
756,29-05-2005 10:28,201,692,29-05-2005 10:28,5.99,NULL
757,29-05-2005 10:29,435,238,29-05-2005 10:29,7.99,1
758,29-05-2005 10:31,563,265,29-05-2005 10:31,4.99,NULL
759,29-05-2005 10:57,179,515,29-05-2005 10:57,6.99,1
760,29-05-2005 11:07,77,715,29-05-2005 11:07,5.99,1
761,29-05-2005 11:09,58,509,29-05-2005 11:09,0.99,NULL
762,29-05-2005 11:15,146,805,29-05-2005 11:15,7.99,NULL
763,29-05-2005 11:32,50,439,29-05-2005 11:32,4.99,NULL
764,29-05-2005 11:37,149,239,29-05-2005 11:37,4.99,NULL
765,29-05-2005 11:38,69,114,29-05-2005 11:38,1.99,NULL
766,29-05-2005 11:47,383,465,29-05-2005 11:47,8.99,NULL
767,29-05-2005 12:20,67,150,29-05-2005 12:20,2.99,1
768,29-05-2005 12:30,566,636,29-05-2005 12:30,4.99,0.5
769,29-05-2005 12:51,575,333,29-05-2005 12:51,2.99,NULL
770,29-05-2005 12:56,405,546,29-05-2005 12:56,4.99,NULL
771,29-05-2005 12:59,476,78,29-05-2005 12:59,2.99,NULL
772,29-05-2005 13:08,556,730,29-05-2005 13:08,5.99,NULL
773,29-05-2005 13:18,563,55,29-05-2005 13:18,5.99,NULL
774,29-05-2005 13:19,575,265,29-05-2005 13:19,4.99,NULL
775,29-05-2005 13:23,124,266,29-05-2005 13:23,0.99,0.5
776,29-05-2005 13:35,113,945,29-05-2005 13:35,0.99,NULL
777,29-05-2005 14:07,360,100,29-05-2005 14:07,4.99,NULL
778,29-05-2005 14:09,535,395,29-05-2005 14:09,3.99,NULL
779,29-05-2005 14:17,105,117,29-05-2005 14:17,6.99,NULL
780,29-05-2005 14:18,300,417,29-05-2005 14:18,3.99,1
781,29-05-2005 14:23,313,18,29-05-2005 14:23,0.99,1
782,29-05-2005 14:38,596,488,29-05-2005 14:38,1.99,NULL
783,29-05-2005 14:41,53,668,29-05-2005 14:41,5.99,0.5
784,29-05-2005 14:44,352,645,29-05-2005 14:44,2.99,NULL
785,29-05-2005 15:08,72,8,29-05-2005 15:08,4.99,NULL
786,29-05-2005 15:17,439,578,29-05-2005 15:17,9.99,NULL
787,29-05-2005 16:03,27,855,29-05-2005 16:03,2.99,NULL
788,29-05-2005 16:13,562,166,29-05-2005 16:13,2.99,NULL
789,29-05-2005 16:17,553,154,29-05-2005 16:17,4.99,NULL
790,29-05-2005 16:19,593,626,29-05-2005 16:19,2.99,NULL
791,29-05-2005 16:30,284,341,29-05-2005 16:30,0.99,NULL
792,29-05-2005 16:32,261,623,29-05-2005 16:32,0.99,NULL
793,29-05-2005 16:44,528,84,29-05-2005 16:44,5.99,NULL
794,29-05-2005 16:44,50,434,29-05-2005 16:44,4.99,NULL
795,29-05-2005 16:57,551,132,29-05-2005 16:57,0.99,1
796,29-05-2005 16:59,26,592,29-05-2005 16:59,2.99,NULL
797,29-05-2005 17:12,244,317,29-05-2005 17:12,1.99,NULL
798,29-05-2005 17:23,134,245,29-05-2005 17:23,0.99,0.5
799,29-05-2005 17:24,429,374,29-05-2005 17:24,4.99,0.5
800,29-05-2005 17:28,472,97,29-05-2005 17:28,0.99,1
801,29-05-2005 17:35,402,358,29-05-2005 17:35,1.99,NULL
802,29-05-2005 17:38,350,172,29-05-2005 17:38,4.99,1
803,29-05-2005 17:52,32,350,29-05-2005 17:52,4.99,1
804,29-05-2005 18:10,171,853,29-05-2005 18:10,9.99,NULL
805,29-05-2005 18:18,232,688,29-05-2005 18:18,3.99,NULL
806,29-05-2005 18:31,435,521,29-05-2005 18:31,4.99,1
807,29-05-2005 18:50,235,474,29-05-2005 18:50,2.99,NULL
808,29-05-2005 19:08,104,418,29-05-2005 19:08,3.99,NULL
809,29-05-2005 19:10,222,458,29-05-2005 19:10,3.99,1
810,29-05-2005 19:12,346,556,29-05-2005 19:12,4.99,1
811,29-05-2005 19:30,401,966,29-05-2005 19:30,1.99,0.5
812,29-05-2005 20:00,225,244,29-05-2005 20:00,4.99,1
813,29-05-2005 20:14,344,994,29-05-2005 20:14,5.99,NULL
814,29-05-2005 20:16,134,345,29-05-2005 20:16,6.99,0.5
815,29-05-2005 20:24,14,822,29-05-2005 20:24,0.99,NULL
816,29-05-2005 20:26,474,137,29-05-2005 20:26,7.99,NULL
817,29-05-2005 20:39,554,42,29-05-2005 20:39,2.99,1
818,29-05-2005 20:47,321,893,29-05-2005 20:47,4.99,NULL
819,29-05-2005 21:00,511,135,29-05-2005 21:00,3.99,1
820,29-05-2005 21:07,22,567,29-05-2005 21:07,8.99,NULL
821,29-05-2005 21:31,348,741,29-05-2005 21:31,0.99,NULL
822,29-05-2005 21:36,480,578,29-05-2005 21:36,9.99,0.5
823,29-05-2005 21:39,441,715,29-05-2005 21:39,4.99,NULL
824,29-05-2005 21:45,357,771,29-05-2005 21:45,4.99,NULL
825,29-05-2005 21:49,371,155,29-05-2005 21:49,0.99,NULL
826,29-05-2005 21:56,207,489,29-05-2005 21:56,6.99,NULL
827,29-05-2005 21:58,573,12,29-05-2005 21:58,2.99,NULL
828,29-05-2005 22:14,217,540,29-05-2005 22:14,2.99,1
829,29-05-2005 22:16,371,367,29-05-2005 22:16,2.99,NULL
830,29-05-2005 22:43,3,759,29-05-2005 22:43,2.99,NULL
831,29-05-2005 22:50,509,854,29-05-2005 22:50,8.99,1
832,29-05-2005 22:51,159,303,29-05-2005 22:51,3.99,NULL
833,29-05-2005 23:21,417,637,29-05-2005 23:21,4.99,NULL
834,29-05-2005 23:24,84,791,29-05-2005 23:24,4.99,NULL
835,29-05-2005 23:37,381,67,29-05-2005 23:37,2.99,NULL
836,29-05-2005 23:56,368,690,29-05-2005 23:56,2.99,0.5
837,30-05-2005 00:02,172,218,30-05-2005 00:02,0.99,0.5
838,30-05-2005 00:27,504,626,30-05-2005 00:27,4.99,NULL
839,30-05-2005 00:28,337,411,30-05-2005 00:28,8.99,0.5
840,30-05-2005 00:28,79,881,30-05-2005 00:28,4.99,0.5
841,30-05-2005 00:31,387,941,30-05-2005 00:31,4.99,NULL
842,30-05-2005 00:32,238,505,30-05-2005 00:32,2.99,1
843,30-05-2005 00:44,313,479,30-05-2005 00:44,0.99,1
844,30-05-2005 00:58,429,117,30-05-2005 00:58,4.99,0.5
845,30-05-2005 01:17,72,436,30-05-2005 01:17,4.99,NULL
846,30-05-2005 01:17,49,208,30-05-2005 01:17,2.99,NULL
847,30-05-2005 01:18,380,958,30-05-2005 01:18,3.99,NULL
848,30-05-2005 01:19,436,300,30-05-2005 01:19,5.99,NULL
849,30-05-2005 01:23,449,529,30-05-2005 01:23,7.99,0.5
850,30-05-2005 01:35,517,521,30-05-2005 01:35,4.99,NULL
851,30-05-2005 01:35,530,610,30-05-2005 01:35,0.99,NULL
852,30-05-2005 01:36,549,354,30-05-2005 01:36,4.99,NULL
853,30-05-2005 01:43,122,807,30-05-2005 01:43,0.99,NULL
854,30-05-2005 01:56,369,204,30-05-2005 01:56,0.99,NULL
855,30-05-2005 02:00,406,555,30-05-2005 02:00,0.99,NULL
856,30-05-2005 02:01,53,865,30-05-2005 02:01,9.99,0.5
857,30-05-2005 02:01,204,563,30-05-2005 02:01,4.99,0.5
858,30-05-2005 02:10,358,279,30-05-2005 02:10,4.99,1
859,30-05-2005 02:36,79,665,30-05-2005 02:36,2.99,0.5
860,30-05-2005 02:45,276,126,30-05-2005 02:45,10.99,NULL
861,30-05-2005 02:48,502,812,30-05-2005 02:48,0.99,1
862,30-05-2005 03:09,328,264,30-05-2005 03:09,2.99,NULL
863,30-05-2005 03:14,379,871,30-05-2005 03:14,4.99,1
864,30-05-2005 03:27,544,609,30-05-2005 03:27,2.99,1
865,30-05-2005 03:39,154,698,30-05-2005 03:39,7.99,1
866,30-05-2005 03:43,8,628,30-05-2005 03:43,6.99,NULL
867,30-05-2005 03:54,99,744,30-05-2005 03:54,0.99,NULL
868,30-05-2005 04:19,28,788,30-05-2005 04:19,2.99,1
869,30-05-2005 04:22,296,745,30-05-2005 04:22,4.99,1
870,30-05-2005 04:25,391,638,30-05-2005 04:25,2.99,0.5
871,30-05-2005 05:01,303,999,30-05-2005 05:01,2.99,NULL
872,30-05-2005 05:03,548,852,30-05-2005 05:03,3.99,NULL
873,30-05-2005 05:15,375,998,30-05-2005 05:15,2.99,NULL
874,30-05-2005 05:36,52,79,30-05-2005 05:36,0.99,NULL
875,30-05-2005 05:38,326,313,30-05-2005 05:38,6.99,NULL
876,30-05-2005 05:41,339,322,30-05-2005 05:41,5.99,1
877,30-05-2005 05:48,9,196,30-05-2005 05:48,0.99,NULL
878,30-05-2005 05:49,323,928,30-05-2005 05:49,5.99,NULL
879,30-05-2005 05:49,482,875,30-05-2005 05:49,0.99,NULL
880,30-05-2005 06:12,460,395,30-05-2005 06:12,0.99,NULL
881,30-05-2005 06:15,242,131,30-05-2005 06:15,4.99,1
882,30-05-2005 06:16,477,841,30-05-2005 06:16,2.99,NULL
883,30-05-2005 06:21,399,491,30-05-2005 06:21,4.99,NULL
884,30-05-2005 06:41,17,889,30-05-2005 06:41,4.99,1
885,30-05-2005 06:54,62,140,30-05-2005 06:54,0.99,NULL
886,30-05-2005 06:54,393,949,30-05-2005 06:54,0.99,1
887,30-05-2005 07:10,16,598,30-05-2005 07:10,0.99,NULL
888,30-05-2005 07:13,128,86,30-05-2005 07:13,5.99,NULL
889,30-05-2005 07:14,114,286,30-05-2005 07:14,2.99,NULL
890,30-05-2005 07:43,349,320,30-05-2005 07:43,4.99,NULL
891,30-05-2005 07:43,391,572,30-05-2005 07:43,7.99,0.5
892,30-05-2005 08:02,274,103,30-05-2005 08:02,4.99,1
893,30-05-2005 08:06,502,717,30-05-2005 08:06,2.99,1
894,30-05-2005 08:31,400,247,30-05-2005 08:31,5.99,NULL
895,30-05-2005 08:50,192,602,30-05-2005 08:50,1.99,1
896,30-05-2005 09:03,207,619,30-05-2005 09:03,3.99,NULL
897,30-05-2005 09:10,432,294,30-05-2005 09:10,8.99,NULL
898,30-05-2005 09:26,384,766,30-05-2005 09:26,0.99,1
899,30-05-2005 09:29,156,244,30-05-2005 09:29,6.99,NULL
900,30-05-2005 09:38,586,775,30-05-2005 09:38,8.99,NULL
901,30-05-2005 09:40,259,166,30-05-2005 09:40,2.99,1
902,30-05-2005 09:53,561,331,30-05-2005 09:53,4.99,NULL
903,30-05-2005 10:11,197,529,30-05-2005 10:11,3.99,1
904,30-05-2005 10:19,44,539,30-05-2005 10:19,2.99,1
905,30-05-2005 10:25,50,953,30-05-2005 10:25,4.99,NULL
906,30-05-2005 10:30,549,406,30-05-2005 10:30,3.99,NULL
907,30-05-2005 10:37,506,730,30-05-2005 10:37,0.99,NULL
908,30-05-2005 10:38,85,968,30-05-2005 10:38,4.99,NULL
909,30-05-2005 10:43,486,827,30-05-2005 10:43,8.99,NULL
910,30-05-2005 10:46,374,571,30-05-2005 10:46,2.99,1
911,30-05-2005 10:50,366,307,30-05-2005 10:50,6.99,0.5
912,30-05-2005 10:58,390,703,30-05-2005 10:58,4.99,NULL
913,30-05-2005 11:04,369,706,30-05-2005 11:04,7.99,NULL
914,30-05-2005 11:06,596,305,30-05-2005 11:06,2.99,NULL
915,30-05-2005 11:20,115,406,30-05-2005 11:20,0.99,NULL
916,30-05-2005 11:25,6,285,30-05-2005 11:25,0.99,NULL
917,30-05-2005 11:27,385,792,30-05-2005 11:27,2.99,0.5
918,30-05-2005 11:32,197,178,30-05-2005 11:32,0.99,1
919,30-05-2005 11:35,374,882,30-05-2005 11:35,0.99,1
920,30-05-2005 11:44,584,845,30-05-2005 11:44,4.99,NULL
921,30-05-2005 11:53,508,397,30-05-2005 11:53,2.99,1
922,30-05-2005 11:55,550,533,30-05-2005 11:55,7.99,1
923,30-05-2005 11:58,37,410,30-05-2005 11:58,2.99,1
924,30-05-2005 12:10,293,723,30-05-2005 12:10,4.99,NULL
925,30-05-2005 12:13,137,704,30-05-2005 12:13,2.99,NULL
926,30-05-2005 12:15,76,942,30-05-2005 12:15,0.99,NULL
927,30-05-2005 12:16,167,255,30-05-2005 12:16,4.99,1
928,30-05-2005 12:27,79,55,30-05-2005 12:27,2.99,0.5
929,30-05-2005 12:32,536,936,30-05-2005 12:32,6.99,NULL
930,30-05-2005 12:44,141,621,30-05-2005 12:44,2.99,0.5
931,30-05-2005 12:53,421,743,30-05-2005 12:53,0.99,1
932,30-05-2005 12:55,198,158,30-05-2005 12:55,2.99,NULL
933,30-05-2005 13:08,66,804,30-05-2005 13:08,4.99,NULL
934,30-05-2005 13:24,60,786,30-05-2005 13:24,2.99,1
935,30-05-2005 13:29,256,528,30-05-2005 13:29,2.99,NULL
936,30-05-2005 13:52,469,200,30-05-2005 13:52,1.99,NULL
937,30-05-2005 14:47,304,234,30-05-2005 14:47,2.99,NULL
938,30-05-2005 14:47,46,331,30-05-2005 14:47,2.99,1
939,30-05-2005 14:49,367,290,30-05-2005 14:49,0.99,1
940,30-05-2005 15:01,534,283,30-05-2005 15:01,0.99,1
941,30-05-2005 15:02,562,792,30-05-2005 15:02,2.99,NULL
942,30-05-2005 15:05,473,931,30-05-2005 15:05,2.99,NULL
943,30-05-2005 15:20,57,817,30-05-2005 15:20,4.99,NULL
944,30-05-2005 15:26,131,31,30-05-2005 15:26,7.99,NULL
945,30-05-2005 15:33,357,315,30-05-2005 15:33,0.99,NULL
946,30-05-2005 15:35,486,280,30-05-2005 15:35,2.99,NULL
947,30-05-2005 15:36,62,979,30-05-2005 15:36,4.99,NULL
948,30-05-2005 15:44,245,127,30-05-2005 15:44,8.99,NULL
949,30-05-2005 15:50,368,476,30-05-2005 15:50,2.99,0.5
950,30-05-2005 16:06,83,109,30-05-2005 16:06,0.99,NULL
951,30-05-2005 16:10,59,305,30-05-2005 16:10,2.99,1
952,30-05-2005 16:28,311,958,30-05-2005 16:28,2.99,1
953,30-05-2005 16:34,210,474,30-05-2005 16:34,2.99,NULL
954,30-05-2005 16:57,297,273,30-05-2005 16:57,3.99,1
955,30-05-2005 16:59,301,899,30-05-2005 16:59,0.99,1
956,30-05-2005 17:30,296,140,30-05-2005 17:30,2.99,1
957,30-05-2005 17:53,440,968,30-05-2005 17:53,4.99,1
958,30-05-2005 17:58,186,119,30-05-2005 17:58,0.99,1
959,30-05-2005 18:07,535,683,30-05-2005 18:07,4.99,NULL
960,30-05-2005 18:13,445,429,30-05-2005 18:13,2.99,NULL
961,30-05-2005 18:16,588,725,30-05-2005 18:16,4.99,1
962,30-05-2005 18:45,520,989,30-05-2005 18:45,6.99,1
963,30-05-2005 18:52,225,417,30-05-2005 18:52,3.99,1
964,30-05-2005 18:53,287,142,30-05-2005 18:53,2.99,1
965,30-05-2005 19:00,502,738,30-05-2005 19:00,0.99,1
966,30-05-2005 19:00,496,285,30-05-2005 19:00,0.99,1
967,30-05-2005 19:12,330,426,30-05-2005 19:12,7.99,NULL
968,30-05-2005 19:20,576,23,30-05-2005 19:20,0.99,NULL
969,30-05-2005 19:23,551,98,30-05-2005 19:23,4.99,1
970,30-05-2005 19:50,307,331,30-05-2005 19:50,6.99,1
971,30-05-2005 20:10,561,639,30-05-2005 20:10,4.99,NULL
972,30-05-2005 20:21,411,1,30-05-2005 20:21,1.99,NULL
973,30-05-2005 20:27,473,416,30-05-2005 20:27,3.99,NULL
974,30-05-2005 20:28,596,574,30-05-2005 20:28,6.99,NULL
975,30-05-2005 21:07,7,683,30-05-2005 21:07,4.99,NULL
976,30-05-2005 21:11,581,496,30-05-2005 21:11,4.99,NULL
977,30-05-2005 21:22,394,442,30-05-2005 21:22,2.99,NULL
978,30-05-2005 21:30,154,90,30-05-2005 21:30,5.99,1
979,30-05-2005 21:37,279,855,30-05-2005 21:37,2.99,0.5
980,30-05-2005 21:45,273,906,30-05-2005 21:45,0.99,NULL
981,30-05-2005 21:52,326,640,30-05-2005 21:52,4.99,NULL
982,30-05-2005 22:15,524,778,30-05-2005 22:15,4.99,NULL
983,30-05-2005 22:15,115,12,30-05-2005 22:15,0.99,NULL
984,30-05-2005 22:17,262,501,30-05-2005 22:17,4.99,NULL
985,30-05-2005 22:18,564,345,30-05-2005 22:18,2.99,1
986,30-05-2005 22:22,253,880,30-05-2005 22:22,2.99,0.5
987,30-05-2005 22:59,11,86,30-05-2005 22:59,6.99,0.5
988,30-05-2005 23:08,12,301,30-05-2005 23:08,4.99,1
989,30-05-2005 23:11,83,958,30-05-2005 23:11,2.99,NULL
990,30-05-2005 23:25,311,907,30-05-2005 23:25,3.99,1
991,30-05-2005 23:29,593,627,30-05-2005 23:29,8.99,NULL
992,30-05-2005 23:47,123,782,30-05-2005 23:47,2.99,1
993,30-05-2005 23:54,513,451,30-05-2005 23:54,4.99,NULL
994,30-05-2005 23:55,472,614,30-05-2005 23:55,4.99,1
995,31-05-2005 00:06,150,4,31-05-2005 00:06,3.99,NULL
996,31-05-2005 00:06,331,450,31-05-2005 00:06,2.99,NULL
997,31-05-2005 00:08,216,922,31-05-2005 00:08,4.99,1
998,31-05-2005 00:16,389,745,31-05-2005 00:16,4.99,1
999,31-05-2005 00:25,413,969,31-05-2005 00:25,4.99,1
1000,31-05-2005 00:25,332,385,31-05-2005 00:25,6.99,0.5
1001,31-05-2005 00:46,64,328,31-05-2005 00:46,2.99,1
1002,31-05-2005 00:47,397,155,31-05-2005 00:47,0.99,1
1003,31-05-2005 00:48,161,26,31-05-2005 00:48,0.99,NULL
1004,31-05-2005 00:48,565,348,31-05-2005 00:48,0.99,NULL
1005,31-05-2005 00:53,551,872,31-05-2005 00:53,3.99,1
1006,31-05-2005 00:57,222,759,31-05-2005 00:57,2.99,1
1007,31-05-2005 01:02,24,698,31-05-2005 01:02,6.99,NULL
1008,31-05-2005 01:18,599,203,31-05-2005 01:18,4.99,1
1009,31-05-2005 01:47,485,554,31-05-2005 01:47,2.99,1
1010,31-05-2005 01:57,49,879,31-05-2005 01:57,4.99,NULL
1011,31-05-2005 02:05,164,23,31-05-2005 02:05,1.99,0.5
1012,31-05-2005 02:18,291,150,31-05-2005 02:18,2.99,NULL
1013,31-05-2005 02:37,384,987,31-05-2005 02:37,2.99,1
1014,31-05-2005 02:39,280,167,31-05-2005 02:39,4.99,NULL
1015,31-05-2005 02:44,526,810,31-05-2005 02:44,2.99,NULL
1016,31-05-2005 02:49,204,750,31-05-2005 02:49,1.99,0.5
1017,31-05-2005 02:53,16,274,31-05-2005 02:53,2.99,NULL
1018,31-05-2005 02:53,594,418,31-05-2005 02:53,0.99,1
1019,31-05-2005 03:05,279,866,31-05-2005 03:05,0.99,0.5
1020,31-05-2005 03:06,138,746,31-05-2005 03:06,0.99,1
1021,31-05-2005 03:16,541,597,31-05-2005 03:16,7.99,NULL
1022,31-05-2005 03:16,239,184,31-05-2005 03:16,7.99,NULL
1023,31-05-2005 03:26,227,544,31-05-2005 03:26,3.99,NULL
1024,31-05-2005 03:30,457,502,31-05-2005 03:30,7.99,NULL
1025,31-05-2005 03:41,93,353,31-05-2005 03:41,4.99,1
1026,31-05-2005 03:45,107,137,31-05-2005 03:45,5.99,NULL
1027,31-05-2005 03:46,55,596,31-05-2005 03:46,9.99,1
1028,31-05-2005 03:48,51,979,31-05-2005 03:48,4.99,NULL
1029,31-05-2005 03:52,50,451,31-05-2005 03:52,4.99,NULL
1030,31-05-2005 04:06,267,861,31-05-2005 04:06,4.99,1
1031,31-05-2005 04:23,416,204,31-05-2005 04:23,2.99,NULL
1032,31-05-2005 04:28,236,645,31-05-2005 04:28,2.99,NULL
1033,31-05-2005 04:50,25,3,31-05-2005 04:50,2.99,NULL
1034,31-05-2005 04:53,293,895,31-05-2005 04:53,8.99,NULL
1035,31-05-2005 05:01,362,211,31-05-2005 05:01,4.99,1
1036,31-05-2005 05:21,438,467,31-05-2005 05:21,0.99,NULL
1037,31-05-2005 05:22,569,176,31-05-2005 05:22,3.99,1
1038,31-05-2005 05:23,385,277,31-05-2005 05:23,4.99,0.5
1039,31-05-2005 05:32,124,543,31-05-2005 05:32,4.99,0.5
1040,31-05-2005 05:35,270,559,31-05-2005 05:35,4.99,NULL
1041,31-05-2005 05:46,272,969,31-05-2005 05:46,6.99,1
1042,31-05-2005 05:53,506,693,31-05-2005 05:53,2.99,NULL
1043,31-05-2005 06:11,412,504,31-05-2005 06:11,3.99,1
1044,31-05-2005 06:24,70,563,31-05-2005 06:24,4.99,NULL
1045,31-05-2005 06:29,594,760,31-05-2005 06:29,6.99,1
1046,31-05-2005 06:42,179,103,31-05-2005 06:42,4.99,1
1047,31-05-2005 06:45,72,301,31-05-2005 06:45,0.99,NULL
1048,31-05-2005 06:49,55,617,31-05-2005 06:49,0.99,1
1049,31-05-2005 06:57,312,854,31-05-2005 06:57,4.99,NULL
1050,31-05-2005 07:01,303,159,31-05-2005 07:01,4.99,NULL
1051,31-05-2005 07:02,246,229,31-05-2005 07:02,4.99,1
1052,31-05-2005 07:07,156,466,31-05-2005 07:07,4.99,NULL
1053,31-05-2005 07:12,196,816,31-05-2005 07:12,1.99,NULL
1054,31-05-2005 07:33,126,346,31-05-2005 07:33,4.99,1
1055,31-05-2005 07:47,108,358,31-05-2005 07:47,0.99,NULL
1056,31-05-2005 07:48,519,349,31-05-2005 07:48,3.99,0.5
1057,31-05-2005 07:58,124,111,31-05-2005 07:58,3.99,0.5
1058,31-05-2005 08:04,116,8,31-05-2005 08:04,4.99,NULL
1059,31-05-2005 08:20,241,667,31-05-2005 08:20,3.99,1
1060,31-05-2005 08:21,570,587,31-05-2005 08:21,7.99,NULL
1061,31-05-2005 08:27,109,215,31-05-2005 08:27,7.99,NULL
1062,31-05-2005 08:38,176,481,31-05-2005 08:38,7.99,NULL
1063,31-05-2005 08:44,7,545,31-05-2005 08:44,5.99,NULL
1064,31-05-2005 08:50,460,518,31-05-2005 08:50,4.99,NULL
1065,31-05-2005 08:54,316,741,31-05-2005 08:54,1.99,1
1066,31-05-2005 09:07,541,520,31-05-2005 09:07,4.99,NULL
1067,31-05-2005 09:12,32,510,31-05-2005 09:12,4.99,1
1068,31-05-2005 09:32,443,31,31-05-2005 09:32,4.99,1
1069,31-05-2005 09:32,251,672,31-05-2005 09:32,3.99,NULL
1070,31-05-2005 09:39,228,696,31-05-2005 09:39,0.99,NULL
1071,31-05-2005 09:48,174,103,31-05-2005 09:48,4.99,NULL
1072,31-05-2005 09:52,272,560,31-05-2005 09:52,0.99,1
1073,31-05-2005 09:55,146,115,31-05-2005 09:55,4.99,NULL
1074,31-05-2005 10:04,503,551,31-05-2005 10:04,4.99,0.5
1075,31-05-2005 10:13,9,493,31-05-2005 10:13,4.99,NULL
1076,31-05-2005 10:14,214,559,31-05-2005 10:14,2.99,NULL
1077,31-05-2005 10:22,24,433,31-05-2005 10:22,2.99,NULL
1078,31-05-2005 10:28,230,805,31-05-2005 10:28,4.99,NULL
1079,31-05-2005 10:48,312,59,31-05-2005 10:48,6.99,NULL
1080,31-05-2005 10:55,215,764,31-05-2005 10:55,4.99,NULL
1081,31-05-2005 10:56,404,987,31-05-2005 10:56,5.99,0.5
1082,31-05-2005 11:02,239,985,31-05-2005 11:02,5.99,NULL
1083,31-05-2005 11:04,556,522,31-05-2005 11:04,3.99,NULL
1084,31-05-2005 11:10,12,1000,31-05-2005 11:10,4.99,1
1085,31-05-2005 11:15,5,68,31-05-2005 11:15,6.99,NULL
1086,31-05-2005 11:17,549,639,31-05-2005 11:17,4.99,NULL
1087,31-05-2005 11:18,169,95,31-05-2005 11:18,4.99,1
1088,31-05-2005 11:35,356,869,31-05-2005 11:35,4.99,1
1089,31-05-2005 11:38,367,828,31-05-2005 11:38,2.99,1
1090,31-05-2005 12:03,23,732,31-05-2005 12:03,0.99,NULL
1091,31-05-2005 12:11,251,843,31-05-2005 12:11,4.99,NULL
1092,31-05-2005 12:15,278,964,31-05-2005 12:15,4.99,0.5
1093,31-05-2005 12:32,214,473,31-05-2005 12:32,2.99,NULL
1094,31-05-2005 13:03,547,834,31-05-2005 13:03,1.99,0.5
1095,31-05-2005 13:15,252,992,31-05-2005 13:15,0.99,NULL
1096,31-05-2005 13:30,271,237,31-05-2005 13:30,8.99,1
1097,31-05-2005 13:38,491,494,31-05-2005 13:38,0.99,0.5
1098,31-05-2005 13:51,425,234,31-05-2005 13:51,5.99,NULL
1099,31-05-2005 13:54,269,205,31-05-2005 13:54,2.99,NULL
1100,31-05-2005 14:03,497,71,31-05-2005 14:03,7.99,NULL
1101,31-05-2005 14:13,260,260,31-05-2005 14:13,8.99,1
1102,31-05-2005 14:20,115,445,31-05-2005 14:20,2.99,NULL
1103,31-05-2005 14:24,353,693,31-05-2005 14:24,6.99,NULL
1104,31-05-2005 14:30,466,353,31-05-2005 14:30,2.99,1
1105,31-05-2005 14:33,26,373,31-05-2005 14:33,2.99,NULL
1106,31-05-2005 14:36,109,911,31-05-2005 14:36,4.99,NULL
1107,31-05-2005 15:04,53,756,31-05-2005 15:04,2.99,0.5
1108,31-05-2005 15:05,254,561,31-05-2005 15:05,5.99,1
1109,31-05-2005 15:12,481,442,31-05-2005 15:12,5.99,NULL
1110,31-05-2005 15:22,355,452,31-05-2005 15:22,3.99,0.5
1111,31-05-2005 15:24,300,252,31-05-2005 15:24,4.99,1
1112,31-05-2005 15:51,214,535,31-05-2005 15:51,0.99,NULL
1113,31-05-2005 15:58,451,450,31-05-2005 15:58,2.99,NULL
1114,31-05-2005 16:00,117,496,31-05-2005 16:00,0.99,1
1115,31-05-2005 16:07,109,463,31-05-2005 16:07,2.99,NULL
1116,31-05-2005 16:10,256,299,31-05-2005 16:10,0.99,NULL
1117,31-05-2005 16:15,189,897,31-05-2005 16:15,5.99,NULL
1118,31-05-2005 16:23,510,48,31-05-2005 16:23,4.99,1
1119,31-05-2005 16:34,469,962,31-05-2005 16:34,2.99,NULL
1120,31-05-2005 16:37,361,637,31-05-2005 16:37,4.99,NULL
1121,31-05-2005 16:37,74,369,31-05-2005 16:37,6.99,1
1122,31-05-2005 16:39,180,305,31-05-2005 16:39,2.99,NULL
1123,31-05-2005 16:48,448,29,31-05-2005 16:48,2.99,NULL
1124,31-05-2005 16:49,134,995,31-05-2005 16:49,4.99,0.5
1125,31-05-2005 17:23,234,260,31-05-2005 17:23,4.99,NULL
1126,31-05-2005 17:27,431,608,31-05-2005 17:27,2.99,NULL
1127,31-05-2005 17:45,387,526,31-05-2005 17:45,3.99,NULL
1128,31-05-2005 17:49,311,327,31-05-2005 17:49,6.99,1
1129,31-05-2005 18:00,486,85,31-05-2005 18:00,0.99,NULL
1130,31-05-2005 18:13,124,698,31-05-2005 18:13,5.99,0.5
1131,31-05-2005 18:44,128,582,31-05-2005 18:44,2.99,NULL
1132,31-05-2005 18:44,198,382,31-05-2005 18:44,4.99,NULL
1133,31-05-2005 19:12,73,929,31-05-2005 19:12,4.99,NULL
1134,31-05-2005 19:14,191,29,31-05-2005 19:14,2.99,1
1135,31-05-2005 19:15,122,685,31-05-2005 19:15,4.99,NULL
1136,31-05-2005 19:19,50,864,31-05-2005 19:19,4.99,NULL
1137,31-05-2005 19:20,351,717,31-05-2005 19:20,1.99,1
1138,31-05-2005 19:30,438,859,31-05-2005 19:30,6.99,NULL
1139,31-05-2005 19:34,562,145,31-05-2005 19:34,5.99,NULL
1140,31-05-2005 19:36,10,816,31-05-2005 19:36,4.99,0.5
1141,31-05-2005 19:42,217,897,31-05-2005 19:42,8.99,1
1142,31-05-2005 19:46,5,870,31-05-2005 19:46,1.99,NULL
1143,31-05-2005 19:53,209,577,31-05-2005 19:53,2.99,1
1144,31-05-2005 20:04,207,535,31-05-2005 20:04,3.99,NULL
1145,31-05-2005 20:13,284,251,31-05-2005 20:13,6.99,NULL
1146,31-05-2005 20:34,250,689,31-05-2005 20:34,2.99,NULL
1147,31-05-2005 20:37,259,135,31-05-2005 20:37,5.99,1
1148,31-05-2005 20:38,235,728,31-05-2005 20:38,0.99,NULL
1149,31-05-2005 21:03,326,78,31-05-2005 21:03,3.99,NULL
1150,31-05-2005 21:20,136,356,31-05-2005 21:20,2.99,1
1151,31-05-2005 21:29,581,284,31-05-2005 21:29,4.99,NULL
1152,31-05-2005 21:32,191,47,31-05-2005 21:32,4.99,1
1153,31-05-2005 21:36,506,598,31-05-2005 21:36,4.99,NULL
1154,31-05-2005 21:42,59,599,31-05-2005 21:42,5.99,1
1155,31-05-2005 22:17,251,445,31-05-2005 22:17,2.99,NULL
1156,31-05-2005 22:37,106,101,31-05-2005 22:37,0.99,1
1157,31-05-2005 22:47,61,317,31-05-2005 22:47,0.99,NULL
1158,14-06-2005 22:53,416,356,14-06-2005 22:53,2.99,NULL
1159,14-06-2005 22:55,516,961,14-06-2005 22:55,4.99,NULL
1160,14-06-2005 23:00,239,614,14-06-2005 23:00,4.99,NULL
1161,14-06-2005 23:07,285,369,14-06-2005 23:07,7.99,0.5
1162,14-06-2005 23:09,310,220,14-06-2005 23:09,4.99,1
1163,14-06-2005 23:12,592,915,14-06-2005 23:12,6.99,NULL
1164,14-06-2005 23:16,49,807,14-06-2005 23:16,0.99,NULL
1165,14-06-2005 23:16,264,625,14-06-2005 23:16,3.99,0.5
1166,14-06-2005 23:17,46,551,14-06-2005 23:17,4.99,1
1167,14-06-2005 23:25,323,875,14-06-2005 23:25,0.99,NULL
1168,14-06-2005 23:35,481,952,14-06-2005 23:35,2.99,NULL
1169,14-06-2005 23:42,139,236,14-06-2005 23:42,2.99,NULL
1170,14-06-2005 23:47,595,533,14-06-2005 23:47,2.99,1
1171,14-06-2005 23:50,284,890,14-06-2005 23:50,0.99,NULL
1172,14-06-2005 23:54,306,589,14-06-2005 23:54,0.99,NULL
1173,14-06-2005 23:54,191,234,14-06-2005 23:54,2.99,1
1174,15-06-2005 00:12,95,581,15-06-2005 00:12,2.99,1
1175,15-06-2005 00:15,197,716,15-06-2005 00:15,2.99,1
1176,15-06-2005 00:28,512,596,15-06-2005 00:28,6.99,NULL
1177,15-06-2005 00:33,210,413,15-06-2005 00:33,2.99,NULL
1178,15-06-2005 00:36,279,559,15-06-2005 00:36,2.99,0.5
1179,15-06-2005 00:36,119,177,15-06-2005 00:36,7.99,0.5
1180,15-06-2005 00:39,432,686,15-06-2005 00:39,5.99,NULL
1181,15-06-2005 00:42,546,651,15-06-2005 00:42,1.99,1
1182,15-06-2005 00:45,196,236,15-06-2005 00:45,5.99,NULL
1183,15-06-2005 00:49,329,154,15-06-2005 00:49,2.99,0.5
1184,15-06-2005 00:49,295,104,15-06-2005 00:49,5.99,1
1185,15-06-2005 00:54,1,611,15-06-2005 00:54,5.99,0.5
1186,15-06-2005 00:56,368,341,15-06-2005 00:56,0.99,0.5
1187,15-06-2005 00:58,334,245,15-06-2005 00:58,4.99,NULL
1188,15-06-2005 01:04,173,55,15-06-2005 01:04,2.99,NULL
1189,15-06-2005 01:04,244,29,15-06-2005 01:04,6.99,NULL
1190,15-06-2005 01:05,370,563,15-06-2005 01:05,6.99,1
1191,15-06-2005 01:10,291,480,15-06-2005 01:10,2.99,NULL
1192,15-06-2005 01:18,186,898,15-06-2005 01:18,4.99,1
1193,15-06-2005 01:24,561,983,15-06-2005 01:24,2.99,NULL
1194,15-06-2005 01:25,402,826,15-06-2005 01:25,4.99,NULL
1195,15-06-2005 01:37,84,491,15-06-2005 01:37,0.99,NULL
1196,15-06-2005 01:38,52,222,15-06-2005 01:38,4.99,NULL
1197,15-06-2005 01:42,349,835,15-06-2005 01:42,2.99,NULL
1198,15-06-2005 01:48,491,252,15-06-2005 01:48,2.99,0.5
1199,15-06-2005 01:58,238,57,15-06-2005 01:58,2.99,1
1200,15-06-2005 01:59,516,732,15-06-2005 01:59,1.99,NULL
1201,15-06-2005 02:06,209,588,15-06-2005 02:06,4.99,1
1202,15-06-2005 02:08,451,619,15-06-2005 02:08,0.99,NULL
1203,15-06-2005 02:09,452,481,15-06-2005 02:09,4.99,NULL
1204,15-06-2005 02:21,249,535,15-06-2005 02:21,0.99,1
1205,15-06-2005 02:25,340,103,15-06-2005 02:25,4.99,1
1206,15-06-2005 02:27,264,244,15-06-2005 02:27,4.99,0.5
1207,15-06-2005 02:27,430,492,15-06-2005 02:27,0.99,1
1208,15-06-2005 02:30,376,164,15-06-2005 02:30,0.99,1
1209,15-06-2005 02:31,146,327,15-06-2005 02:31,7.99,NULL
1210,15-06-2005 02:57,345,1,15-06-2005 02:57,0.99,NULL
1211,15-06-2005 03:01,122,738,15-06-2005 03:01,0.99,NULL
1212,15-06-2005 03:03,371,789,15-06-2005 03:03,2.99,NULL
1213,15-06-2005 03:14,94,700,15-06-2005 03:14,2.99,NULL
1214,15-06-2005 03:18,46,979,15-06-2005 03:18,4.99,1
1215,15-06-2005 03:21,102,55,15-06-2005 03:21,2.99,NULL
1216,15-06-2005 03:23,100,865,15-06-2005 03:23,4.99,1
1217,15-06-2005 03:24,203,131,15-06-2005 03:24,4.99,NULL
1218,15-06-2005 03:24,371,54,15-06-2005 03:24,1.99,NULL
1219,15-06-2005 03:25,330,659,15-06-2005 03:25,6.99,NULL
1220,15-06-2005 03:26,290,354,15-06-2005 03:26,6.99,NULL
1221,15-06-2005 03:35,403,460,15-06-2005 03:35,4.99,1
1222,15-06-2005 03:38,168,614,15-06-2005 03:38,4.99,1
1223,15-06-2005 03:38,50,286,15-06-2005 03:38,2.99,NULL
1224,15-06-2005 03:44,369,345,15-06-2005 03:44,0.99,NULL
1225,15-06-2005 03:45,434,418,15-06-2005 03:45,0.99,NULL
1226,15-06-2005 03:46,409,496,15-06-2005 03:46,5.99,NULL
1227,15-06-2005 03:50,428,142,15-06-2005 03:50,3.99,1
1228,15-06-2005 03:50,398,977,15-06-2005 03:50,2.99,1
1229,15-06-2005 03:53,468,463,15-06-2005 03:53,2.99,1
1230,15-06-2005 04:04,447,504,15-06-2005 04:04,0.99,1
1231,15-06-2005 04:04,302,658,15-06-2005 04:04,2.99,1
1232,15-06-2005 04:18,391,602,15-06-2005 04:18,0.99,0.5
1233,15-06-2005 04:18,550,916,15-06-2005 04:18,6.99,1
1234,15-06-2005 04:21,529,155,15-06-2005 04:21,1.99,1
1235,15-06-2005 04:31,255,223,15-06-2005 04:31,2.99,NULL
1236,15-06-2005 04:34,66,698,15-06-2005 04:34,2.99,NULL
1237,15-06-2005 04:44,49,715,15-06-2005 04:44,9.99,NULL
1238,15-06-2005 04:49,205,773,15-06-2005 04:49,2.99,NULL
1239,15-06-2005 04:53,444,816,15-06-2005 04:53,0.99,NULL
1240,15-06-2005 04:58,28,841,15-06-2005 04:58,2.99,1
1241,15-06-2005 04:59,62,956,15-06-2005 04:59,6.99,NULL
1242,15-06-2005 05:05,141,179,15-06-2005 05:05,7.99,0.5
1243,15-06-2005 05:07,107,576,15-06-2005 05:07,2.99,NULL
1244,15-06-2005 05:08,515,229,15-06-2005 05:08,4.99,NULL
1245,15-06-2005 05:09,234,290,15-06-2005 05:09,3.99,NULL
1246,15-06-2005 05:11,357,95,15-06-2005 05:11,5.99,NULL
1247,15-06-2005 05:16,287,881,15-06-2005 05:16,7.99,1
1248,15-06-2005 05:33,544,848,15-06-2005 05:33,1.99,1
1249,15-06-2005 05:38,403,460,15-06-2005 05:38,8.99,1
1250,15-06-2005 05:55,38,951,15-06-2005 05:55,2.99,NULL
1251,15-06-2005 05:58,442,728,15-06-2005 05:58,5.99,1
1252,15-06-2005 06:05,89,253,15-06-2005 06:05,8.99,NULL
1253,15-06-2005 06:06,498,711,15-06-2005 06:06,6.99,NULL
1254,15-06-2005 06:11,571,869,15-06-2005 06:11,4.99,NULL
1255,15-06-2005 06:13,526,313,15-06-2005 06:13,4.99,NULL
1256,15-06-2005 06:13,470,314,15-06-2005 06:13,0.99,NULL
1257,15-06-2005 06:15,267,421,15-06-2005 06:15,4.99,1
1258,15-06-2005 06:21,320,989,15-06-2005 06:21,4.99,NULL
1259,15-06-2005 06:37,570,974,15-06-2005 06:37,4.99,NULL
1260,15-06-2005 06:42,586,73,15-06-2005 06:42,2.99,NULL
1261,15-06-2005 06:52,95,534,15-06-2005 06:52,1.99,1
1262,15-06-2005 06:54,236,981,15-06-2005 06:54,0.99,NULL
1263,15-06-2005 06:56,540,900,15-06-2005 06:56,2.99,NULL
1264,15-06-2005 06:59,439,908,15-06-2005 06:59,4.99,NULL
1265,15-06-2005 07:00,163,219,15-06-2005 07:00,4.99,0.5
1266,15-06-2005 07:11,96,482,15-06-2005 07:11,3.99,NULL
1267,15-06-2005 07:21,509,923,15-06-2005 07:21,2.99,1
1268,15-06-2005 07:29,142,795,15-06-2005 07:29,1.99,NULL
1269,15-06-2005 07:29,59,22,15-06-2005 07:29,2.99,1
1270,15-06-2005 07:30,395,12,15-06-2005 07:30,0.99,NULL
1271,15-06-2005 07:32,560,84,15-06-2005 07:32,4.99,NULL
1272,15-06-2005 07:42,135,687,15-06-2005 07:42,0.99,1
1273,15-06-2005 07:52,530,79,15-06-2005 07:52,1.99,NULL
1274,15-06-2005 07:52,430,608,15-06-2005 07:52,2.99,1
1275,15-06-2005 07:55,214,212,15-06-2005 07:55,4.99,NULL
1276,15-06-2005 08:00,388,330,15-06-2005 08:00,6.99,NULL
1277,15-06-2005 08:01,464,15,15-06-2005 08:01,4.99,NULL
1278,15-06-2005 08:09,191,976,15-06-2005 08:09,0.99,1
1279,15-06-2005 08:13,183,153,15-06-2005 08:13,0.99,1
1280,15-06-2005 08:16,266,570,15-06-2005 08:16,5.99,NULL
1281,15-06-2005 08:21,511,649,15-06-2005 08:21,2.99,1
1282,15-06-2005 08:25,539,42,15-06-2005 08:25,3.99,NULL
1283,15-06-2005 08:27,470,697,15-06-2005 08:27,0.99,NULL
1284,15-06-2005 08:27,463,304,15-06-2005 08:27,2.99,NULL
1285,15-06-2005 08:33,254,234,15-06-2005 08:33,2.99,1
1286,15-06-2005 08:41,179,169,15-06-2005 08:41,7.99,1
1287,15-06-2005 08:41,104,914,15-06-2005 08:41,3.99,NULL
1288,15-06-2005 08:41,456,181,15-06-2005 08:41,2.99,NULL
1289,15-06-2005 08:44,522,693,15-06-2005 08:44,3.99,NULL
1290,15-06-2005 08:52,540,417,15-06-2005 08:52,4.99,NULL
1291,15-06-2005 08:55,176,679,15-06-2005 08:55,5.99,NULL
1292,15-06-2005 09:03,178,989,15-06-2005 09:03,6.99,1
1293,15-06-2005 09:06,127,632,15-06-2005 09:06,4.99,1
1294,15-06-2005 09:09,327,75,15-06-2005 09:09,4.99,0.5
1295,15-06-2005 09:17,449,637,15-06-2005 09:17,4.99,0.5
1296,15-06-2005 09:23,200,382,15-06-2005 09:23,1.99,NULL
1297,15-06-2005 09:31,4,239,15-06-2005 09:31,4.99,NULL
1298,15-06-2005 09:32,334,905,15-06-2005 09:32,4.99,NULL
1299,15-06-2005 09:34,91,347,15-06-2005 09:34,4.99,NULL
1300,15-06-2005 09:36,186,554,15-06-2005 09:36,2.99,1
1301,15-06-2005 09:46,33,324,15-06-2005 09:46,10.99,NULL
1302,15-06-2005 09:48,285,72,15-06-2005 09:48,3.99,0.5
1303,15-06-2005 09:55,365,436,15-06-2005 09:55,1.99,0.5
1304,15-06-2005 09:56,242,288,15-06-2005 09:56,4.99,1
1305,15-06-2005 09:59,8,42,15-06-2005 09:59,2.99,NULL
1306,15-06-2005 09:59,524,461,15-06-2005 09:59,1.99,NULL
1307,15-06-2005 10:06,507,81,15-06-2005 10:06,4.99,0.5
1308,15-06-2005 10:07,236,49,15-06-2005 10:07,5.99,NULL
1309,15-06-2005 10:10,200,512,15-06-2005 10:10,4.99,NULL
1310,15-06-2005 10:11,27,444,15-06-2005 10:11,4.99,NULL
1311,15-06-2005 10:11,326,683,15-06-2005 10:11,4.99,NULL
1312,15-06-2005 10:16,313,789,15-06-2005 10:16,2.99,1
1313,15-06-2005 10:18,448,361,15-06-2005 10:18,5.99,NULL
1314,15-06-2005 10:21,538,300,15-06-2005 10:21,5.99,1
1315,15-06-2005 10:23,405,842,15-06-2005 10:23,4.99,NULL
1316,15-06-2005 10:26,138,850,15-06-2005 10:26,0.99,1
1317,15-06-2005 10:30,316,809,15-06-2005 10:30,4.99,1
1318,15-06-2005 10:34,341,606,15-06-2005 10:34,2.99,NULL
1319,15-06-2005 10:39,190,936,15-06-2005 10:39,2.99,NULL
1320,15-06-2005 10:42,84,979,15-06-2005 10:42,4.99,NULL
1321,15-06-2005 10:49,204,770,15-06-2005 10:49,2.99,0.5
1322,15-06-2005 10:55,217,450,15-06-2005 10:55,2.99,1
1323,15-06-2005 10:55,187,721,15-06-2005 10:55,6.99,NULL
1324,15-06-2005 11:02,394,167,15-06-2005 11:02,4.99,NULL
1325,15-06-2005 11:03,193,10,15-06-2005 11:03,4.99,NULL
1326,15-06-2005 11:07,548,11,15-06-2005 11:07,1.99,NULL
1327,15-06-2005 11:11,539,89,15-06-2005 11:11,0.99,NULL
1328,15-06-2005 11:23,295,800,15-06-2005 11:23,2.99,1
1329,15-06-2005 11:25,359,255,15-06-2005 11:25,4.99,NULL
1330,15-06-2005 11:29,587,270,15-06-2005 11:29,2.99,NULL
1331,15-06-2005 11:34,277,679,15-06-2005 11:34,2.99,NULL
1332,15-06-2005 11:36,116,309,15-06-2005 11:36,0.99,NULL
1333,15-06-2005 11:37,310,99,15-06-2005 11:37,2.99,1
1334,15-06-2005 11:43,269,274,15-06-2005 11:43,3.99,NULL
1335,15-06-2005 11:51,64,374,15-06-2005 11:51,0.99,1
1336,15-06-2005 12:01,290,369,15-06-2005 12:01,8.99,NULL
1337,15-06-2005 12:12,465,873,15-06-2005 12:12,2.99,NULL
1338,15-06-2005 12:17,25,268,15-06-2005 12:17,4.99,NULL
1339,15-06-2005 12:21,162,93,15-06-2005 12:21,4.99,NULL
1340,15-06-2005 12:24,100,56,15-06-2005 12:24,3.99,1
1341,15-06-2005 12:26,344,738,15-06-2005 12:26,3.99,NULL
1342,15-06-2005 12:26,427,968,15-06-2005 12:26,5.99,1
1343,15-06-2005 12:27,416,522,15-06-2005 12:27,4.99,NULL
1344,15-06-2005 12:29,585,355,15-06-2005 12:29,0.99,NULL
1345,15-06-2005 12:32,270,232,15-06-2005 12:32,4.99,NULL
1346,15-06-2005 12:39,585,991,15-06-2005 12:39,7.99,NULL
1347,15-06-2005 12:43,190,83,15-06-2005 12:43,2.99,NULL
1348,15-06-2005 12:45,196,450,15-06-2005 12:45,2.99,NULL
1349,15-06-2005 12:49,267,251,15-06-2005 12:49,4.99,1
1350,15-06-2005 12:50,316,927,15-06-2005 12:50,4.99,1
1351,15-06-2005 12:51,484,514,15-06-2005 12:51,3.99,1
1352,15-06-2005 12:58,276,948,15-06-2005 12:58,0.99,NULL
1353,15-06-2005 13:13,480,595,15-06-2005 13:13,0.99,0.5
1354,15-06-2005 13:13,83,285,15-06-2005 13:13,5.99,NULL
1355,15-06-2005 13:13,499,914,15-06-2005 13:13,2.99,NULL
1356,15-06-2005 13:17,212,291,15-06-2005 13:17,0.99,NULL
1357,15-06-2005 13:26,205,494,15-06-2005 13:26,4.99,NULL
1358,15-06-2005 13:28,442,440,15-06-2005 13:28,0.99,1
1359,15-06-2005 13:30,353,690,15-06-2005 13:30,2.99,NULL
1360,15-06-2005 13:32,14,893,15-06-2005 13:32,4.99,NULL
1361,15-06-2005 13:37,115,945,15-06-2005 13:37,0.99,NULL
1362,15-06-2005 13:53,98,987,15-06-2005 13:53,3.99,NULL
1363,15-06-2005 14:05,197,168,15-06-2005 14:05,0.99,1
1364,15-06-2005 14:05,400,23,15-06-2005 14:05,0.99,NULL
1365,15-06-2005 14:09,25,835,15-06-2005 14:09,2.99,NULL
1366,15-06-2005 14:21,576,921,15-06-2005 14:21,4.99,NULL
1367,15-06-2005 14:25,94,329,15-06-2005 14:25,4.99,NULL
1368,15-06-2005 14:27,222,439,15-06-2005 14:27,8.99,1
1369,15-06-2005 14:29,221,149,15-06-2005 14:29,0.99,NULL
1370,15-06-2005 14:31,396,140,15-06-2005 14:31,1.99,0.5
1371,15-06-2005 14:38,491,166,15-06-2005 14:38,4.99,0.5
1372,15-06-2005 14:45,108,818,15-06-2005 14:45,4.99,NULL
1373,15-06-2005 14:48,51,64,15-06-2005 14:48,1.99,NULL
1374,15-06-2005 14:49,120,736,15-06-2005 14:49,3.99,NULL
1375,15-06-2005 14:54,500,777,15-06-2005 14:54,5.99,NULL
1376,15-06-2005 14:59,215,929,15-06-2005 14:59,4.99,NULL
1377,15-06-2005 15:02,245,747,15-06-2005 15:02,2.99,NULL
1378,15-06-2005 15:03,253,953,15-06-2005 15:03,1.99,0.5
1379,15-06-2005 15:05,212,176,15-06-2005 15:05,0.99,NULL
1380,15-06-2005 15:13,158,741,15-06-2005 15:13,0.99,NULL
1381,15-06-2005 15:17,300,718,15-06-2005 15:17,0.99,1
1382,15-06-2005 15:18,455,688,15-06-2005 15:18,1.99,NULL
1383,15-06-2005 15:20,379,284,15-06-2005 15:20,8.99,1
1384,15-06-2005 15:22,242,922,15-06-2005 15:22,4.99,1
1385,15-06-2005 15:28,396,888,15-06-2005 15:28,4.99,0.5
1386,15-06-2005 15:38,322,286,15-06-2005 15:38,2.99,NULL
1387,15-06-2005 15:40,278,114,15-06-2005 15:40,0.99,0.5
1388,15-06-2005 15:48,500,869,15-06-2005 15:48,5.99,NULL
1389,15-06-2005 15:49,472,215,15-06-2005 15:49,4.99,1
1390,15-06-2005 16:06,254,982,15-06-2005 16:06,0.99,1
1391,15-06-2005 16:11,273,916,15-06-2005 16:11,6.99,NULL
1392,15-06-2005 16:12,460,79,15-06-2005 16:12,0.99,NULL
1393,15-06-2005 16:12,177,608,15-06-2005 16:12,2.99,NULL
1394,15-06-2005 16:17,268,615,15-06-2005 16:17,2.99,1
1395,15-06-2005 16:21,252,165,15-06-2005 16:21,5.99,NULL
1396,15-06-2005 16:22,103,226,15-06-2005 16:22,4.99,NULL
1397,15-06-2005 16:25,444,397,15-06-2005 16:25,3.99,NULL
1398,15-06-2005 16:28,527,962,15-06-2005 16:28,2.99,NULL
1399,15-06-2005 16:29,469,314,15-06-2005 16:29,0.99,NULL
1400,15-06-2005 16:29,571,51,15-06-2005 16:29,3.99,NULL
1401,15-06-2005 16:30,366,890,15-06-2005 16:30,1.99,0.5
1402,15-06-2005 16:31,381,425,15-06-2005 16:31,3.99,NULL
1403,15-06-2005 16:31,546,741,15-06-2005 16:31,0.99,1
1404,15-06-2005 16:38,375,609,15-06-2005 16:38,2.99,NULL
1405,15-06-2005 16:41,243,698,15-06-2005 16:41,5.99,NULL
1406,15-06-2005 16:44,199,685,15-06-2005 16:44,4.99,1
1407,15-06-2005 16:45,89,284,15-06-2005 16:45,7.99,NULL
1408,15-06-2005 16:57,396,582,15-06-2005 16:57,6.99,0.5
1409,15-06-2005 16:58,297,306,15-06-2005 16:58,3.99,1
1410,15-06-2005 16:59,356,176,15-06-2005 16:59,0.99,1
1411,15-06-2005 17:05,520,492,15-06-2005 17:05,0.99,1
1412,15-06-2005 17:09,166,921,15-06-2005 17:09,2.99,NULL
1413,15-06-2005 17:25,96,791,15-06-2005 17:25,7.99,NULL
1414,15-06-2005 17:26,304,872,15-06-2005 17:26,6.99,NULL
1415,15-06-2005 17:31,331,410,15-06-2005 17:31,2.99,NULL
1416,15-06-2005 17:44,167,835,15-06-2005 17:44,3.99,1
1417,15-06-2005 17:45,570,294,15-06-2005 17:45,4.99,NULL
1418,15-06-2005 17:51,591,651,15-06-2005 17:51,0.99,1
1419,15-06-2005 17:54,312,269,15-06-2005 17:54,0.99,NULL
1420,15-06-2005 17:56,255,901,15-06-2005 17:56,6.99,NULL
1421,15-06-2005 17:57,533,532,15-06-2005 17:57,5.99,1
1422,15-06-2005 18:02,1,228,15-06-2005 18:02,0.99,0.5
1423,15-06-2005 18:08,592,305,15-06-2005 18:08,5.99,NULL
1424,15-06-2005 18:08,224,197,15-06-2005 18:08,7.99,1
1425,15-06-2005 18:13,108,288,15-06-2005 18:13,2.99,NULL
1426,15-06-2005 18:16,363,964,15-06-2005 18:16,4.99,NULL
1427,15-06-2005 18:17,100,3,15-06-2005 18:17,2.99,1
1428,15-06-2005 18:19,583,807,15-06-2005 18:19,3.99,NULL
1429,15-06-2005 18:24,362,895,15-06-2005 18:24,2.99,1
1430,15-06-2005 18:24,194,748,15-06-2005 18:24,0.99,0.5
1431,15-06-2005 18:26,438,702,15-06-2005 18:26,4.99,NULL
1432,15-06-2005 18:27,339,115,15-06-2005 18:27,3.99,1
1433,15-06-2005 18:30,88,502,15-06-2005 18:30,2.99,NULL
1434,15-06-2005 18:30,544,919,15-06-2005 18:30,10.99,1
1435,15-06-2005 18:32,510,608,15-06-2005 18:32,5.99,1
1436,15-06-2005 18:35,584,205,15-06-2005 18:35,3.99,NULL
1437,15-06-2005 18:37,96,718,15-06-2005 18:37,0.99,NULL
1438,15-06-2005 18:38,82,395,15-06-2005 18:38,0.99,NULL
1439,15-06-2005 18:45,589,693,15-06-2005 18:45,4.99,NULL
1440,15-06-2005 18:53,26,641,15-06-2005 18:53,5.99,NULL
1441,15-06-2005 18:54,444,454,15-06-2005 18:54,1.99,NULL
1442,15-06-2005 18:55,122,854,15-06-2005 18:55,7.99,NULL
1443,15-06-2005 18:57,435,545,15-06-2005 18:57,0.99,1
1444,15-06-2005 19:08,539,287,15-06-2005 19:08,4.99,NULL
1445,15-06-2005 19:10,537,700,15-06-2005 19:10,2.99,NULL
1446,15-06-2005 19:13,506,433,15-06-2005 19:13,6.99,NULL
1447,15-06-2005 19:13,471,219,15-06-2005 19:13,4.99,NULL
1448,15-06-2005 19:17,246,610,15-06-2005 19:17,1.99,1
1449,15-06-2005 19:19,471,333,15-06-2005 19:19,2.99,NULL
1450,15-06-2005 19:22,268,897,15-06-2005 19:22,4.99,1
1451,15-06-2005 19:30,18,778,15-06-2005 19:30,5.99,NULL
1452,15-06-2005 19:32,243,948,15-06-2005 19:32,0.99,NULL
1453,15-06-2005 19:36,457,721,15-06-2005 19:36,4.99,NULL
1454,15-06-2005 19:49,298,21,15-06-2005 19:49,4.99,NULL
1455,15-06-2005 19:51,358,474,15-06-2005 19:51,2.99,1
1456,15-06-2005 20:00,590,137,15-06-2005 20:00,7.99,NULL
1457,15-06-2005 20:05,345,159,15-06-2005 20:05,4.99,NULL
1458,15-06-2005 20:24,178,775,15-06-2005 20:24,6.99,1
1459,15-06-2005 20:25,218,406,15-06-2005 20:25,2.99,NULL
1460,15-06-2005 20:27,565,307,15-06-2005 20:27,4.99,NULL
1461,15-06-2005 20:32,216,979,15-06-2005 20:32,6.99,1
1462,15-06-2005 20:37,187,141,15-06-2005 20:37,4.99,NULL
1463,15-06-2005 20:37,569,654,15-06-2005 20:37,6.99,1
1464,15-06-2005 20:38,387,894,15-06-2005 20:38,0.99,NULL
1465,15-06-2005 20:43,387,132,15-06-2005 20:43,0.99,NULL
1466,15-06-2005 20:46,288,235,15-06-2005 20:46,5.99,NULL
1467,15-06-2005 20:47,506,150,15-06-2005 20:47,2.99,NULL
1468,15-06-2005 20:48,230,51,15-06-2005 20:48,3.99,NULL
1469,15-06-2005 20:52,580,535,15-06-2005 20:52,0.99,NULL
1470,15-06-2005 20:53,11,880,15-06-2005 20:53,6.99,0.5
1471,15-06-2005 20:53,428,122,15-06-2005 20:53,2.99,1
1472,15-06-2005 20:54,373,920,15-06-2005 20:54,6.99,NULL
1473,15-06-2005 20:55,249,518,15-06-2005 20:55,5.99,1
1474,15-06-2005 20:55,202,35,15-06-2005 20:55,2.99,1
1475,15-06-2005 21:08,344,398,15-06-2005 21:08,4.99,NULL
1476,15-06-2005 21:08,1,308,15-06-2005 21:08,9.99,0.5
1477,15-06-2005 21:11,51,91,15-06-2005 21:11,0.99,NULL
1478,15-06-2005 21:12,336,96,15-06-2005 21:12,2.99,1
1479,15-06-2005 21:13,592,37,15-06-2005 21:13,2.99,NULL
1480,15-06-2005 21:17,27,571,15-06-2005 21:17,4.99,NULL
1481,15-06-2005 21:17,125,667,15-06-2005 21:17,2.99,NULL
1482,15-06-2005 21:18,60,867,15-06-2005 21:18,4.99,1
1483,15-06-2005 21:21,242,418,15-06-2005 21:21,4.99,1
1484,15-06-2005 21:22,320,349,15-06-2005 21:22,3.99,NULL
1485,15-06-2005 21:24,281,43,15-06-2005 21:24,5.99,1
1486,15-06-2005 21:25,62,186,15-06-2005 21:25,0.99,NULL
1487,15-06-2005 21:27,76,830,15-06-2005 21:27,0.99,NULL
1488,15-06-2005 21:39,355,241,15-06-2005 21:39,0.99,0.5
1489,15-06-2005 21:41,213,153,15-06-2005 21:41,0.99,NULL
1490,15-06-2005 21:42,123,770,15-06-2005 21:42,4.99,1
1491,15-06-2005 21:48,354,186,15-06-2005 21:48,0.99,1
1492,15-06-2005 21:48,360,901,15-06-2005 21:48,0.99,NULL
1493,15-06-2005 21:50,235,1000,15-06-2005 21:50,4.99,NULL
1494,15-06-2005 21:54,575,55,15-06-2005 21:54,2.99,NULL
1495,15-06-2005 21:54,175,401,15-06-2005 21:54,0.99,1
1496,15-06-2005 21:55,290,854,15-06-2005 21:55,4.99,NULL
1497,15-06-2005 21:56,44,649,15-06-2005 21:56,3.99,1
1498,15-06-2005 21:58,352,807,15-06-2005 21:58,0.99,NULL
1499,15-06-2005 21:58,375,35,15-06-2005 21:58,5.99,NULL
1500,15-06-2005 22:00,237,581,15-06-2005 22:00,0.99,NULL
1501,15-06-2005 22:02,148,387,15-06-2005 22:02,1.99,NULL
1502,15-06-2005 22:03,5,722,15-06-2005 22:03,3.99,NULL
1503,15-06-2005 22:07,197,166,15-06-2005 22:07,2.99,1
1504,15-06-2005 22:08,423,790,15-06-2005 22:08,3.99,0.5
1505,15-06-2005 22:12,561,649,15-06-2005 22:12,2.99,NULL
1506,15-06-2005 22:19,404,890,15-06-2005 22:19,2.99,0.5
1507,15-06-2005 22:25,172,552,15-06-2005 22:25,0.99,0.5
1508,15-06-2005 22:33,511,252,15-06-2005 22:33,2.99,1
1509,15-06-2005 22:35,167,142,15-06-2005 22:35,5.99,1
1510,15-06-2005 22:39,338,220,15-06-2005 22:39,4.99,NULL
1511,15-06-2005 22:45,330,251,15-06-2005 22:45,5.99,NULL
1512,15-06-2005 22:53,452,356,15-06-2005 22:53,5.99,NULL
1513,15-06-2005 22:53,368,260,15-06-2005 22:53,9.99,0.5
1514,15-06-2005 22:57,410,645,15-06-2005 22:57,2.99,NULL
1515,15-06-2005 23:07,115,714,15-06-2005 23:07,2.99,NULL
1516,15-06-2005 23:11,530,810,15-06-2005 23:11,0.99,NULL
1517,15-06-2005 23:20,148,815,15-06-2005 23:20,6.99,NULL
1518,15-06-2005 23:36,237,990,15-06-2005 23:36,0.99,NULL
1519,15-06-2005 23:55,155,341,15-06-2005 23:55,1.99,NULL
1520,15-06-2005 23:57,341,749,15-06-2005 23:57,7.99,NULL
1521,15-06-2005 23:58,149,937,15-06-2005 23:58,2.99,NULL
1522,16-06-2005 00:17,133,53,16-06-2005 00:17,3.99,NULL
1523,16-06-2005 00:18,349,149,16-06-2005 00:18,0.99,NULL
1524,16-06-2005 00:25,177,754,16-06-2005 00:25,2.99,NULL
1525,16-06-2005 00:26,304,321,16-06-2005 00:26,4.99,NULL
1526,16-06-2005 00:27,499,422,16-06-2005 00:27,4.99,NULL
1527,16-06-2005 00:31,188,67,16-06-2005 00:31,2.99,NULL
1528,16-06-2005 00:32,110,936,16-06-2005 00:32,8.99,1
1529,16-06-2005 00:37,362,368,16-06-2005 00:37,2.99,1
1530,16-06-2005 00:38,392,528,16-06-2005 00:38,6.99,NULL
1531,16-06-2005 00:40,515,304,16-06-2005 00:40,5.99,NULL
1532,16-06-2005 00:41,290,830,16-06-2005 00:41,0.99,NULL
1533,16-06-2005 00:46,116,535,16-06-2005 00:46,0.99,NULL
1534,16-06-2005 00:49,42,687,16-06-2005 00:49,0.99,NULL
1535,16-06-2005 00:52,202,244,16-06-2005 00:52,4.99,1
1536,16-06-2005 00:52,339,715,16-06-2005 00:52,4.99,1
1537,16-06-2005 00:52,594,1000,16-06-2005 00:52,5.99,1
1538,16-06-2005 01:05,430,154,16-06-2005 01:05,2.99,1
1539,16-06-2005 01:11,390,59,16-06-2005 01:11,5.99,NULL
1540,16-06-2005 01:14,586,595,16-06-2005 01:14,0.99,NULL
1541,16-06-2005 01:15,189,416,16-06-2005 01:15,0.99,NULL
1542,16-06-2005 01:20,182,374,16-06-2005 01:20,3.99,NULL
1543,16-06-2005 01:24,28,265,16-06-2005 01:24,4.99,1
1544,16-06-2005 01:28,43,60,16-06-2005 01:28,4.99,NULL
1545,16-06-2005 01:31,563,166,16-06-2005 01:31,4.99,NULL
1546,16-06-2005 01:34,3,854,16-06-2005 01:34,8.99,NULL
1547,16-06-2005 01:42,343,639,16-06-2005 01:42,4.99,NULL
1548,16-06-2005 01:43,374,454,16-06-2005 01:43,1.99,1
1549,16-06-2005 01:57,69,59,16-06-2005 01:57,2.99,NULL
1550,16-06-2005 01:58,345,436,16-06-2005 01:58,0.99,NULL
1551,16-06-2005 02:01,268,891,16-06-2005 02:01,3.99,1
1552,16-06-2005 02:01,518,179,16-06-2005 02:01,5.99,0.5
1553,16-06-2005 02:02,416,877,16-06-2005 02:02,0.99,NULL
1554,16-06-2005 02:16,155,156,16-06-2005 02:16,7.99,NULL
1555,16-06-2005 02:17,256,906,16-06-2005 02:17,2.99,NULL
1556,16-06-2005 02:19,54,117,16-06-2005 02:19,4.99,0.5
1557,16-06-2005 02:28,439,574,16-06-2005 02:28,0.99,NULL
1558,16-06-2005 02:33,20,948,16-06-2005 02:33,0.99,NULL
1559,16-06-2005 02:35,574,157,16-06-2005 02:35,0.99,0.5
1560,16-06-2005 02:36,239,748,16-06-2005 02:36,4.99,NULL
1561,16-06-2005 02:41,431,489,16-06-2005 02:41,2.99,NULL
1562,16-06-2005 02:46,395,130,16-06-2005 02:46,0.99,NULL
1563,16-06-2005 02:46,262,331,16-06-2005 02:46,2.99,NULL
1564,16-06-2005 02:47,343,30,16-06-2005 02:47,6.99,NULL
1565,16-06-2005 03:13,506,840,16-06-2005 03:13,0.99,NULL
1566,16-06-2005 03:13,174,706,16-06-2005 03:13,7.99,NULL
1567,16-06-2005 03:13,320,681,16-06-2005 03:13,1.99,NULL
1568,16-06-2005 03:14,178,138,16-06-2005 03:14,2.99,1
1569,16-06-2005 03:19,363,856,16-06-2005 03:19,4.99,NULL
1570,16-06-2005 03:21,82,812,16-06-2005 03:21,0.99,NULL
1571,16-06-2005 03:22,54,228,16-06-2005 03:22,2.99,0.5
1572,16-06-2005 03:23,560,910,16-06-2005 03:23,1.99,NULL
1573,16-06-2005 03:31,371,990,16-06-2005 03:31,6.99,NULL
1574,16-06-2005 03:39,305,35,16-06-2005 03:39,4.99,NULL
1575,16-06-2005 03:41,6,730,16-06-2005 03:41,3.99,NULL
1576,16-06-2005 03:54,442,227,16-06-2005 03:54,8.99,1
1577,16-06-2005 04:03,327,80,16-06-2005 04:03,3.99,0.5
1578,16-06-2005 04:08,365,745,16-06-2005 04:08,6.99,0.5
1579,16-06-2005 04:09,35,34,16-06-2005 04:09,0.99,NULL
1580,16-06-2005 04:12,87,543,16-06-2005 04:12,4.99,NULL
1581,16-06-2005 04:28,109,872,16-06-2005 04:28,2.99,NULL
1582,16-06-2005 04:31,536,35,16-06-2005 04:31,4.99,NULL
1583,16-06-2005 04:44,37,60,16-06-2005 04:44,4.99,1
1584,16-06-2005 04:50,434,775,16-06-2005 04:50,5.99,NULL
1585,16-06-2005 04:51,386,373,16-06-2005 04:51,3.99,NULL
1586,16-06-2005 04:51,140,167,16-06-2005 04:51,4.99,NULL
1587,16-06-2005 04:52,62,387,16-06-2005 04:52,0.99,NULL
1588,16-06-2005 04:53,322,977,16-06-2005 04:53,8.99,NULL
1589,16-06-2005 04:58,293,938,16-06-2005 04:58,9.99,NULL
1590,16-06-2005 05:11,98,806,16-06-2005 05:11,5.99,NULL
1591,16-06-2005 05:12,83,360,16-06-2005 05:12,5.99,NULL
1592,16-06-2005 05:14,187,832,16-06-2005 05:14,0.99,NULL
1593,16-06-2005 05:14,111,167,16-06-2005 05:14,6.99,NULL
1594,16-06-2005 05:15,470,844,16-06-2005 05:15,7.99,NULL
1595,16-06-2005 05:23,244,324,16-06-2005 05:23,5.99,NULL
1596,16-06-2005 05:30,416,559,16-06-2005 05:30,2.99,NULL
1597,16-06-2005 05:47,432,162,16-06-2005 05:47,2.99,NULL
1598,16-06-2005 06:02,314,907,16-06-2005 06:02,3.99,1
1599,16-06-2005 06:03,215,323,16-06-2005 06:03,4.99,NULL
1600,16-06-2005 06:04,196,489,16-06-2005 06:04,0.99,NULL
1601,16-06-2005 06:11,428,684,16-06-2005 06:11,3.99,1
1602,16-06-2005 06:12,441,385,16-06-2005 06:12,4.99,NULL
1603,16-06-2005 06:14,395,728,16-06-2005 06:14,0.99,NULL
1604,16-06-2005 06:14,272,708,16-06-2005 06:14,4.99,1
1605,16-06-2005 06:17,197,129,16-06-2005 06:17,8.99,1
1606,16-06-2005 06:18,253,934,16-06-2005 06:18,6.99,0.5
1607,16-06-2005 06:25,513,724,16-06-2005 06:25,2.99,NULL
1608,16-06-2005 06:28,386,566,16-06-2005 06:28,2.99,NULL
1609,16-06-2005 06:34,174,493,16-06-2005 06:34,0.99,NULL
1610,16-06-2005 06:36,534,776,16-06-2005 06:36,4.99,1
1611,16-06-2005 06:41,393,378,16-06-2005 06:41,6.99,1
1612,16-06-2005 06:52,355,664,16-06-2005 06:52,2.99,0.5
1613,16-06-2005 06:55,573,975,16-06-2005 06:55,4.99,NULL
1614,16-06-2005 06:58,489,5,16-06-2005 06:58,3.99,0.5
1615,16-06-2005 07:00,362,850,16-06-2005 07:00,2.99,1
1616,16-06-2005 07:04,204,500,16-06-2005 07:04,7.99,0.5
1617,16-06-2005 07:06,83,303,16-06-2005 07:06,3.99,NULL
1618,16-06-2005 07:08,134,818,16-06-2005 07:08,9.99,0.5
1619,16-06-2005 07:14,232,925,16-06-2005 07:14,0.99,NULL
1620,16-06-2005 07:21,561,86,16-06-2005 07:21,4.99,NULL
1621,16-06-2005 07:24,177,804,16-06-2005 07:24,4.99,NULL
1622,16-06-2005 07:33,311,385,16-06-2005 07:33,4.99,1
1623,16-06-2005 07:48,378,980,16-06-2005 07:48,4.99,1
1624,16-06-2005 07:48,314,237,16-06-2005 07:48,2.99,1
1625,16-06-2005 07:49,39,738,16-06-2005 07:49,5.99,1
1626,16-06-2005 07:49,260,152,16-06-2005 07:49,3.99,1
1627,16-06-2005 07:51,468,898,16-06-2005 07:51,8.99,1
1628,16-06-2005 07:52,427,191,16-06-2005 07:52,3.99,1
1629,16-06-2005 07:53,339,956,16-06-2005 07:53,4.99,1
1630,16-06-2005 07:55,130,526,16-06-2005 07:55,2.99,1
1631,16-06-2005 08:01,5,539,16-06-2005 08:01,2.99,NULL
1632,16-06-2005 08:03,319,331,16-06-2005 08:03,2.99,NULL
1633,16-06-2005 08:08,4,63,16-06-2005 08:08,0.99,NULL
1634,16-06-2005 08:16,121,869,16-06-2005 08:16,2.99,1
1635,16-06-2005 08:26,566,264,16-06-2005 08:26,5.99,0.5
1636,16-06-2005 08:28,574,445,16-06-2005 08:28,5.99,0.5
1637,16-06-2005 08:29,212,201,16-06-2005 08:29,2.99,NULL
1638,16-06-2005 08:32,181,415,16-06-2005 08:32,2.99,NULL
1639,16-06-2005 08:33,450,39,16-06-2005 08:33,4.99,NULL
1640,16-06-2005 08:35,86,98,16-06-2005 08:35,4.99,NULL
1641,16-06-2005 08:46,259,643,16-06-2005 08:46,7.99,1
1642,16-06-2005 08:54,287,847,16-06-2005 08:54,2.99,1
1643,16-06-2005 08:55,484,298,16-06-2005 08:55,3.99,1
1644,16-06-2005 08:58,596,164,16-06-2005 08:58,1.99,NULL
1645,16-06-2005 09:10,234,970,16-06-2005 09:10,0.99,NULL
1646,16-06-2005 09:12,131,879,16-06-2005 09:12,9.99,NULL
1647,16-06-2005 09:14,454,421,16-06-2005 09:14,4.99,NULL
1648,16-06-2005 09:17,427,101,16-06-2005 09:17,5.99,1
1649,16-06-2005 09:20,352,86,16-06-2005 09:20,4.99,NULL
1650,16-06-2005 09:23,299,897,16-06-2005 09:23,8.99,0.5
1651,16-06-2005 09:24,524,971,16-06-2005 09:24,4.99,NULL
1652,16-06-2005 09:31,533,748,16-06-2005 09:31,0.99,1
1653,16-06-2005 09:34,517,499,16-06-2005 09:34,4.99,NULL
1654,16-06-2005 09:42,348,232,16-06-2005 09:42,2.99,NULL
1655,16-06-2005 09:51,488,807,16-06-2005 09:51,3.99,NULL
1656,16-06-2005 10:05,31,487,16-06-2005 10:05,4.99,1
1657,16-06-2005 10:06,209,212,16-06-2005 10:06,4.99,1
1658,16-06-2005 10:07,568,61,16-06-2005 10:07,4.99,NULL
1659,16-06-2005 10:11,296,263,16-06-2005 10:11,4.99,1
1660,16-06-2005 10:12,238,518,16-06-2005 10:12,4.99,1
1661,16-06-2005 10:12,508,525,16-06-2005 10:12,4.99,1
1662,16-06-2005 10:13,378,776,16-06-2005 10:13,5.99,1
1663,16-06-2005 10:14,186,341,16-06-2005 10:14,2.99,1
1664,16-06-2005 10:15,216,538,16-06-2005 10:15,0.99,1
1665,16-06-2005 10:16,490,573,16-06-2005 10:16,3.99,NULL
1666,16-06-2005 10:17,557,875,16-06-2005 10:17,0.99,NULL
1667,16-06-2005 10:18,333,514,16-06-2005 10:18,2.99,NULL
1668,16-06-2005 10:19,569,544,16-06-2005 10:19,5.99,1
1669,16-06-2005 10:20,73,79,16-06-2005 10:20,0.99,NULL
1670,16-06-2005 10:26,328,448,16-06-2005 10:26,2.99,NULL
1671,16-06-2005 10:30,135,833,16-06-2005 10:30,1.99,1
1672,16-06-2005 10:37,216,914,16-06-2005 10:37,3.99,1
1673,16-06-2005 10:40,534,201,16-06-2005 10:40,2.99,1
1674,16-06-2005 10:57,234,788,16-06-2005 10:57,2.99,NULL
1675,16-06-2005 11:04,371,668,16-06-2005 11:04,5.99,NULL
1676,16-06-2005 11:06,171,206,16-06-2005 11:06,0.99,NULL
1677,16-06-2005 11:07,191,54,16-06-2005 11:07,2.99,1
1678,16-06-2005 11:08,352,403,16-06-2005 11:08,4.99,NULL
1679,16-06-2005 11:11,227,863,16-06-2005 11:11,2.99,NULL
1680,16-06-2005 11:17,469,971,16-06-2005 11:17,9.99,NULL
1681,16-06-2005 11:38,255,116,16-06-2005 11:38,2.99,NULL
1682,16-06-2005 11:54,476,468,16-06-2005 11:54,3.99,NULL
1683,16-06-2005 11:54,494,514,16-06-2005 11:54,2.99,NULL
1684,16-06-2005 11:57,485,175,16-06-2005 11:57,2.99,1
1685,16-06-2005 12:06,85,604,16-06-2005 12:06,1.99,NULL
1686,16-06-2005 12:08,529,849,16-06-2005 12:08,0.99,1
1687,16-06-2005 12:09,140,806,16-06-2005 12:09,2.99,NULL
1688,16-06-2005 12:11,49,85,16-06-2005 12:11,0.99,NULL
1689,16-06-2005 12:18,48,879,16-06-2005 12:18,9.99,1
1690,16-06-2005 12:24,286,244,16-06-2005 12:24,8.99,NULL
1691,16-06-2005 12:24,492,970,16-06-2005 12:24,1.99,1
1692,16-06-2005 12:30,514,775,16-06-2005 12:30,4.99,1
1693,16-06-2005 12:39,421,521,16-06-2005 12:39,4.99,1
1694,16-06-2005 12:40,532,31,16-06-2005 12:40,4.99,1
1695,16-06-2005 12:40,159,970,16-06-2005 12:40,0.99,NULL
1696,16-06-2005 12:50,502,857,16-06-2005 12:50,7.99,1
1697,16-06-2005 12:55,340,391,16-06-2005 12:55,3.99,1
1698,16-06-2005 13:04,407,322,16-06-2005 13:04,2.99,NULL
1699,16-06-2005 13:05,27,984,16-06-2005 13:05,2.99,NULL
1700,16-06-2005 13:18,456,924,16-06-2005 13:18,0.99,NULL
1701,16-06-2005 13:18,315,658,16-06-2005 13:18,2.99,NULL
1702,16-06-2005 13:21,242,396,16-06-2005 13:21,4.99,1
1703,16-06-2005 13:28,589,510,16-06-2005 13:28,4.99,NULL
1704,16-06-2005 13:45,488,967,16-06-2005 13:45,5.99,NULL
1705,16-06-2005 13:59,564,24,16-06-2005 13:59,2.99,1
1706,16-06-2005 14:01,26,645,16-06-2005 14:01,4.99,NULL
1707,16-06-2005 14:01,4,42,16-06-2005 14:01,2.99,NULL
1708,16-06-2005 14:08,478,488,16-06-2005 14:08,0.99,NULL
1709,16-06-2005 14:10,426,767,16-06-2005 14:10,6.99,1
1710,16-06-2005 14:11,77,30,16-06-2005 14:11,4.99,1
1711,16-06-2005 14:11,347,61,16-06-2005 14:11,8.99,NULL
1712,16-06-2005 14:25,535,300,16-06-2005 14:25,4.99,NULL
1713,16-06-2005 14:28,164,565,16-06-2005 14:28,4.99,0.5
1714,16-06-2005 14:29,477,117,16-06-2005 14:29,6.99,NULL
1715,16-06-2005 14:37,203,349,16-06-2005 14:37,2.99,NULL
1716,16-06-2005 14:39,24,4,16-06-2005 14:39,2.99,NULL
1717,16-06-2005 14:47,277,660,16-06-2005 14:47,2.99,NULL
1718,16-06-2005 14:52,516,65,16-06-2005 14:52,10.99,NULL
1719,16-06-2005 14:55,582,592,16-06-2005 14:55,2.99,NULL
1720,16-06-2005 15:00,543,767,16-06-2005 15:00,4.99,NULL
1721,16-06-2005 15:01,485,771,16-06-2005 15:01,8.99,1
1722,16-06-2005 15:12,364,463,16-06-2005 15:12,2.99,NULL
1723,16-06-2005 15:14,259,527,16-06-2005 15:14,7.99,1
1724,16-06-2005 15:15,146,12,16-06-2005 15:15,1.99,NULL
1725,16-06-2005 15:18,1,159,16-06-2005 15:18,4.99,0.5
1726,16-06-2005 15:19,3,23,16-06-2005 15:19,6.99,NULL
1727,16-06-2005 15:21,457,647,16-06-2005 15:21,0.99,NULL
1728,16-06-2005 15:29,59,301,16-06-2005 15:29,3.99,1
1729,16-06-2005 15:29,523,738,16-06-2005 15:29,6.99,1
1730,16-06-2005 15:30,390,302,16-06-2005 15:30,2.99,NULL
1731,16-06-2005 15:32,344,809,16-06-2005 15:32,0.99,NULL
1732,16-06-2005 15:34,129,496,16-06-2005 15:34,0.99,1
1733,16-06-2005 15:37,480,118,16-06-2005 15:37,0.99,0.5
1734,16-06-2005 15:49,94,247,16-06-2005 15:49,3.99,NULL
1735,16-06-2005 15:51,4,19,16-06-2005 15:51,0.99,NULL
1736,16-06-2005 15:52,139,825,16-06-2005 15:52,2.99,NULL
1737,16-06-2005 15:59,467,878,16-06-2005 15:59,8.99,NULL
1738,16-06-2005 16:07,177,717,16-06-2005 16:07,0.99,NULL
1739,16-06-2005 16:09,450,560,16-06-2005 16:09,0.99,NULL
1740,16-06-2005 16:29,324,494,16-06-2005 16:29,0.99,1
1741,16-06-2005 16:31,176,814,16-06-2005 16:31,7.99,NULL
1742,16-06-2005 16:37,576,609,16-06-2005 16:37,2.99,NULL
1743,16-06-2005 16:38,258,609,16-06-2005 16:38,2.99,NULL
1744,16-06-2005 16:39,230,676,16-06-2005 16:39,4.99,NULL
1745,16-06-2005 16:41,178,617,16-06-2005 16:41,3.99,1
1746,16-06-2005 16:41,385,930,16-06-2005 16:41,2.99,0.5
1747,16-06-2005 16:53,273,363,16-06-2005 16:53,6.99,NULL
1748,16-06-2005 16:54,473,531,16-06-2005 16:54,0.99,NULL
1749,16-06-2005 16:56,283,341,16-06-2005 16:56,0.99,1
1750,16-06-2005 16:57,321,245,16-06-2005 16:57,5.99,NULL
1751,16-06-2005 17:00,123,27,16-06-2005 17:00,0.99,1
1752,16-06-2005 17:02,12,772,16-06-2005 17:02,5.99,1
1753,16-06-2005 17:08,249,835,16-06-2005 17:08,2.99,1
1754,16-06-2005 17:13,25,893,16-06-2005 17:13,6.99,NULL
1755,16-06-2005 17:18,117,375,16-06-2005 17:18,2.99,1
1756,16-06-2005 17:22,571,307,16-06-2005 17:22,4.99,NULL
1757,16-06-2005 17:32,510,981,16-06-2005 17:32,0.99,1
1758,16-06-2005 17:39,474,582,16-06-2005 17:39,8.99,NULL
1759,16-06-2005 17:46,430,307,16-06-2005 17:46,6.99,1
1760,16-06-2005 17:48,261,857,16-06-2005 17:48,2.99,NULL
1761,16-06-2005 17:49,521,345,16-06-2005 17:49,0.99,1
1762,16-06-2005 17:50,116,670,16-06-2005 17:50,4.99,NULL
1763,16-06-2005 17:51,389,422,16-06-2005 17:51,4.99,1
1764,16-06-2005 17:51,392,154,16-06-2005 17:51,2.99,NULL
1765,16-06-2005 17:56,273,179,16-06-2005 17:56,4.99,NULL
1766,16-06-2005 17:59,118,444,16-06-2005 17:59,4.99,NULL
1767,16-06-2005 18:01,205,257,16-06-2005 18:01,0.99,NULL
1768,16-06-2005 18:02,131,461,16-06-2005 18:02,4.99,NULL
1769,16-06-2005 18:07,397,272,16-06-2005 18:07,5.99,1
1770,16-06-2005 18:07,359,367,16-06-2005 18:07,1.99,NULL
1771,16-06-2005 18:12,416,383,16-06-2005 18:12,0.99,NULL
1772,16-06-2005 18:12,525,281,16-06-2005 18:12,2.99,NULL
1773,16-06-2005 18:13,462,961,16-06-2005 18:13,5.99,1
1774,16-06-2005 18:27,442,672,16-06-2005 18:27,2.99,1
1775,16-06-2005 18:28,123,417,16-06-2005 18:28,4.99,1
1776,16-06-2005 18:46,472,307,16-06-2005 18:46,6.99,1
1777,16-06-2005 18:52,49,731,16-06-2005 18:52,6.99,NULL
1778,16-06-2005 18:54,341,552,16-06-2005 18:54,1.99,NULL
1779,16-06-2005 18:55,438,233,16-06-2005 18:55,0.99,NULL
1780,16-06-2005 19:11,352,31,16-06-2005 19:11,4.99,NULL
1781,16-06-2005 19:20,429,623,16-06-2005 19:20,5.99,0.5
1782,16-06-2005 19:21,498,395,16-06-2005 19:21,2.99,NULL
1783,16-06-2005 19:23,18,10,16-06-2005 19:23,4.99,NULL
1784,16-06-2005 19:25,134,830,16-06-2005 19:25,0.99,0.5
1785,16-06-2005 19:27,50,748,16-06-2005 19:27,4.99,NULL
1786,16-06-2005 19:30,323,58,16-06-2005 19:30,2.99,NULL
1787,16-06-2005 19:30,546,837,16-06-2005 19:30,3.99,1
1788,16-06-2005 19:47,357,831,16-06-2005 19:47,1.99,NULL
1789,16-06-2005 19:49,105,927,16-06-2005 19:49,3.99,NULL
1790,16-06-2005 19:58,158,239,16-06-2005 19:58,4.99,NULL
1791,16-06-2005 20:04,76,68,16-06-2005 20:04,6.99,NULL
1792,16-06-2005 20:04,351,832,16-06-2005 20:04,5.99,1
1793,16-06-2005 20:07,230,949,16-06-2005 20:07,0.99,NULL
1794,16-06-2005 20:08,452,111,16-06-2005 20:08,3.99,NULL
1795,16-06-2005 20:09,56,117,16-06-2005 20:09,6.99,NULL
1796,16-06-2005 20:10,283,709,16-06-2005 20:10,2.99,1
1797,16-06-2005 20:13,275,753,16-06-2005 20:13,3.99,NULL
1798,16-06-2005 20:16,429,361,16-06-2005 20:16,2.99,0.5
1799,16-06-2005 20:17,505,624,16-06-2005 20:17,5.99,NULL
1800,16-06-2005 20:18,149,447,16-06-2005 20:18,2.99,NULL
1801,16-06-2005 20:21,10,227,16-06-2005 20:21,4.99,0.5
1802,16-06-2005 20:23,455,907,16-06-2005 20:23,1.99,NULL
1803,16-06-2005 20:32,127,828,16-06-2005 20:32,2.99,1
1804,16-06-2005 20:33,570,254,16-06-2005 20:33,2.99,NULL
1805,16-06-2005 20:36,208,863,16-06-2005 20:36,0.99,1
1806,16-06-2005 20:41,45,446,16-06-2005 20:41,4.99,NULL
1807,16-06-2005 20:58,338,260,16-06-2005 20:58,5.99,NULL
1808,16-06-2005 20:59,466,529,16-06-2005 20:59,7.99,1
1809,16-06-2005 21:00,517,239,16-06-2005 21:00,8.99,NULL
1810,16-06-2005 21:06,7,516,16-06-2005 21:06,0.99,NULL
1811,16-06-2005 21:06,235,810,16-06-2005 21:06,0.99,NULL
1812,16-06-2005 21:08,37,164,16-06-2005 21:08,1.99,1
1813,16-06-2005 21:11,259,273,16-06-2005 21:11,2.99,1
1814,16-06-2005 21:15,144,8,16-06-2005 21:15,5.99,NULL
1815,16-06-2005 21:16,84,341,16-06-2005 21:16,0.99,NULL
1816,16-06-2005 21:20,594,627,16-06-2005 21:20,4.99,1
1817,16-06-2005 21:20,574,299,16-06-2005 21:20,0.99,0.5
1818,16-06-2005 21:30,63,270,16-06-2005 21:30,0.99,NULL
1819,16-06-2005 21:32,386,368,16-06-2005 21:32,5.99,NULL
1820,16-06-2005 21:34,120,804,16-06-2005 21:34,4.99,NULL
1821,16-06-2005 21:42,468,705,16-06-2005 21:42,2.99,1
1822,16-06-2005 21:43,86,147,16-06-2005 21:43,0.99,NULL
1823,16-06-2005 21:48,448,846,16-06-2005 21:48,7.99,NULL
1824,16-06-2005 21:51,575,490,16-06-2005 21:51,2.99,NULL
1825,16-06-2005 21:53,55,638,16-06-2005 21:53,2.99,1
1826,16-06-2005 21:53,578,92,16-06-2005 21:53,6.99,NULL
1827,16-06-2005 21:54,423,833,16-06-2005 21:54,0.99,0.5
1828,16-06-2005 22:04,68,71,16-06-2005 22:04,5.99,1
1829,16-06-2005 22:14,293,134,16-06-2005 22:14,5.99,NULL
1830,16-06-2005 22:18,499,873,16-06-2005 22:18,4.99,NULL
1831,16-06-2005 22:22,383,572,16-06-2005 22:22,7.99,NULL
1832,16-06-2005 22:35,220,111,16-06-2005 22:35,0.99,NULL
1833,16-06-2005 22:45,121,295,16-06-2005 22:45,1.99,1
1834,16-06-2005 22:49,189,875,16-06-2005 22:49,0.99,NULL
1835,16-06-2005 23:05,112,324,16-06-2005 23:05,4.99,NULL
1836,16-06-2005 23:13,176,603,16-06-2005 23:13,6.99,NULL
1837,16-06-2005 23:16,309,279,16-06-2005 23:16,4.99,NULL
1838,16-06-2005 23:20,31,114,16-06-2005 23:20,1.99,1
1839,16-06-2005 23:22,223,603,16-06-2005 23:22,5.99,NULL
1840,16-06-2005 23:39,404,75,16-06-2005 23:39,4.99,0.5
1841,16-06-2005 23:44,6,514,16-06-2005 23:44,2.99,NULL
1842,16-06-2005 23:45,426,322,16-06-2005 23:45,7.99,1
1843,16-06-2005 23:53,132,595,16-06-2005 23:53,0.99,NULL
1844,16-06-2005 23:53,454,501,16-06-2005 23:53,7.99,NULL
1845,16-06-2005 23:56,215,745,16-06-2005 23:56,4.99,NULL
1846,17-06-2005 00:02,422,376,17-06-2005 00:02,0.99,1
1847,17-06-2005 00:05,363,265,17-06-2005 00:05,4.99,NULL
1848,17-06-2005 00:07,526,832,17-06-2005 00:07,0.99,NULL
1849,17-06-2005 00:13,341,551,17-06-2005 00:13,7.99,NULL
1850,17-06-2005 00:31,517,166,17-06-2005 00:31,4.99,NULL
1851,17-06-2005 00:32,451,249,17-06-2005 00:32,0.99,NULL
1852,17-06-2005 00:38,271,896,17-06-2005 00:38,2.99,1
1853,17-06-2005 00:39,301,647,17-06-2005 00:39,0.99,1
1854,17-06-2005 00:43,37,23,17-06-2005 00:43,3.99,1
1855,17-06-2005 00:54,492,973,17-06-2005 00:54,4.99,1
1856,17-06-2005 01:02,161,665,17-06-2005 01:02,2.99,NULL
1857,17-06-2005 01:12,427,925,17-06-2005 01:12,1.99,1
1858,17-06-2005 01:13,99,703,17-06-2005 01:13,4.99,NULL
1859,17-06-2005 01:13,533,746,17-06-2005 01:13,0.99,1
1860,17-06-2005 01:17,293,403,17-06-2005 01:17,4.99,NULL
1861,17-06-2005 01:17,454,27,17-06-2005 01:17,1.99,NULL
1862,17-06-2005 01:29,553,726,17-06-2005 01:29,3.99,NULL
1863,17-06-2005 01:31,550,976,17-06-2005 01:31,3.99,1
1864,17-06-2005 01:39,130,394,17-06-2005 01:39,2.99,1
1865,17-06-2005 01:49,526,583,17-06-2005 01:49,7.99,NULL
1866,17-06-2005 01:53,575,565,17-06-2005 01:53,4.99,NULL
1867,17-06-2005 02:01,415,773,17-06-2005 02:01,4.99,NULL
1868,17-06-2005 02:03,380,526,17-06-2005 02:03,3.99,NULL
1869,17-06-2005 02:08,351,191,17-06-2005 02:08,0.99,1
1870,17-06-2005 02:24,191,199,17-06-2005 02:24,2.99,1
1871,17-06-2005 02:25,204,106,17-06-2005 02:25,4.99,0.5
1872,17-06-2005 02:27,206,786,17-06-2005 02:27,0.99,1
1873,17-06-2005 02:38,71,644,17-06-2005 02:38,2.99,NULL
1874,17-06-2005 02:39,30,849,17-06-2005 02:39,1.99,NULL
1875,17-06-2005 02:45,528,361,17-06-2005 02:45,2.99,NULL
1876,17-06-2005 02:50,459,85,17-06-2005 02:50,0.99,0.5
1877,17-06-2005 02:54,261,746,17-06-2005 02:54,5.99,NULL
1878,17-06-2005 02:55,381,730,17-06-2005 02:55,1.99,NULL
1879,17-06-2005 02:57,343,868,17-06-2005 02:57,0.99,NULL
1880,17-06-2005 03:08,289,251,17-06-2005 03:08,4.99,NULL
1881,17-06-2005 03:09,134,34,17-06-2005 03:09,0.99,0.5
1882,17-06-2005 03:17,47,307,17-06-2005 03:17,4.99,1
1883,17-06-2005 03:18,550,767,17-06-2005 03:18,4.99,1
1884,17-06-2005 03:19,305,998,17-06-2005 03:19,0.99,NULL
1885,17-06-2005 03:35,588,162,17-06-2005 03:35,2.99,1
1886,17-06-2005 03:36,505,515,17-06-2005 03:36,4.99,NULL
1887,17-06-2005 03:53,32,785,17-06-2005 03:53,6.99,1
1888,17-06-2005 03:58,405,629,17-06-2005 03:58,0.99,NULL
1889,17-06-2005 04:05,572,853,17-06-2005 04:05,10.99,NULL
1890,17-06-2005 04:06,447,382,17-06-2005 04:06,2.99,1
1891,17-06-2005 04:16,109,782,17-06-2005 04:16,3.99,NULL
1892,17-06-2005 04:17,319,28,17-06-2005 04:17,4.99,NULL
1893,17-06-2005 04:18,390,735,17-06-2005 04:18,2.99,NULL
1894,17-06-2005 04:18,204,811,17-06-2005 04:18,7.99,0.5
1895,17-06-2005 04:25,30,149,17-06-2005 04:25,2.99,NULL
1896,17-06-2005 04:25,270,450,17-06-2005 04:25,6.99,NULL
1897,17-06-2005 04:26,422,900,17-06-2005 04:26,4.99,1
1898,17-06-2005 04:28,143,630,17-06-2005 04:28,1.99,0.5
1899,17-06-2005 04:29,200,189,17-06-2005 04:29,6.99,NULL
1900,17-06-2005 04:29,34,312,17-06-2005 04:29,4.99,0.5
1901,17-06-2005 04:35,292,540,17-06-2005 04:35,3.99,NULL
1902,17-06-2005 04:35,479,638,17-06-2005 04:35,2.99,NULL
1903,17-06-2005 04:37,588,421,17-06-2005 04:37,6.99,1
1904,17-06-2005 04:45,87,542,17-06-2005 04:45,2.99,NULL
1905,17-06-2005 04:51,39,233,17-06-2005 04:51,4.99,1
1906,17-06-2005 04:53,455,234,17-06-2005 04:53,2.99,NULL
1907,17-06-2005 05:08,66,220,17-06-2005 05:08,2.99,NULL
1908,17-06-2005 05:10,358,89,17-06-2005 05:10,0.99,1
1909,17-06-2005 05:11,269,571,17-06-2005 05:11,2.99,NULL
1910,17-06-2005 05:11,199,852,17-06-2005 05:11,2.99,1
1911,17-06-2005 05:15,3,202,17-06-2005 05:15,6.99,NULL
1912,17-06-2005 05:18,538,898,17-06-2005 05:18,4.99,1
1913,17-06-2005 05:19,116,396,17-06-2005 05:19,4.99,NULL
1914,17-06-2005 05:25,450,747,17-06-2005 05:25,2.99,NULL
1915,17-06-2005 05:28,393,574,17-06-2005 05:28,1.99,1
1916,17-06-2005 05:29,429,968,17-06-2005 05:29,7.99,0.5
1917,17-06-2005 05:36,400,586,17-06-2005 05:36,3.99,NULL
1918,17-06-2005 05:40,310,820,17-06-2005 05:40,3.99,1
1919,17-06-2005 05:40,197,844,17-06-2005 05:40,4.99,1
1920,17-06-2005 06:00,75,476,17-06-2005 06:00,4.99,NULL
1921,17-06-2005 06:04,417,953,17-06-2005 06:04,3.99,NULL
1922,17-06-2005 06:04,343,545,17-06-2005 06:04,0.99,NULL
1923,17-06-2005 06:06,400,151,17-06-2005 06:06,6.99,NULL
1924,17-06-2005 06:13,86,564,17-06-2005 06:13,2.99,NULL
1925,17-06-2005 06:16,510,870,17-06-2005 06:16,0.99,1
1926,17-06-2005 06:24,462,768,17-06-2005 06:24,9.99,1
1927,17-06-2005 06:48,188,727,17-06-2005 06:48,0.99,NULL
1928,17-06-2005 06:48,353,757,17-06-2005 06:48,7.99,NULL
1929,17-06-2005 06:49,327,124,17-06-2005 06:49,6.99,0.5
1930,17-06-2005 06:50,112,16,17-06-2005 06:50,2.99,NULL
1931,17-06-2005 06:51,391,309,17-06-2005 06:51,0.99,0.5
1932,17-06-2005 06:54,120,698,17-06-2005 06:54,2.99,NULL
1933,17-06-2005 06:54,13,218,17-06-2005 06:54,2.99,0.5
1934,17-06-2005 07:04,16,871,17-06-2005 07:04,6.99,NULL
1935,17-06-2005 07:14,295,428,17-06-2005 07:14,2.99,1
1936,17-06-2005 07:15,213,666,17-06-2005 07:15,4.99,NULL
1937,17-06-2005 07:16,385,281,17-06-2005 07:16,0.99,0.5
1938,17-06-2005 07:18,454,123,17-06-2005 07:18,4.99,NULL
1939,17-06-2005 07:26,11,131,17-06-2005 07:26,7.99,0.5
1940,17-06-2005 07:42,451,21,17-06-2005 07:42,6.99,NULL
1941,17-06-2005 07:42,519,236,17-06-2005 07:42,2.99,0.5
1942,17-06-2005 07:43,143,58,17-06-2005 07:43,4.99,0.5
1943,17-06-2005 07:49,144,942,17-06-2005 07:49,0.99,NULL
1944,17-06-2005 07:50,16,71,17-06-2005 07:50,7.99,NULL
1945,17-06-2005 07:51,207,738,17-06-2005 07:51,3.99,NULL
1946,17-06-2005 07:58,389,507,17-06-2005 07:58,4.99,1
1947,17-06-2005 08:02,479,735,17-06-2005 08:02,3.99,NULL
1948,17-06-2005 08:06,89,10,17-06-2005 08:06,4.99,NULL
1949,17-06-2005 08:19,208,323,17-06-2005 08:19,5.99,1
1950,17-06-2005 08:26,594,158,17-06-2005 08:26,2.99,1
1951,17-06-2005 08:30,123,213,17-06-2005 08:30,0.99,1
1952,17-06-2005 08:33,338,396,17-06-2005 08:33,4.99,NULL
1953,17-06-2005 08:34,405,776,17-06-2005 08:34,5.99,NULL
1954,17-06-2005 08:37,533,704,17-06-2005 08:37,2.99,1
1955,17-06-2005 08:40,311,176,17-06-2005 08:40,0.99,1
1956,17-06-2005 08:43,492,307,17-06-2005 08:43,4.99,1
1957,17-06-2005 08:50,68,548,17-06-2005 08:50,8.99,1
1958,17-06-2005 08:52,581,402,17-06-2005 08:52,3.99,NULL
1959,17-06-2005 08:54,554,320,17-06-2005 08:54,4.99,1
1960,17-06-2005 08:59,27,476,17-06-2005 08:59,3.99,NULL
1961,17-06-2005 09:02,384,625,17-06-2005 09:02,0.99,1
1962,17-06-2005 09:08,536,958,17-06-2005 09:08,2.99,NULL
1963,17-06-2005 09:09,154,423,17-06-2005 09:09,0.99,1
1964,17-06-2005 09:10,53,744,17-06-2005 09:10,0.99,0.5
1965,17-06-2005 09:17,256,105,17-06-2005 09:17,0.99,NULL
1966,17-06-2005 09:19,6,452,17-06-2005 09:19,0.99,NULL
1967,17-06-2005 09:19,558,708,17-06-2005 09:19,4.99,NULL
1968,17-06-2005 09:20,246,252,17-06-2005 09:20,2.99,1
1969,17-06-2005 09:22,337,972,17-06-2005 09:22,4.99,0.5
1970,17-06-2005 09:23,303,300,17-06-2005 09:23,4.99,NULL
1971,17-06-2005 09:23,357,629,17-06-2005 09:23,1.99,NULL
1972,17-06-2005 09:25,526,605,17-06-2005 09:25,2.99,NULL
1973,17-06-2005 09:26,256,803,17-06-2005 09:26,4.99,NULL
1974,17-06-2005 09:30,111,432,17-06-2005 09:30,2.99,NULL
1975,17-06-2005 09:32,468,554,17-06-2005 09:32,2.99,1
1976,17-06-2005 09:38,184,792,17-06-2005 09:38,2.99,NULL
1977,17-06-2005 09:38,459,540,17-06-2005 09:38,2.99,0.5
1978,17-06-2005 09:42,278,349,17-06-2005 09:42,2.99,0.5
1979,17-06-2005 09:45,45,760,17-06-2005 09:45,2.99,NULL
1980,17-06-2005 09:48,328,654,17-06-2005 09:48,6.99,NULL
1981,17-06-2005 10:03,526,698,17-06-2005 10:03,2.99,NULL
1982,17-06-2005 10:12,566,243,17-06-2005 10:12,4.99,0.5
1983,17-06-2005 10:22,365,426,17-06-2005 10:22,4.99,0.5
1984,17-06-2005 10:25,380,748,17-06-2005 10:25,2.99,NULL
1985,17-06-2005 10:31,411,18,17-06-2005 10:31,0.99,NULL
1986,17-06-2005 10:34,541,636,17-06-2005 10:34,2.99,NULL
1987,17-06-2005 10:40,479,22,17-06-2005 10:40,2.99,NULL
1988,17-06-2005 10:42,261,670,17-06-2005 10:42,8.99,NULL
1989,17-06-2005 10:47,35,138,17-06-2005 10:47,2.99,NULL
1990,17-06-2005 10:48,571,322,17-06-2005 10:48,4.99,NULL
1991,17-06-2005 10:49,105,864,17-06-2005 10:49,3.99,NULL
1992,17-06-2005 10:58,233,138,17-06-2005 10:58,2.99,0.5
1993,17-06-2005 10:59,234,37,17-06-2005 10:59,5.99,NULL
1994,17-06-2005 11:07,346,476,17-06-2005 11:07,5.99,1
1995,17-06-2005 11:11,10,407,17-06-2005 11:11,4.99,0.5
1996,17-06-2005 11:17,149,676,17-06-2005 11:17,6.99,NULL
1997,17-06-2005 11:19,411,185,17-06-2005 11:19,2.99,NULL
1998,17-06-2005 11:24,562,951,17-06-2005 11:24,3.99,NULL
1999,17-06-2005 11:30,111,810,17-06-2005 11:30,1.99,NULL
2000,17-06-2005 11:32,163,72,17-06-2005 11:32,2.99,0.5
2001,17-06-2005 11:35,260,449,17-06-2005 11:35,2.99,1
2002,17-06-2005 11:39,514,525,17-06-2005 11:39,3.99,1
2003,17-06-2005 11:40,515,347,17-06-2005 11:40,4.99,NULL
2004,17-06-2005 11:43,171,295,17-06-2005 11:43,4.99,NULL
2005,17-06-2005 11:44,234,908,17-06-2005 11:44,4.99,NULL
2006,17-06-2005 11:47,215,220,17-06-2005 11:47,2.99,NULL
2007,17-06-2005 11:47,572,249,17-06-2005 11:47,0.99,NULL
2008,17-06-2005 11:48,570,451,17-06-2005 11:48,5.99,NULL
2009,17-06-2005 11:48,119,414,17-06-2005 11:48,2.99,0.5
2010,17-06-2005 11:54,329,624,17-06-2005 11:54,5.99,0.5
2011,17-06-2005 11:56,350,160,17-06-2005 11:56,3.99,1
2012,17-06-2005 11:57,84,785,17-06-2005 11:57,5.99,NULL
2013,17-06-2005 12:03,165,716,17-06-2005 12:03,3.99,1
2014,17-06-2005 12:03,337,650,17-06-2005 12:03,5.99,0.5
2015,17-06-2005 12:16,484,827,17-06-2005 12:16,4.99,1
2016,17-06-2005 12:18,282,928,17-06-2005 12:18,2.99,NULL
2017,17-06-2005 12:33,516,314,17-06-2005 12:33,0.99,NULL
2018,17-06-2005 12:35,380,283,17-06-2005 12:35,3.99,NULL
2019,17-06-2005 12:38,528,502,17-06-2005 12:38,4.99,NULL
2020,17-06-2005 12:39,384,416,17-06-2005 12:39,0.99,1
2021,17-06-2005 12:41,319,625,17-06-2005 12:41,3.99,NULL
2022,17-06-2005 12:44,547,670,17-06-2005 12:44,8.99,0.5
2023,17-06-2005 12:52,169,172,17-06-2005 12:52,4.99,1
2024,17-06-2005 13:00,329,562,17-06-2005 13:00,0.99,0.5
2025,17-06-2005 13:04,447,267,17-06-2005 13:04,4.99,1
2026,17-06-2005 13:05,491,805,17-06-2005 13:05,4.99,0.5
2027,17-06-2005 13:06,265,938,17-06-2005 13:06,7.99,NULL
2028,17-06-2005 13:08,155,973,17-06-2005 13:08,7.99,NULL
2029,17-06-2005 13:10,512,203,17-06-2005 13:10,4.99,NULL
2030,17-06-2005 13:13,457,877,17-06-2005 13:13,0.99,NULL
2031,17-06-2005 13:14,570,930,17-06-2005 13:14,6.99,NULL
2032,17-06-2005 13:24,316,93,17-06-2005 13:24,4.99,1
2033,17-06-2005 13:24,90,11,17-06-2005 13:24,0.99,1
2034,17-06-2005 13:27,587,330,17-06-2005 13:27,4.99,NULL
2035,17-06-2005 13:45,158,953,17-06-2005 13:45,6.99,NULL
2036,17-06-2005 13:46,486,20,17-06-2005 13:46,4.99,NULL
2037,17-06-2005 13:54,308,566,17-06-2005 13:54,0.99,NULL
2038,17-06-2005 14:00,138,920,17-06-2005 14:00,0.99,1
2039,17-06-2005 14:03,304,331,17-06-2005 14:03,3.99,NULL
2040,17-06-2005 14:18,260,51,17-06-2005 14:18,2.99,1
2041,17-06-2005 14:19,348,170,17-06-2005 14:19,8.99,NULL
2042,17-06-2005 14:31,84,681,17-06-2005 14:31,0.99,NULL
2043,17-06-2005 14:31,4,547,17-06-2005 14:31,0.99,NULL
2044,17-06-2005 14:37,484,527,17-06-2005 14:37,5.99,1
2045,17-06-2005 14:38,391,122,17-06-2005 14:38,2.99,0.5
2046,17-06-2005 14:39,374,191,17-06-2005 14:39,1.99,1
2047,17-06-2005 14:40,201,517,17-06-2005 14:40,1.99,NULL
2048,17-06-2005 14:55,454,446,17-06-2005 14:55,5.99,NULL
2049,17-06-2005 14:58,182,234,17-06-2005 14:58,2.99,NULL
2050,17-06-2005 15:07,549,428,17-06-2005 15:07,2.99,NULL
2051,17-06-2005 15:10,191,515,17-06-2005 15:10,4.99,1
2052,17-06-2005 15:14,172,367,17-06-2005 15:14,0.99,0.5
2053,17-06-2005 15:19,521,931,17-06-2005 15:19,0.99,1
2054,17-06-2005 15:26,295,348,17-06-2005 15:26,2.99,1
2055,17-06-2005 15:27,593,306,17-06-2005 15:27,5.99,NULL
2056,17-06-2005 15:27,42,51,17-06-2005 15:27,2.99,NULL
2057,17-06-2005 15:31,190,615,17-06-2005 15:31,4.99,NULL
2058,17-06-2005 15:34,57,292,17-06-2005 15:34,5.99,NULL
2059,17-06-2005 15:36,114,162,17-06-2005 15:36,2.99,NULL
2060,17-06-2005 15:42,64,333,17-06-2005 15:42,2.99,1
2061,17-06-2005 15:47,108,1000,17-06-2005 15:47,8.99,NULL
2062,17-06-2005 15:56,55,380,17-06-2005 15:56,2.99,1
2063,17-06-2005 15:56,5,941,17-06-2005 15:56,4.99,NULL
2064,17-06-2005 15:57,67,429,17-06-2005 15:57,3.99,1
2065,17-06-2005 16:03,266,184,17-06-2005 16:03,4.99,NULL
2066,17-06-2005 16:07,248,561,17-06-2005 16:07,3.99,NULL
2067,17-06-2005 16:11,297,373,17-06-2005 16:11,2.99,1
2068,17-06-2005 16:11,387,924,17-06-2005 16:11,0.99,NULL
2069,17-06-2005 16:19,551,602,17-06-2005 16:19,4.99,1
2070,17-06-2005 16:27,24,572,17-06-2005 16:27,2.99,NULL
2071,17-06-2005 16:33,479,628,17-06-2005 16:33,3.99,NULL
2072,17-06-2005 16:33,261,17,17-06-2005 16:33,3.99,NULL
2073,17-06-2005 16:33,410,772,17-06-2005 16:33,2.99,NULL
2074,17-06-2005 16:40,495,15,17-06-2005 16:40,2.99,1
2075,17-06-2005 16:40,459,527,17-06-2005 16:40,4.99,0.5
2076,17-06-2005 16:43,217,484,17-06-2005 16:43,6.99,1
2077,17-06-2005 16:46,113,979,17-06-2005 16:46,4.99,NULL
2078,17-06-2005 16:48,278,439,17-06-2005 16:48,4.99,0.5
2079,17-06-2005 16:49,465,843,17-06-2005 16:49,4.99,NULL
2080,17-06-2005 16:59,476,273,17-06-2005 16:59,0.99,NULL
2081,17-06-2005 17:05,253,204,17-06-2005 17:05,5.99,0.5
2082,17-06-2005 17:13,254,96,17-06-2005 17:13,2.99,1
2083,17-06-2005 17:14,97,529,17-06-2005 17:14,2.99,NULL
2084,17-06-2005 17:17,92,95,17-06-2005 17:17,4.99,1
2085,17-06-2005 17:30,214,491,17-06-2005 17:30,2.99,NULL
2086,17-06-2005 17:32,326,200,17-06-2005 17:32,0.99,NULL
2087,17-06-2005 17:35,398,103,17-06-2005 17:35,6.99,1
2088,17-06-2005 17:35,310,112,17-06-2005 17:35,6.99,1
2089,17-06-2005 17:45,156,878,17-06-2005 17:45,9.99,NULL
2090,17-06-2005 18:06,197,4,17-06-2005 18:06,2.99,1
2091,17-06-2005 18:09,260,879,17-06-2005 18:09,10.99,1
2092,17-06-2005 18:12,556,968,17-06-2005 18:12,6.99,NULL
2093,17-06-2005 18:14,26,177,17-06-2005 18:14,9.99,NULL
2094,17-06-2005 18:18,308,477,17-06-2005 18:18,0.99,NULL
2095,17-06-2005 18:21,8,415,17-06-2005 18:21,5.99,NULL
2096,17-06-2005 18:33,431,239,17-06-2005 18:33,4.99,NULL
2097,17-06-2005 18:40,439,123,17-06-2005 18:40,4.99,NULL
2098,17-06-2005 18:42,274,862,17-06-2005 18:42,0.99,1
2099,17-06-2005 18:47,146,800,17-06-2005 18:47,2.99,NULL
2100,17-06-2005 18:53,387,489,17-06-2005 18:53,0.99,NULL
2101,17-06-2005 18:57,581,462,17-06-2005 18:57,2.99,NULL
2102,17-06-2005 19:05,486,503,17-06-2005 19:05,5.99,NULL
2103,17-06-2005 19:13,456,321,17-06-2005 19:13,5.99,NULL
2104,17-06-2005 19:14,136,678,17-06-2005 19:14,2.99,1
2105,17-06-2005 19:15,57,891,17-06-2005 19:15,0.99,NULL
2106,17-06-2005 19:29,66,139,17-06-2005 19:29,4.99,NULL
2107,17-06-2005 19:31,104,281,17-06-2005 19:31,0.99,NULL
2108,17-06-2005 19:35,503,305,17-06-2005 19:35,4.99,0.5
2109,17-06-2005 19:41,493,498,17-06-2005 19:41,3.99,0.5
2110,17-06-2005 19:45,163,785,17-06-2005 19:45,7.99,0.5
2111,17-06-2005 19:47,76,457,17-06-2005 19:47,0.99,NULL
2112,17-06-2005 19:52,18,356,17-06-2005 19:52,5.99,NULL
2113,17-06-2005 19:57,406,330,17-06-2005 19:57,4.99,NULL
2114,17-06-2005 20:00,358,774,17-06-2005 20:00,5.99,1
2115,17-06-2005 20:02,270,756,17-06-2005 20:02,3.99,NULL
2116,17-06-2005 20:16,24,518,17-06-2005 20:16,4.99,NULL
2117,17-06-2005 20:24,170,1,17-06-2005 20:24,0.99,1
2118,17-06-2005 20:28,103,280,17-06-2005 20:28,0.99,NULL
2119,17-06-2005 20:34,561,456,17-06-2005 20:34,4.99,NULL
2120,17-06-2005 20:36,182,328,17-06-2005 20:36,5.99,NULL
2121,17-06-2005 20:38,467,28,17-06-2005 20:38,4.99,NULL
2122,17-06-2005 20:48,245,644,17-06-2005 20:48,2.99,NULL
2123,17-06-2005 20:48,545,548,17-06-2005 20:48,2.99,NULL
2124,17-06-2005 20:49,178,282,17-06-2005 20:49,1.99,1
2125,17-06-2005 20:53,473,937,17-06-2005 20:53,2.99,NULL
2126,17-06-2005 20:54,263,930,17-06-2005 20:54,8.99,NULL
2127,17-06-2005 20:54,187,822,17-06-2005 20:54,0.99,NULL
2128,17-06-2005 20:54,2,78,17-06-2005 20:54,2.99,NULL
2129,17-06-2005 20:58,249,418,17-06-2005 20:58,1.99,1
2130,17-06-2005 21:00,413,301,17-06-2005 21:00,5.99,1
2131,17-06-2005 21:02,85,967,17-06-2005 21:02,5.99,NULL
2132,17-06-2005 21:05,186,578,17-06-2005 21:05,4.99,1
2133,17-06-2005 21:10,268,206,17-06-2005 21:10,0.99,1
2134,17-06-2005 21:13,378,370,17-06-2005 21:13,7.99,1
2135,17-06-2005 21:14,39,891,17-06-2005 21:14,0.99,1
2136,17-06-2005 21:16,20,581,17-06-2005 21:16,3.99,NULL
2137,17-06-2005 21:18,581,255,17-06-2005 21:18,4.99,NULL
2138,17-06-2005 21:28,254,114,17-06-2005 21:28,2.99,1
2139,17-06-2005 21:29,236,175,17-06-2005 21:29,8.99,NULL
2140,17-06-2005 21:40,56,523,17-06-2005 21:40,0.99,NULL
2141,17-06-2005 21:41,86,470,17-06-2005 21:41,4.99,NULL
2142,17-06-2005 21:55,253,388,17-06-2005 21:55,4.99,0.5
2143,17-06-2005 21:58,507,278,17-06-2005 21:58,4.99,0.5
2144,17-06-2005 22:05,46,727,17-06-2005 22:05,0.99,1
2145,17-06-2005 22:10,388,54,17-06-2005 22:10,0.99,NULL
2146,17-06-2005 22:26,456,73,17-06-2005 22:26,6.99,NULL
2147,17-06-2005 22:28,279,603,17-06-2005 22:28,4.99,0.5
2148,17-06-2005 22:44,338,70,17-06-2005 22:44,6.99,NULL
2149,17-06-2005 22:50,333,738,17-06-2005 22:50,6.99,NULL
2150,17-06-2005 22:50,406,415,17-06-2005 22:50,3.99,NULL
2151,17-06-2005 22:52,329,90,17-06-2005 22:52,0.99,0.5
2152,17-06-2005 22:53,307,585,17-06-2005 22:53,2.99,1
2153,17-06-2005 22:58,357,532,17-06-2005 22:58,6.99,NULL
2154,17-06-2005 22:59,30,361,17-06-2005 22:59,4.99,NULL
2155,17-06-2005 23:07,227,795,17-06-2005 23:07,1.99,NULL
2156,17-06-2005 23:08,237,135,17-06-2005 23:08,4.99,NULL
2157,17-06-2005 23:30,201,353,17-06-2005 23:30,3.99,NULL
2158,17-06-2005 23:36,530,55,17-06-2005 23:36,2.99,NULL
2159,17-06-2005 23:37,465,680,17-06-2005 23:37,8.99,NULL
2160,17-06-2005 23:39,32,358,17-06-2005 23:39,0.99,1
2161,17-06-2005 23:39,75,691,17-06-2005 23:39,7.99,NULL
2162,17-06-2005 23:45,277,389,17-06-2005 23:45,3.99,NULL
2163,17-06-2005 23:46,130,571,17-06-2005 23:46,2.99,1
2164,17-06-2005 23:46,227,755,17-06-2005 23:46,6.99,NULL
2165,17-06-2005 23:51,471,522,17-06-2005 23:51,2.99,NULL
2166,17-06-2005 23:51,305,946,17-06-2005 23:51,11.99,NULL
2167,17-06-2005 23:51,307,831,17-06-2005 23:51,0.99,1
2168,17-06-2005 23:53,308,174,17-06-2005 23:53,4.99,NULL
2169,17-06-2005 23:57,120,172,17-06-2005 23:57,4.99,NULL
2170,17-06-2005 23:57,42,869,17-06-2005 23:57,3.99,NULL
2171,18-06-2005 00:06,147,383,18-06-2005 00:06,0.99,0.5
2172,18-06-2005 00:06,457,640,18-06-2005 00:06,7.99,NULL
2173,18-06-2005 00:08,65,222,18-06-2005 00:08,7.99,NULL
2174,18-06-2005 00:09,520,723,18-06-2005 00:09,6.99,1
2175,18-06-2005 00:17,17,879,18-06-2005 00:17,5.99,1
2176,18-06-2005 00:29,282,914,18-06-2005 00:29,2.99,NULL
2177,18-06-2005 00:34,340,109,18-06-2005 00:34,5.99,1
2178,18-06-2005 00:38,260,647,18-06-2005 00:38,0.99,1
2179,18-06-2005 00:41,338,945,18-06-2005 00:41,0.99,NULL
2180,18-06-2005 00:47,497,778,18-06-2005 00:47,8.99,NULL
2181,18-06-2005 00:48,176,763,18-06-2005 00:48,8.99,NULL
2182,18-06-2005 00:56,454,765,18-06-2005 00:56,5.99,NULL
2183,18-06-2005 01:06,340,385,18-06-2005 01:06,4.99,1
2184,18-06-2005 01:10,537,760,18-06-2005 01:10,2.99,NULL
2185,18-06-2005 01:12,198,942,18-06-2005 01:12,0.99,NULL
2186,18-06-2005 01:15,204,445,18-06-2005 01:15,2.99,0.5
2187,18-06-2005 01:17,477,304,18-06-2005 01:17,2.99,NULL
2188,18-06-2005 01:19,183,155,18-06-2005 01:19,1.99,1
2189,18-06-2005 01:20,500,56,18-06-2005 01:20,3.99,NULL
2190,18-06-2005 01:29,342,961,18-06-2005 01:29,5.99,1
2191,18-06-2005 01:33,58,739,18-06-2005 01:33,4.99,NULL
2192,18-06-2005 01:35,456,411,18-06-2005 01:35,4.99,NULL
2193,18-06-2005 01:38,112,227,18-06-2005 01:38,4.99,NULL
2194,18-06-2005 01:41,149,397,18-06-2005 01:41,4.99,NULL
2195,18-06-2005 01:44,286,486,18-06-2005 01:44,4.99,NULL
2196,18-06-2005 01:47,240,418,18-06-2005 01:47,3.99,0.5
2197,18-06-2005 01:50,103,736,18-06-2005 01:50,0.99,NULL
2198,18-06-2005 01:51,109,432,18-06-2005 01:51,6.99,NULL
2199,18-06-2005 01:57,171,20,18-06-2005 01:57,5.99,NULL
2200,18-06-2005 01:59,229,242,18-06-2005 01:59,4.99,1
2201,18-06-2005 02:08,489,406,18-06-2005 02:08,0.99,0.5
2202,18-06-2005 02:09,297,177,18-06-2005 02:09,8.99,1
2203,18-06-2005 02:10,46,297,18-06-2005 02:10,2.99,1
2204,18-06-2005 02:11,426,252,18-06-2005 02:11,2.99,1
2205,18-06-2005 02:14,593,275,18-06-2005 02:14,4.99,NULL
2206,18-06-2005 02:14,438,797,18-06-2005 02:14,0.99,NULL
2207,18-06-2005 02:19,78,40,18-06-2005 02:19,2.99,1
2208,18-06-2005 02:22,132,510,18-06-2005 02:22,4.99,NULL
2209,18-06-2005 02:24,13,532,18-06-2005 02:24,4.99,0.5
2210,18-06-2005 02:27,108,49,18-06-2005 02:27,2.99,NULL
2211,18-06-2005 02:29,166,895,18-06-2005 02:29,3.99,NULL
2212,18-06-2005 02:36,336,536,18-06-2005 02:36,2.99,1
2213,18-06-2005 02:36,98,211,18-06-2005 02:36,4.99,NULL
2214,18-06-2005 02:44,366,531,18-06-2005 02:44,0.99,0.5
2215,18-06-2005 02:48,239,447,18-06-2005 02:48,2.99,NULL
2216,18-06-2005 03:08,320,313,18-06-2005 03:08,4.99,NULL
2217,18-06-2005 03:12,118,489,18-06-2005 03:12,0.99,NULL
2218,18-06-2005 03:13,176,782,18-06-2005 03:13,2.99,NULL
2219,18-06-2005 03:16,393,410,18-06-2005 03:16,2.99,1
2220,18-06-2005 03:21,587,72,18-06-2005 03:21,2.99,NULL
2221,18-06-2005 03:24,156,852,18-06-2005 03:24,0.99,NULL
2222,18-06-2005 03:26,10,840,18-06-2005 03:26,3.99,0.5
2223,18-06-2005 03:27,303,887,18-06-2005 03:27,8.99,NULL
2224,18-06-2005 03:33,153,295,18-06-2005 03:33,0.99,NULL
2225,18-06-2005 03:35,503,621,18-06-2005 03:35,2.99,0.5
2226,18-06-2005 03:39,225,764,18-06-2005 03:39,7.99,1
2227,18-06-2005 03:43,200,791,18-06-2005 03:43,4.99,NULL
2228,18-06-2005 03:44,383,109,18-06-2005 03:44,2.99,NULL
2229,18-06-2005 03:50,35,623,18-06-2005 03:50,4.99,NULL
2230,18-06-2005 03:50,256,182,18-06-2005 03:50,4.99,NULL
2231,18-06-2005 03:52,35,493,18-06-2005 03:52,0.99,NULL
2232,18-06-2005 03:54,52,538,18-06-2005 03:54,0.99,NULL
2233,18-06-2005 03:57,31,673,18-06-2005 03:57,0.99,1
2234,18-06-2005 04:01,182,52,18-06-2005 04:01,0.99,NULL
2235,18-06-2005 04:08,21,759,18-06-2005 04:08,7.99,0.5
2236,18-06-2005 04:12,375,871,18-06-2005 04:12,4.99,NULL
2237,18-06-2005 04:17,205,395,18-06-2005 04:17,5.99,NULL
2238,18-06-2005 04:22,251,626,18-06-2005 04:22,6.99,NULL
2239,18-06-2005 04:23,437,966,18-06-2005 04:23,5.99,NULL
2240,18-06-2005 04:28,122,308,18-06-2005 04:28,3.99,NULL
2241,18-06-2005 04:31,406,204,18-06-2005 04:31,2.99,NULL
2242,18-06-2005 04:32,146,434,18-06-2005 04:32,3.99,NULL
2243,18-06-2005 04:33,328,277,18-06-2005 04:33,5.99,NULL
2244,18-06-2005 04:46,233,792,18-06-2005 04:46,2.99,0.5
2245,18-06-2005 04:52,194,327,18-06-2005 04:52,7.99,0.5
2246,18-06-2005 04:54,414,933,18-06-2005 04:54,4.99,NULL
2248,18-06-2005 04:59,446,435,18-06-2005 04:59,4.99,1
2249,18-06-2005 05:03,285,23,18-06-2005 05:03,5.99,0.5
2250,18-06-2005 05:03,7,880,18-06-2005 05:03,2.99,NULL
2251,18-06-2005 05:05,143,319,18-06-2005 05:05,3.99,0.5
2252,18-06-2005 05:05,383,433,18-06-2005 05:05,2.99,NULL
2253,18-06-2005 05:11,122,813,18-06-2005 05:11,0.99,NULL
2254,18-06-2005 05:15,281,242,18-06-2005 05:15,5.99,1
2255,18-06-2005 05:21,410,5,18-06-2005 05:21,4.99,NULL
2256,18-06-2005 05:21,93,406,18-06-2005 05:21,4.99,1
2257,18-06-2005 05:29,34,624,18-06-2005 05:29,5.99,0.5
2258,18-06-2005 05:30,292,999,18-06-2005 05:30,3.99,NULL
2259,18-06-2005 05:37,491,893,18-06-2005 05:37,4.99,0.5
2260,18-06-2005 05:38,297,609,18-06-2005 05:38,2.99,1
2261,18-06-2005 05:46,570,382,18-06-2005 05:46,3.99,NULL
2262,18-06-2005 05:49,218,907,18-06-2005 05:49,0.99,NULL
2263,18-06-2005 05:57,452,717,18-06-2005 05:57,0.99,NULL
2264,18-06-2005 05:58,240,31,18-06-2005 05:58,4.99,0.5
2265,18-06-2005 06:03,267,675,18-06-2005 06:03,2.99,1
2266,18-06-2005 06:05,452,570,18-06-2005 06:05,4.99,NULL
2267,18-06-2005 06:10,218,452,18-06-2005 06:10,0.99,NULL
2268,18-06-2005 06:13,21,957,18-06-2005 06:13,4.99,0.5
2269,18-06-2005 06:20,431,679,18-06-2005 06:20,3.99,NULL
2270,18-06-2005 06:29,588,755,18-06-2005 06:29,7.99,1
2271,18-06-2005 06:29,145,527,18-06-2005 06:29,4.99,NULL
2272,18-06-2005 06:29,599,301,18-06-2005 06:29,1.99,1
2273,18-06-2005 06:30,327,973,18-06-2005 06:30,4.99,0.5
2274,18-06-2005 06:31,347,663,18-06-2005 06:31,0.99,NULL
2275,18-06-2005 06:31,354,616,18-06-2005 06:31,4.99,1
2276,18-06-2005 06:33,594,253,18-06-2005 06:33,6.99,1
2277,18-06-2005 06:35,224,825,18-06-2005 06:35,2.99,1
2278,18-06-2005 06:37,450,258,18-06-2005 06:37,0.99,NULL
2279,18-06-2005 06:38,554,426,18-06-2005 06:38,6.99,1
2280,18-06-2005 06:46,548,998,18-06-2005 06:46,2.99,NULL
2281,18-06-2005 06:47,431,915,18-06-2005 06:47,4.99,NULL
2282,18-06-2005 06:48,113,958,18-06-2005 06:48,2.99,NULL
2283,18-06-2005 06:56,507,446,18-06-2005 06:56,4.99,0.5
2284,18-06-2005 06:59,228,589,18-06-2005 06:59,3.99,NULL
2285,18-06-2005 07:00,447,165,18-06-2005 07:00,4.99,1
2286,18-06-2005 07:02,287,134,18-06-2005 07:02,9.99,1
2287,18-06-2005 07:04,317,322,18-06-2005 07:04,6.99,NULL
2288,18-06-2005 07:23,247,193,18-06-2005 07:23,5.99,NULL
2289,18-06-2005 07:29,392,442,18-06-2005 07:29,2.99,NULL
2290,18-06-2005 07:34,513,44,18-06-2005 07:34,7.99,NULL
2291,18-06-2005 07:36,436,861,18-06-2005 07:36,9.99,NULL
2292,18-06-2005 07:37,130,37,18-06-2005 07:37,2.99,1
2293,18-06-2005 07:45,178,705,18-06-2005 07:45,4.99,1
2294,18-06-2005 07:46,72,455,18-06-2005 07:46,4.99,NULL
2295,18-06-2005 07:56,106,715,18-06-2005 07:56,4.99,1
2296,18-06-2005 08:10,481,995,18-06-2005 08:10,4.99,NULL
2297,18-06-2005 08:17,111,489,18-06-2005 08:17,4.99,NULL
2298,18-06-2005 08:18,497,272,18-06-2005 08:18,5.99,NULL
2299,18-06-2005 08:18,28,945,18-06-2005 08:18,3.99,1
2300,18-06-2005 08:22,291,353,18-06-2005 08:22,2.99,NULL
2301,18-06-2005 08:24,273,191,18-06-2005 08:24,1.99,NULL
2302,18-06-2005 08:27,42,403,18-06-2005 08:27,4.99,NULL
2303,18-06-2005 08:27,329,333,18-06-2005 08:27,2.99,0.5
2304,18-06-2005 08:30,327,775,18-06-2005 08:30,5.99,0.5
2305,18-06-2005 08:31,149,135,18-06-2005 08:31,5.99,NULL
2306,18-06-2005 08:33,477,46,18-06-2005 08:33,10.99,NULL
2307,18-06-2005 08:34,47,1000,18-06-2005 08:34,6.99,1
2308,18-06-2005 08:41,1,44,18-06-2005 08:41,4.99,0.5
2309,18-06-2005 08:43,576,132,18-06-2005 08:43,0.99,NULL
2310,18-06-2005 08:45,409,568,18-06-2005 08:45,8.99,NULL
2311,18-06-2005 08:51,236,984,18-06-2005 08:51,6.99,NULL
2312,18-06-2005 08:55,184,89,18-06-2005 08:55,0.99,NULL
2313,18-06-2005 08:56,379,689,18-06-2005 08:56,5.99,1
2314,18-06-2005 09:03,160,466,18-06-2005 09:03,4.99,1
2315,18-06-2005 09:03,372,608,18-06-2005 09:03,2.99,NULL
2316,18-06-2005 09:04,289,82,18-06-2005 09:04,0.99,NULL
2317,18-06-2005 09:12,326,350,18-06-2005 09:12,4.99,NULL
2318,18-06-2005 09:13,383,505,18-06-2005 09:13,2.99,NULL
2319,18-06-2005 09:24,393,331,18-06-2005 09:24,4.99,1
2320,18-06-2005 09:24,552,130,18-06-2005 09:24,0.99,1
2321,18-06-2005 09:42,565,256,18-06-2005 09:42,5.99,NULL
2322,18-06-2005 09:44,213,412,18-06-2005 09:44,5.99,NULL
2323,18-06-2005 09:55,54,46,18-06-2005 09:55,6.99,0.5
2324,18-06-2005 10:00,268,655,18-06-2005 10:00,4.99,1
2325,18-06-2005 10:08,406,164,18-06-2005 10:08,0.99,NULL
2326,18-06-2005 10:14,174,838,18-06-2005 10:14,5.99,NULL
2327,18-06-2005 10:16,571,298,18-06-2005 10:16,2.99,NULL
2328,18-06-2005 10:17,441,501,18-06-2005 10:17,4.99,NULL
2329,18-06-2005 10:22,587,902,18-06-2005 10:22,4.99,NULL
2330,18-06-2005 10:41,390,933,18-06-2005 10:41,7.99,NULL
2331,18-06-2005 10:50,221,339,18-06-2005 10:50,2.99,NULL
2332,18-06-2005 10:53,140,465,18-06-2005 10:53,6.99,NULL
2333,18-06-2005 10:55,283,504,18-06-2005 10:55,2.99,1
2334,18-06-2005 10:56,223,676,18-06-2005 10:56,4.99,NULL
2335,18-06-2005 10:59,446,864,18-06-2005 10:59,3.99,1
2336,18-06-2005 11:00,124,849,18-06-2005 11:00,1.99,0.5
2337,18-06-2005 11:15,582,987,18-06-2005 11:15,7.99,NULL
2338,18-06-2005 11:24,316,695,18-06-2005 11:24,4.99,1
2339,18-06-2005 11:29,297,70,18-06-2005 11:29,4.99,1
2340,18-06-2005 11:30,157,416,18-06-2005 11:30,0.99,NULL
2341,18-06-2005 11:35,31,139,18-06-2005 11:35,6.99,1
2342,18-06-2005 11:42,146,468,18-06-2005 11:42,2.99,NULL
2343,18-06-2005 11:46,20,994,18-06-2005 11:46,4.99,NULL
2344,18-06-2005 12:01,498,438,18-06-2005 12:01,2.99,NULL
2345,18-06-2005 12:03,6,395,18-06-2005 12:03,0.99,NULL
2346,18-06-2005 12:08,308,563,18-06-2005 12:08,7.99,NULL
2347,18-06-2005 12:12,194,986,18-06-2005 12:12,2.99,0.5
2348,18-06-2005 12:15,449,790,18-06-2005 12:15,0.99,0.5
2349,18-06-2005 12:25,495,336,18-06-2005 12:25,4.99,1
2350,18-06-2005 12:25,471,263,18-06-2005 12:25,4.99,NULL
2351,18-06-2005 12:27,216,646,18-06-2005 12:27,0.99,1
2352,18-06-2005 12:40,590,463,18-06-2005 12:40,2.99,NULL
2353,18-06-2005 12:53,361,708,18-06-2005 12:53,4.99,NULL
2354,18-06-2005 12:54,77,613,18-06-2005 12:54,3.99,1
2355,18-06-2005 12:57,125,789,18-06-2005 12:57,3.99,NULL
2356,18-06-2005 12:59,455,477,18-06-2005 12:59,0.99,NULL
2357,18-06-2005 12:59,561,292,18-06-2005 12:59,5.99,NULL
2358,18-06-2005 13:00,478,376,18-06-2005 13:00,4.99,NULL
2359,18-06-2005 13:04,201,678,18-06-2005 13:04,6.99,NULL
2360,18-06-2005 13:11,57,8,18-06-2005 13:11,4.99,NULL
2361,18-06-2005 13:19,546,775,18-06-2005 13:19,5.99,1
2362,18-06-2005 13:31,514,618,18-06-2005 13:31,0.99,1
2363,18-06-2005 13:33,1,766,18-06-2005 13:33,0.99,0.5
2364,18-06-2005 13:37,512,625,18-06-2005 13:37,2.99,NULL
2365,18-06-2005 13:45,493,683,18-06-2005 13:45,4.99,0.5
2366,18-06-2005 13:46,162,309,18-06-2005 13:46,0.99,NULL
2367,18-06-2005 14:00,566,890,18-06-2005 14:00,0.99,0.5
2368,18-06-2005 14:10,99,235,18-06-2005 14:10,2.99,NULL
2369,18-06-2005 14:25,44,331,18-06-2005 14:25,2.99,1
2370,18-06-2005 14:29,489,583,18-06-2005 14:29,7.99,0.5
2371,18-06-2005 14:35,248,39,18-06-2005 14:35,0.99,NULL
2372,18-06-2005 14:37,96,344,18-06-2005 14:37,0.99,NULL
2373,18-06-2005 14:37,544,610,18-06-2005 14:37,0.99,1
2374,18-06-2005 14:44,71,578,18-06-2005 14:44,4.99,NULL
2375,18-06-2005 14:47,259,469,18-06-2005 14:47,5.99,1
2376,18-06-2005 14:55,479,800,18-06-2005 14:55,2.99,NULL
2377,18-06-2005 14:56,193,780,18-06-2005 14:56,6.99,NULL
2378,18-06-2005 14:57,384,614,18-06-2005 14:57,7.99,1
2379,18-06-2005 14:59,597,595,18-06-2005 14:59,0.99,NULL
2380,18-06-2005 15:00,256,964,18-06-2005 15:00,6.99,NULL
2381,18-06-2005 15:00,167,327,18-06-2005 15:00,5.99,1
2382,18-06-2005 15:03,568,203,18-06-2005 15:03,4.99,NULL
2383,18-06-2005 15:17,149,537,18-06-2005 15:17,7.99,NULL
2384,18-06-2005 15:18,132,741,18-06-2005 15:18,0.99,NULL
2385,18-06-2005 15:22,298,358,18-06-2005 15:22,3.99,NULL
2386,18-06-2005 15:22,293,300,18-06-2005 15:22,4.99,NULL
2387,18-06-2005 15:24,289,151,18-06-2005 15:24,6.99,NULL
2388,18-06-2005 15:26,53,643,18-06-2005 15:26,2.99,0.5
2389,18-06-2005 15:27,382,160,18-06-2005 15:27,0.99,NULL
2390,18-06-2005 15:29,239,603,18-06-2005 15:29,4.99,NULL
2391,18-06-2005 15:33,491,625,18-06-2005 15:33,4.99,0.5
2392,18-06-2005 15:34,261,479,18-06-2005 15:34,0.99,NULL
2393,18-06-2005 15:37,21,690,18-06-2005 15:37,2.99,0.5
2394,18-06-2005 15:42,60,586,18-06-2005 15:42,4.99,1
2395,18-06-2005 15:45,544,200,18-06-2005 15:45,2.99,1
2396,18-06-2005 15:49,31,433,18-06-2005 15:49,7.99,1
2397,18-06-2005 15:51,76,636,18-06-2005 15:51,1.99,NULL
2398,18-06-2005 15:56,526,658,18-06-2005 15:56,4.99,NULL
2399,18-06-2005 16:06,577,546,18-06-2005 16:06,3.99,NULL
2400,18-06-2005 16:10,410,702,18-06-2005 16:10,5.99,NULL
2401,18-06-2005 16:22,359,17,18-06-2005 16:22,0.99,NULL
2402,18-06-2005 16:24,360,621,18-06-2005 16:24,6.99,NULL
2403,18-06-2005 16:33,536,592,18-06-2005 16:33,2.99,NULL
2404,18-06-2005 16:33,456,899,18-06-2005 16:33,0.99,NULL
2405,18-06-2005 16:36,356,788,18-06-2005 16:36,2.99,1
2406,18-06-2005 16:39,497,292,18-06-2005 16:39,2.99,NULL
2407,18-06-2005 16:50,421,559,18-06-2005 16:50,2.99,1
2408,18-06-2005 16:50,87,57,18-06-2005 16:50,2.99,NULL
2409,18-06-2005 16:53,84,142,18-06-2005 16:53,0.99,NULL
2410,18-06-2005 16:55,381,59,18-06-2005 16:55,2.99,NULL
2411,18-06-2005 16:55,558,727,18-06-2005 16:55,1.99,NULL
2412,18-06-2005 16:58,127,424,18-06-2005 16:58,3.99,1
2413,18-06-2005 16:59,170,403,18-06-2005 16:59,8.99,1
2414,18-06-2005 17:01,275,982,18-06-2005 17:01,0.99,NULL
2415,18-06-2005 17:02,434,682,18-06-2005 17:02,7.99,NULL
2416,18-06-2005 17:07,26,628,18-06-2005 17:07,3.99,NULL
2417,18-06-2005 17:12,219,427,18-06-2005 17:12,3.99,NULL
2418,18-06-2005 17:14,381,604,18-06-2005 17:14,4.99,NULL
2419,18-06-2005 17:21,102,277,18-06-2005 17:21,8.99,NULL
2420,18-06-2005 17:22,502,54,18-06-2005 17:22,0.99,1
2421,18-06-2005 17:25,26,771,18-06-2005 17:25,6.99,NULL
2422,18-06-2005 17:28,527,696,18-06-2005 17:28,0.99,NULL
2423,18-06-2005 17:32,231,379,18-06-2005 17:32,0.99,1
2424,18-06-2005 17:35,233,410,18-06-2005 17:35,2.99,0.5
2425,18-06-2005 17:37,579,577,18-06-2005 17:37,5.99,NULL
2426,18-06-2005 17:40,543,104,18-06-2005 17:40,2.99,NULL
2427,18-06-2005 17:45,176,931,18-06-2005 17:45,2.99,NULL
2428,18-06-2005 17:47,241,850,18-06-2005 17:47,0.99,1
2429,18-06-2005 17:48,583,710,18-06-2005 17:48,9.99,NULL
2430,18-06-2005 17:51,434,433,18-06-2005 17:51,3.99,NULL
2431,18-06-2005 17:53,295,303,18-06-2005 17:53,1.99,1
2432,18-06-2005 17:59,250,966,18-06-2005 17:59,4.99,NULL
2433,18-06-2005 18:10,356,207,18-06-2005 18:10,4.99,1
2434,18-06-2005 18:11,12,818,18-06-2005 18:11,5.99,1
2435,18-06-2005 18:12,173,776,18-06-2005 18:12,4.99,NULL
2436,18-06-2005 18:13,534,732,18-06-2005 18:13,0.99,1
2437,18-06-2005 18:30,454,391,18-06-2005 18:30,2.99,NULL
2438,18-06-2005 18:34,31,40,18-06-2005 18:34,0.99,1
2439,18-06-2005 18:35,39,202,18-06-2005 18:35,4.99,1
2440,18-06-2005 18:41,380,628,18-06-2005 18:41,2.99,NULL
2441,18-06-2005 18:45,593,691,18-06-2005 18:45,4.99,NULL
2442,18-06-2005 18:49,364,880,18-06-2005 18:49,2.99,NULL
2443,18-06-2005 18:52,233,354,18-06-2005 18:52,4.99,0.5
2444,18-06-2005 18:58,576,483,18-06-2005 18:58,8.99,NULL
2445,18-06-2005 19:02,98,634,18-06-2005 19:02,0.99,NULL
2446,18-06-2005 19:04,466,284,18-06-2005 19:04,8.99,1
2447,18-06-2005 19:10,523,512,18-06-2005 19:10,8.99,1
2448,18-06-2005 19:13,308,358,18-06-2005 19:13,4.99,NULL
2449,18-06-2005 19:18,498,792,18-06-2005 19:18,4.99,NULL
2450,18-06-2005 19:25,230,190,18-06-2005 19:25,8.99,NULL
2451,18-06-2005 19:28,24,183,18-06-2005 19:28,5.99,NULL
2452,18-06-2005 19:29,77,941,18-06-2005 19:29,8.99,1
2453,18-06-2005 19:30,588,561,18-06-2005 19:30,2.99,1
2454,18-06-2005 19:32,253,70,18-06-2005 19:32,4.99,0.5
2455,18-06-2005 19:33,241,191,18-06-2005 19:33,0.99,1
2456,18-06-2005 19:36,147,120,18-06-2005 19:36,6.99,0.5
2457,18-06-2005 19:38,91,282,18-06-2005 19:38,3.99,NULL
2458,18-06-2005 19:39,572,130,18-06-2005 19:39,0.99,NULL
2459,18-06-2005 19:44,185,229,18-06-2005 19:44,4.99,0.5
2460,18-06-2005 19:54,553,857,18-06-2005 19:54,8.99,NULL
2461,18-06-2005 19:58,343,16,18-06-2005 19:58,6.99,NULL
2462,18-06-2005 20:00,468,465,18-06-2005 20:00,4.99,1
2463,18-06-2005 20:01,194,264,18-06-2005 20:01,3.99,0.5
2464,18-06-2005 20:06,380,102,18-06-2005 20:06,4.99,NULL
2465,18-06-2005 20:07,160,828,18-06-2005 20:07,2.99,1
2466,18-06-2005 20:18,427,299,18-06-2005 20:18,0.99,1
2467,18-06-2005 20:20,177,958,18-06-2005 20:20,2.99,NULL
2468,18-06-2005 20:23,382,398,18-06-2005 20:23,4.99,NULL
2469,18-06-2005 20:24,137,434,18-06-2005 20:24,6.99,NULL
2470,18-06-2005 20:28,40,941,18-06-2005 20:28,7.99,NULL
2471,18-06-2005 20:31,183,745,18-06-2005 20:31,5.99,1
2472,18-06-2005 20:32,70,994,18-06-2005 20:32,4.99,NULL
2473,18-06-2005 20:42,221,847,18-06-2005 20:42,2.99,NULL
2474,18-06-2005 20:51,151,756,18-06-2005 20:51,2.99,1
2475,18-06-2005 20:52,336,199,18-06-2005 20:52,2.99,1
2476,18-06-2005 20:57,334,870,18-06-2005 20:57,0.99,NULL
2477,18-06-2005 20:58,206,551,18-06-2005 20:58,5.99,1
2478,18-06-2005 21:01,241,614,18-06-2005 21:01,5.99,1
2479,18-06-2005 21:03,408,354,18-06-2005 21:03,4.99,NULL
2480,18-06-2005 21:04,310,889,18-06-2005 21:04,5.99,1
2481,18-06-2005 21:08,322,174,18-06-2005 21:08,4.99,NULL
2482,18-06-2005 21:10,122,100,18-06-2005 21:10,4.99,NULL
2483,18-06-2005 21:22,88,918,18-06-2005 21:22,7.99,NULL
2484,18-06-2005 21:25,515,330,18-06-2005 21:25,4.99,NULL
2485,18-06-2005 21:26,56,342,18-06-2005 21:26,4.99,NULL
2486,18-06-2005 21:26,15,59,18-06-2005 21:26,2.99,1
2487,18-06-2005 21:32,374,805,18-06-2005 21:32,4.99,1
2488,18-06-2005 21:38,403,295,18-06-2005 21:38,3.99,1
2489,18-06-2005 22:00,382,873,18-06-2005 22:00,1.99,NULL
2490,18-06-2005 22:00,402,420,18-06-2005 22:00,4.99,NULL
2491,18-06-2005 22:01,316,387,18-06-2005 22:01,1.99,1
2492,18-06-2005 22:04,237,626,18-06-2005 22:04,2.99,NULL
2493,18-06-2005 22:12,269,896,18-06-2005 22:12,6.99,NULL
2494,18-06-2005 22:15,434,290,18-06-2005 22:15,3.99,NULL
2495,18-06-2005 22:15,338,838,18-06-2005 22:15,4.99,NULL
2496,18-06-2005 22:20,527,140,18-06-2005 22:20,0.99,NULL
2497,18-06-2005 22:50,171,505,18-06-2005 22:50,4.99,NULL
2498,18-06-2005 22:56,74,496,18-06-2005 22:56,1.99,1
2499,18-06-2005 23:01,348,697,18-06-2005 23:01,0.99,NULL
2500,18-06-2005 23:07,12,922,18-06-2005 23:07,5.99,1
2501,18-06-2005 23:10,450,263,18-06-2005 23:10,4.99,NULL
2502,18-06-2005 23:12,325,575,18-06-2005 23:12,4.99,1
2503,18-06-2005 23:17,176,545,18-06-2005 23:17,1.99,NULL
2504,18-06-2005 23:19,452,367,18-06-2005 23:19,0.99,NULL
2505,18-06-2005 23:28,519,365,18-06-2005 23:28,8.99,0.5
2506,18-06-2005 23:29,82,501,18-06-2005 23:29,8.99,NULL
2507,18-06-2005 23:39,325,686,18-06-2005 23:39,4.99,1
2508,18-06-2005 23:43,476,941,18-06-2005 23:43,4.99,NULL
2509,18-06-2005 23:44,213,976,18-06-2005 23:44,0.99,NULL
2510,18-06-2005 23:44,384,838,18-06-2005 23:44,5.99,1
2511,18-06-2005 23:45,234,396,18-06-2005 23:45,5.99,NULL
2512,18-06-2005 23:48,27,986,18-06-2005 23:48,2.99,NULL
2513,18-06-2005 23:53,515,741,18-06-2005 23:53,0.99,NULL
2514,18-06-2005 23:56,382,561,18-06-2005 23:56,2.99,NULL
2515,18-06-2005 23:57,188,706,18-06-2005 23:57,4.99,NULL
2516,19-06-2005 00:03,87,588,19-06-2005 00:03,4.99,NULL
2517,19-06-2005 00:11,74,11,19-06-2005 00:11,0.99,1
2518,19-06-2005 00:16,86,767,19-06-2005 00:16,4.99,NULL
2519,19-06-2005 00:19,128,260,19-06-2005 00:19,7.99,NULL
2520,19-06-2005 00:29,446,911,19-06-2005 00:29,6.99,1
2521,19-06-2005 00:41,92,26,19-06-2005 00:41,0.99,1
2522,19-06-2005 00:43,579,119,19-06-2005 00:43,3.99,NULL
2523,19-06-2005 00:45,89,101,19-06-2005 00:45,0.99,NULL
2524,19-06-2005 00:48,465,97,19-06-2005 00:48,0.99,NULL
2525,19-06-2005 00:48,365,288,19-06-2005 00:48,2.99,0.5
2526,19-06-2005 01:03,500,728,19-06-2005 01:03,6.99,NULL
2527,19-06-2005 01:10,463,86,19-06-2005 01:10,4.99,NULL
2528,19-06-2005 01:14,331,398,19-06-2005 01:14,6.99,NULL
2529,19-06-2005 01:18,478,501,19-06-2005 01:18,6.99,NULL
2530,19-06-2005 01:20,31,906,19-06-2005 01:20,0.99,1
2531,19-06-2005 01:20,368,167,19-06-2005 01:20,4.99,0.5
2532,19-06-2005 01:27,26,408,19-06-2005 01:27,4.99,NULL
2533,19-06-2005 01:34,187,996,19-06-2005 01:34,0.99,NULL
2534,19-06-2005 01:38,517,557,19-06-2005 01:38,2.99,NULL
2535,19-06-2005 01:39,130,200,19-06-2005 01:39,2.99,1
2536,19-06-2005 01:41,163,920,19-06-2005 01:41,5.99,0.5
2537,19-06-2005 01:52,388,767,19-06-2005 01:52,5.99,NULL
2538,19-06-2005 01:56,472,284,19-06-2005 01:56,5.99,1
2539,19-06-2005 01:58,527,977,19-06-2005 01:58,2.99,NULL
2540,19-06-2005 02:04,363,938,19-06-2005 02:04,4.99,NULL
2541,19-06-2005 02:08,360,25,19-06-2005 02:08,3.99,NULL
2542,19-06-2005 02:08,67,317,19-06-2005 02:08,3.99,1
2543,19-06-2005 02:14,58,377,19-06-2005 02:14,0.99,NULL
2544,19-06-2005 02:16,558,320,19-06-2005 02:16,4.99,NULL
2545,19-06-2005 02:23,413,710,19-06-2005 02:23,4.99,1
2546,19-06-2005 02:39,272,216,19-06-2005 02:39,5.99,1
2547,19-06-2005 02:44,162,995,19-06-2005 02:44,4.99,NULL
2548,19-06-2005 02:45,561,935,19-06-2005 02:45,0.99,NULL
2549,19-06-2005 02:46,495,843,19-06-2005 02:46,7.99,1
2550,19-06-2005 02:49,38,301,19-06-2005 02:49,1.99,NULL
2551,19-06-2005 02:51,444,437,19-06-2005 02:51,4.99,NULL
2552,19-06-2005 03:01,389,143,19-06-2005 03:01,3.99,1
2553,19-06-2005 03:04,473,205,19-06-2005 03:04,4.99,NULL
2554,19-06-2005 03:05,322,855,19-06-2005 03:05,0.99,NULL
2555,19-06-2005 03:07,191,58,19-06-2005 03:07,2.99,1
2556,19-06-2005 03:07,377,25,19-06-2005 03:07,3.99,0.5
2557,19-06-2005 03:08,257,992,19-06-2005 03:08,0.99,NULL
2558,19-06-2005 03:09,361,641,19-06-2005 03:09,1.99,NULL
2559,19-06-2005 03:09,414,969,19-06-2005 03:09,9.99,NULL
2560,19-06-2005 03:12,309,734,19-06-2005 03:12,9.99,NULL
2561,19-06-2005 03:14,256,897,19-06-2005 03:14,4.99,NULL
2562,19-06-2005 03:15,265,10,19-06-2005 03:15,4.99,NULL
2563,19-06-2005 03:24,41,420,19-06-2005 03:24,4.99,NULL
2564,19-06-2005 03:41,408,873,19-06-2005 03:41,2.99,NULL
2565,19-06-2005 03:44,128,511,19-06-2005 03:44,0.99,NULL
2566,19-06-2005 03:45,486,110,19-06-2005 03:45,2.99,NULL
2567,19-06-2005 04:04,496,49,19-06-2005 04:04,2.99,1
2568,19-06-2005 04:09,190,665,19-06-2005 04:09,3.99,NULL
2569,19-06-2005 04:19,213,6,19-06-2005 04:19,6.99,NULL
2570,19-06-2005 04:20,5,245,19-06-2005 04:20,2.99,NULL
2571,19-06-2005 04:20,66,391,19-06-2005 04:20,2.99,NULL
2572,19-06-2005 04:21,159,534,19-06-2005 04:21,0.99,NULL
2573,19-06-2005 04:23,563,737,19-06-2005 04:23,0.99,NULL
2574,19-06-2005 04:23,143,730,19-06-2005 04:23,0.99,0.5
2575,19-06-2005 04:32,336,78,19-06-2005 04:32,2.99,1
2576,19-06-2005 04:34,559,644,19-06-2005 04:34,4.99,0.5
2577,19-06-2005 04:36,66,99,19-06-2005 04:36,4.99,NULL
2578,19-06-2005 04:40,267,369,19-06-2005 04:40,7.99,1
2579,19-06-2005 04:40,493,840,19-06-2005 04:40,0.99,0.5
2580,19-06-2005 04:44,219,555,19-06-2005 04:44,0.99,NULL
2581,19-06-2005 04:54,456,83,19-06-2005 04:54,2.99,NULL
2582,19-06-2005 04:56,267,45,19-06-2005 04:56,6.99,1
2583,19-06-2005 05:01,523,871,19-06-2005 05:01,7.99,1
2584,19-06-2005 05:02,90,816,19-06-2005 05:02,6.99,1
2585,19-06-2005 05:05,406,18,19-06-2005 05:05,0.99,NULL
2586,19-06-2005 05:05,537,893,19-06-2005 05:05,8.99,NULL
2587,19-06-2005 05:06,331,473,19-06-2005 05:06,2.99,NULL
2588,19-06-2005 05:20,143,791,19-06-2005 05:20,4.99,0.5
2589,19-06-2005 05:21,164,50,19-06-2005 05:21,2.99,0.5
2590,19-06-2005 05:31,324,782,19-06-2005 05:31,2.99,1
2591,19-06-2005 05:32,438,979,19-06-2005 05:32,4.99,NULL
2592,19-06-2005 05:36,208,63,19-06-2005 05:36,0.99,1
2593,19-06-2005 05:40,556,442,19-06-2005 05:40,5.99,NULL
2594,19-06-2005 05:43,123,181,19-06-2005 05:43,2.99,1
2595,19-06-2005 05:43,122,702,19-06-2005 05:43,4.99,NULL
2596,19-06-2005 05:48,80,482,19-06-2005 05:48,2.99,NULL
2597,19-06-2005 05:53,407,493,19-06-2005 05:53,0.99,NULL
2598,19-06-2005 05:59,265,450,19-06-2005 05:59,2.99,NULL
2599,19-06-2005 06:06,171,101,19-06-2005 06:06,5.99,NULL
2600,19-06-2005 06:07,423,103,19-06-2005 06:07,6.99,0.5
2601,19-06-2005 06:09,98,637,19-06-2005 06:09,4.99,NULL
2602,19-06-2005 06:10,173,896,19-06-2005 06:10,2.99,NULL
2603,19-06-2005 06:21,222,127,19-06-2005 06:21,6.99,1
2604,19-06-2005 06:30,28,634,19-06-2005 06:30,0.99,1
2605,19-06-2005 06:48,38,509,19-06-2005 06:48,1.99,NULL
2606,19-06-2005 06:51,364,898,19-06-2005 06:51,4.99,NULL
2607,19-06-2005 06:55,340,856,19-06-2005 06:55,5.99,1
2608,19-06-2005 07:10,132,353,19-06-2005 07:10,2.99,NULL
2609,19-06-2005 07:13,383,487,19-06-2005 07:13,7.99,NULL
2610,19-06-2005 07:16,542,842,19-06-2005 07:16,4.99,NULL
2611,19-06-2005 07:18,301,805,19-06-2005 07:18,4.99,1
2612,19-06-2005 07:19,287,369,19-06-2005 07:19,6.99,1
2613,19-06-2005 07:25,179,838,19-06-2005 07:25,4.99,1
2614,19-06-2005 07:28,145,901,19-06-2005 07:28,0.99,NULL
2615,19-06-2005 07:29,578,834,19-06-2005 07:29,4.99,NULL
2616,19-06-2005 07:33,478,127,19-06-2005 07:33,8.99,NULL
2617,19-06-2005 07:48,313,45,19-06-2005 07:48,7.99,1
2618,19-06-2005 08:03,310,539,19-06-2005 08:03,2.99,1
2619,19-06-2005 08:03,350,402,19-06-2005 08:03,0.99,1
2620,19-06-2005 08:06,94,698,19-06-2005 08:06,4.99,NULL
2621,19-06-2005 08:07,439,379,19-06-2005 08:07,2.99,NULL
2622,19-06-2005 08:10,573,305,19-06-2005 08:10,5.99,NULL
2623,19-06-2005 08:11,12,978,19-06-2005 08:11,4.99,1
2624,19-06-2005 08:22,32,676,19-06-2005 08:22,5.99,1
2625,19-06-2005 08:23,25,861,19-06-2005 08:23,8.99,NULL
2626,19-06-2005 08:28,450,618,19-06-2005 08:28,2.99,NULL
2627,19-06-2005 08:32,592,610,19-06-2005 08:32,0.99,NULL
2628,19-06-2005 08:34,3,855,19-06-2005 08:34,2.99,NULL
2629,19-06-2005 08:42,458,393,19-06-2005 08:42,5.99,NULL
2630,19-06-2005 08:47,236,852,19-06-2005 08:47,2.99,NULL
2631,19-06-2005 08:49,39,760,19-06-2005 08:49,4.99,1
2632,19-06-2005 08:51,574,491,19-06-2005 08:51,0.99,0.5
2633,19-06-2005 08:53,68,759,19-06-2005 08:53,2.99,1
2634,19-06-2005 08:55,318,806,19-06-2005 08:55,2.99,NULL
2635,19-06-2005 09:08,105,733,19-06-2005 09:08,3.99,NULL
2636,19-06-2005 09:13,253,456,19-06-2005 09:13,4.99,0.5
2637,19-06-2005 09:20,327,600,19-06-2005 09:20,3.99,0.5
2638,19-06-2005 09:23,295,646,19-06-2005 09:23,1.99,1
2639,19-06-2005 09:24,116,865,19-06-2005 09:24,4.99,NULL
2640,19-06-2005 09:26,540,158,19-06-2005 09:26,2.99,NULL
2641,19-06-2005 09:38,374,51,19-06-2005 09:38,2.99,1
2642,19-06-2005 09:39,4,448,19-06-2005 09:39,5.99,NULL
2643,19-06-2005 09:39,318,418,19-06-2005 09:39,2.99,NULL
2644,19-06-2005 09:42,309,418,19-06-2005 09:42,3.99,NULL
2645,19-06-2005 09:50,181,494,19-06-2005 09:50,5.99,NULL
2646,19-06-2005 09:56,275,768,19-06-2005 09:56,4.99,NULL
2647,19-06-2005 09:57,54,426,19-06-2005 09:57,4.99,0.5
2648,19-06-2005 10:06,31,354,19-06-2005 10:06,4.99,1
2649,19-06-2005 10:20,153,19,19-06-2005 10:20,0.99,NULL
2650,19-06-2005 10:21,209,915,19-06-2005 10:21,4.99,1
2651,19-06-2005 10:22,576,471,19-06-2005 10:22,3.99,NULL
2652,19-06-2005 10:35,589,683,19-06-2005 10:35,8.99,NULL
2653,19-06-2005 10:36,340,772,19-06-2005 10:36,5.99,1
2654,19-06-2005 10:37,405,809,19-06-2005 10:37,3.99,NULL
2655,19-06-2005 10:38,29,360,19-06-2005 10:38,0.99,0.5
2656,19-06-2005 10:42,280,121,19-06-2005 10:42,3.99,NULL
2657,19-06-2005 10:42,19,786,19-06-2005 10:42,2.99,NULL
2658,19-06-2005 10:43,156,723,19-06-2005 10:43,4.99,NULL
2659,19-06-2005 10:47,139,12,19-06-2005 10:47,0.99,NULL
2660,19-06-2005 10:50,221,946,19-06-2005 10:50,10.99,NULL
2661,19-06-2005 10:50,452,797,19-06-2005 10:50,0.99,NULL
2662,19-06-2005 10:53,68,858,19-06-2005 10:53,4.99,1
2663,19-06-2005 10:54,583,227,19-06-2005 10:54,4.99,NULL
2664,19-06-2005 11:11,299,766,19-06-2005 11:11,4.99,0.5
2665,19-06-2005 11:12,133,989,19-06-2005 11:12,7.99,NULL
2666,19-06-2005 11:17,454,408,19-06-2005 11:17,9.99,NULL
2667,19-06-2005 11:28,200,230,19-06-2005 11:28,3.99,NULL
2668,19-06-2005 11:28,568,687,19-06-2005 11:28,0.99,NULL
2669,19-06-2005 11:28,523,600,19-06-2005 11:28,0.99,1
2670,19-06-2005 11:30,457,771,19-06-2005 11:30,4.99,NULL
2671,19-06-2005 11:33,451,467,19-06-2005 11:33,1.99,NULL
2672,19-06-2005 11:42,420,257,19-06-2005 11:42,3.99,NULL
2673,19-06-2005 11:42,29,545,19-06-2005 11:42,0.99,0.5
2674,19-06-2005 11:47,585,819,19-06-2005 11:47,0.99,NULL
2675,19-06-2005 11:52,230,677,19-06-2005 11:52,0.99,NULL
2676,19-06-2005 11:54,477,858,19-06-2005 11:54,4.99,NULL
2677,19-06-2005 12:01,428,958,19-06-2005 12:01,2.99,1
2678,19-06-2005 12:12,258,920,19-06-2005 12:12,0.99,NULL
2679,19-06-2005 12:12,109,434,19-06-2005 12:12,5.99,NULL
2680,19-06-2005 12:13,114,190,19-06-2005 12:13,7.99,NULL
2681,19-06-2005 12:15,196,594,19-06-2005 12:15,0.99,NULL
2682,19-06-2005 12:18,538,789,19-06-2005 12:18,4.99,1
2683,19-06-2005 12:27,241,626,19-06-2005 12:27,2.99,1
2684,19-06-2005 12:29,17,271,19-06-2005 12:29,8.99,1
2685,19-06-2005 12:35,283,259,19-06-2005 12:35,2.99,1
2686,19-06-2005 12:44,68,590,19-06-2005 12:44,2.99,1
2687,19-06-2005 12:46,254,692,19-06-2005 12:46,3.99,1
2688,19-06-2005 12:50,309,932,19-06-2005 12:50,6.99,NULL
2689,19-06-2005 12:58,567,543,19-06-2005 12:58,4.99,1
2690,19-06-2005 13:00,391,303,19-06-2005 13:00,2.99,0.5
2691,19-06-2005 13:06,242,760,19-06-2005 13:06,4.99,1
2692,19-06-2005 13:08,388,694,19-06-2005 13:08,4.99,NULL
2693,19-06-2005 13:11,107,563,19-06-2005 13:11,6.99,NULL
2694,19-06-2005 13:17,368,84,19-06-2005 13:17,4.99,0.5
2695,19-06-2005 13:25,208,43,19-06-2005 13:25,2.99,1
2696,19-06-2005 13:28,597,457,19-06-2005 13:28,4.99,NULL
2697,19-06-2005 13:29,448,491,19-06-2005 13:29,0.99,NULL
2698,19-06-2005 13:29,420,851,19-06-2005 13:29,0.99,NULL
2699,19-06-2005 13:29,267,15,19-06-2005 13:29,2.99,1
2700,19-06-2005 13:31,180,206,19-06-2005 13:31,2.99,NULL
2701,19-06-2005 13:33,29,354,19-06-2005 13:33,7.99,0.5
2702,19-06-2005 13:35,329,378,19-06-2005 13:35,2.99,0.5
2703,19-06-2005 13:36,319,890,19-06-2005 13:36,4.99,NULL
2704,19-06-2005 13:50,246,440,19-06-2005 13:50,1.99,1
2705,19-06-2005 13:54,562,265,19-06-2005 13:54,4.99,NULL
2706,19-06-2005 13:56,559,82,19-06-2005 13:56,0.99,0.5
2707,19-06-2005 13:57,589,980,19-06-2005 13:57,8.99,NULL
2708,19-06-2005 13:59,541,583,19-06-2005 13:59,6.99,NULL
2709,19-06-2005 14:00,7,631,19-06-2005 14:00,0.99,NULL
2710,19-06-2005 14:03,446,650,19-06-2005 14:03,0.99,1
2711,19-06-2005 14:12,313,859,19-06-2005 14:12,4.99,1
2712,19-06-2005 14:20,411,688,19-06-2005 14:20,0.99,NULL
2713,19-06-2005 14:23,378,867,19-06-2005 14:23,4.99,1
2714,19-06-2005 14:26,81,625,19-06-2005 14:26,1.99,NULL
2715,19-06-2005 14:29,404,451,19-06-2005 14:29,4.99,0.5
2716,19-06-2005 14:40,252,209,19-06-2005 14:40,4.99,NULL
2717,19-06-2005 14:46,200,28,19-06-2005 14:46,4.99,NULL
2718,19-06-2005 14:49,139,971,19-06-2005 14:49,7.99,NULL
2719,19-06-2005 14:50,336,267,19-06-2005 14:50,4.99,1
2720,19-06-2005 14:51,504,786,19-06-2005 14:51,1.99,NULL
2721,19-06-2005 14:53,358,829,19-06-2005 14:53,2.99,1
2722,19-06-2005 14:55,45,212,19-06-2005 14:55,4.99,NULL
2723,19-06-2005 14:55,277,941,19-06-2005 14:55,4.99,NULL
2724,19-06-2005 14:57,103,848,19-06-2005 14:57,0.99,NULL
2725,19-06-2005 15:01,246,12,19-06-2005 15:01,0.99,1
2726,19-06-2005 15:02,420,651,19-06-2005 15:02,0.99,NULL
2727,19-06-2005 15:02,129,717,19-06-2005 15:02,3.99,1
2728,19-06-2005 15:04,408,169,19-06-2005 15:04,2.99,NULL
2729,19-06-2005 15:06,510,972,19-06-2005 15:06,8.99,1
2730,19-06-2005 15:10,30,280,19-06-2005 15:10,2.99,NULL
2731,19-06-2005 15:14,138,917,19-06-2005 15:14,7.99,1
2732,19-06-2005 15:19,386,132,19-06-2005 15:19,0.99,NULL
2733,19-06-2005 15:21,188,336,19-06-2005 15:21,4.99,NULL
2734,19-06-2005 15:36,204,173,19-06-2005 15:36,4.99,0.5
2735,19-06-2005 15:42,29,993,19-06-2005 15:42,2.99,0.5
2736,19-06-2005 15:43,359,985,19-06-2005 15:43,4.99,NULL
2737,19-06-2005 15:48,513,688,19-06-2005 15:48,1.99,NULL
2738,19-06-2005 15:56,75,77,19-06-2005 15:56,4.99,NULL
2739,19-06-2005 15:58,212,48,19-06-2005 15:58,9.99,NULL
2740,19-06-2005 15:59,92,336,19-06-2005 15:59,8.99,1
2741,19-06-2005 16:05,36,363,19-06-2005 16:05,0.99,0.5
2742,19-06-2005 16:05,187,902,19-06-2005 16:05,5.99,NULL
2743,19-06-2005 16:15,35,572,19-06-2005 16:15,2.99,NULL
2744,19-06-2005 16:20,368,985,19-06-2005 16:20,4.99,0.5
2745,19-06-2005 16:21,26,277,19-06-2005 16:21,4.99,NULL
2746,19-06-2005 16:21,562,206,19-06-2005 16:21,3.99,NULL
2747,19-06-2005 16:22,422,302,19-06-2005 16:22,2.99,1
2748,19-06-2005 16:22,473,113,19-06-2005 16:22,4.99,NULL
2749,19-06-2005 16:27,358,337,19-06-2005 16:27,2.99,1
2750,19-06-2005 16:37,197,827,19-06-2005 16:37,4.99,1
2751,19-06-2005 16:39,148,285,19-06-2005 16:39,3.99,NULL
2752,19-06-2005 16:44,149,85,19-06-2005 16:44,0.99,NULL
2753,19-06-2005 16:44,23,525,19-06-2005 16:44,1.99,NULL
2754,19-06-2005 16:55,267,382,19-06-2005 16:55,4.99,1
2755,19-06-2005 16:56,506,210,19-06-2005 16:56,9.99,NULL
2756,19-06-2005 16:57,144,719,19-06-2005 16:57,4.99,NULL
2757,19-06-2005 17:01,243,835,19-06-2005 17:01,5.99,NULL
2758,19-06-2005 17:04,423,777,19-06-2005 17:04,6.99,0.5
2759,19-06-2005 17:10,351,150,19-06-2005 17:10,2.99,1
2760,19-06-2005 17:16,192,571,19-06-2005 17:16,3.99,1
2761,19-06-2005 17:22,431,462,19-06-2005 17:22,2.99,NULL
2762,19-06-2005 17:22,457,753,19-06-2005 17:22,3.99,NULL
2763,19-06-2005 17:23,276,680,19-06-2005 17:23,4.99,NULL
2764,19-06-2005 17:27,479,374,19-06-2005 17:27,6.99,NULL
2765,19-06-2005 17:34,478,228,19-06-2005 17:34,4.99,NULL
2766,19-06-2005 17:45,345,749,19-06-2005 17:45,4.99,NULL
2767,19-06-2005 17:46,596,882,19-06-2005 17:46,1.99,NULL
2768,19-06-2005 17:46,129,663,19-06-2005 17:46,0.99,1
2769,19-06-2005 17:52,354,271,19-06-2005 17:52,6.99,1
2770,19-06-2005 17:54,533,667,19-06-2005 17:54,6.99,1
2771,19-06-2005 17:54,262,8,19-06-2005 17:54,6.99,NULL
2772,19-06-2005 17:59,520,271,19-06-2005 17:59,4.99,1
2773,19-06-2005 18:04,505,902,19-06-2005 18:04,7.99,NULL
2774,19-06-2005 18:05,299,616,19-06-2005 18:05,2.99,0.5
2775,19-06-2005 18:14,590,147,19-06-2005 18:14,2.99,NULL
2776,19-06-2005 18:16,551,376,19-06-2005 18:16,3.99,1
2777,19-06-2005 18:16,230,891,19-06-2005 18:16,0.99,NULL
2778,19-06-2005 18:18,422,737,19-06-2005 18:18,5.99,1
2779,19-06-2005 18:19,376,228,19-06-2005 18:19,0.99,1
2780,19-06-2005 18:19,360,330,19-06-2005 18:19,6.99,NULL
2781,19-06-2005 18:24,197,273,19-06-2005 18:24,2.99,1
2782,19-06-2005 18:25,156,796,19-06-2005 18:25,0.99,NULL
2783,19-06-2005 18:29,113,609,19-06-2005 18:29,2.99,NULL
2784,19-06-2005 18:40,289,501,19-06-2005 18:40,10.99,NULL
2785,19-06-2005 18:43,137,181,19-06-2005 18:43,2.99,NULL
2786,19-06-2005 18:46,594,488,19-06-2005 18:46,0.99,1
2787,19-06-2005 18:47,307,739,19-06-2005 18:47,4.99,1
2788,19-06-2005 18:48,171,319,19-06-2005 18:48,2.99,NULL
2789,19-06-2005 18:48,514,524,19-06-2005 18:48,0.99,1
2790,19-06-2005 18:49,97,45,19-06-2005 18:49,4.99,NULL
2791,19-06-2005 18:51,299,469,19-06-2005 18:51,4.99,0.5
2792,19-06-2005 18:52,437,672,19-06-2005 18:52,2.99,NULL
2793,19-06-2005 18:52,419,160,19-06-2005 18:52,2.99,1
2794,19-06-2005 18:53,85,427,19-06-2005 18:53,0.99,NULL
2795,19-06-2005 18:58,129,808,19-06-2005 18:58,4.99,1
2796,19-06-2005 19:00,209,508,19-06-2005 19:00,4.99,1
2797,19-06-2005 19:04,486,707,19-06-2005 19:04,2.99,NULL
2798,19-06-2005 19:07,180,296,19-06-2005 19:07,2.99,NULL
2799,19-06-2005 19:15,576,1000,19-06-2005 19:15,4.99,NULL
2800,19-06-2005 19:15,146,40,19-06-2005 19:15,0.99,NULL
2801,19-06-2005 19:18,29,999,19-06-2005 19:18,2.99,0.5
2802,19-06-2005 19:18,489,887,19-06-2005 19:18,4.99,0.5
2803,19-06-2005 19:18,120,21,19-06-2005 19:18,9.99,NULL
2804,19-06-2005 19:24,426,18,19-06-2005 19:24,0.99,1
2805,19-06-2005 19:29,80,465,19-06-2005 19:29,8.99,NULL
2806,19-06-2005 19:30,510,458,19-06-2005 19:30,0.99,1
2807,19-06-2005 19:32,194,620,19-06-2005 19:32,3.99,0.5
2808,19-06-2005 19:34,325,12,19-06-2005 19:34,2.99,1
2809,19-06-2005 19:40,44,388,19-06-2005 19:40,3.99,1
2810,19-06-2005 19:44,67,560,19-06-2005 19:44,0.99,1
2811,19-06-2005 19:53,457,850,19-06-2005 19:53,0.99,NULL
2812,19-06-2005 19:58,211,662,19-06-2005 19:58,8.99,1
2813,19-06-2005 20:01,284,749,19-06-2005 20:01,6.99,NULL
2814,19-06-2005 20:01,10,387,19-06-2005 20:01,0.99,0.5
2815,19-06-2005 20:03,27,668,19-06-2005 20:03,4.99,NULL
2816,19-06-2005 20:04,94,471,19-06-2005 20:04,2.99,NULL
2817,19-06-2005 20:05,510,762,19-06-2005 20:05,0.99,1
2818,19-06-2005 20:05,497,518,19-06-2005 20:05,4.99,NULL
2819,19-06-2005 20:13,82,892,19-06-2005 20:13,8.99,NULL
2820,19-06-2005 20:20,316,187,19-06-2005 20:20,4.99,1
2821,19-06-2005 20:26,532,559,19-06-2005 20:26,3.99,1
2822,19-06-2005 20:29,48,786,19-06-2005 20:29,0.99,1
2823,19-06-2005 20:30,260,779,19-06-2005 20:30,7.99,1
2824,19-06-2005 20:31,506,631,19-06-2005 20:31,6.99,NULL
2825,19-06-2005 20:32,418,571,19-06-2005 20:32,2.99,NULL
2826,19-06-2005 20:41,125,653,19-06-2005 20:41,7.99,NULL
2827,19-06-2005 20:50,23,602,19-06-2005 20:50,0.99,NULL
2828,19-06-2005 20:51,526,709,19-06-2005 20:51,2.99,NULL
2829,19-06-2005 21:11,341,445,19-06-2005 21:11,2.99,NULL
2830,19-06-2005 21:14,21,451,19-06-2005 21:14,4.99,0.5
2831,19-06-2005 21:17,468,891,19-06-2005 21:17,0.99,1
2832,19-06-2005 21:21,593,181,19-06-2005 21:21,4.99,NULL
2833,19-06-2005 21:34,232,431,19-06-2005 21:34,8.99,NULL
2834,19-06-2005 21:41,122,631,19-06-2005 21:41,1.99,NULL
2835,19-06-2005 21:44,89,964,19-06-2005 21:44,7.99,NULL
2836,19-06-2005 21:58,306,319,19-06-2005 21:58,6.99,NULL
2837,19-06-2005 22:03,371,91,19-06-2005 22:03,0.99,NULL
2838,19-06-2005 22:06,292,29,19-06-2005 22:06,3.99,NULL
2839,19-06-2005 22:07,256,844,19-06-2005 22:07,4.99,NULL
2840,19-06-2005 22:17,236,245,19-06-2005 22:17,3.99,NULL
2841,19-06-2005 22:21,193,133,19-06-2005 22:21,6.99,NULL
2842,19-06-2005 22:34,217,911,19-06-2005 22:34,4.99,1
2843,19-06-2005 22:36,148,331,19-06-2005 22:36,3.99,NULL
2844,19-06-2005 22:40,178,973,19-06-2005 22:40,6.99,1
2845,19-06-2005 22:46,583,861,19-06-2005 22:46,5.99,NULL
2846,19-06-2005 22:52,193,141,19-06-2005 22:52,4.99,NULL
2847,19-06-2005 22:54,148,275,19-06-2005 22:54,5.99,NULL
2848,19-06-2005 22:55,19,756,19-06-2005 22:55,2.99,NULL
2849,19-06-2005 23:06,283,791,19-06-2005 23:06,7.99,1
2850,19-06-2005 23:06,262,45,19-06-2005 23:06,8.99,NULL
2851,19-06-2005 23:07,361,468,19-06-2005 23:07,2.99,NULL
2852,19-06-2005 23:08,453,591,19-06-2005 23:08,5.99,NULL
2853,19-06-2005 23:09,453,564,19-06-2005 23:09,7.99,NULL
2854,19-06-2005 23:11,81,973,19-06-2005 23:11,5.99,NULL
2855,19-06-2005 23:11,483,765,19-06-2005 23:11,4.99,0.5
2856,19-06-2005 23:13,210,406,19-06-2005 23:13,0.99,NULL
2857,19-06-2005 23:15,364,633,19-06-2005 23:15,4.99,NULL
2858,19-06-2005 23:17,268,576,19-06-2005 23:17,2.99,1
2859,19-06-2005 23:18,147,25,19-06-2005 23:18,2.99,0.5
2860,19-06-2005 23:20,107,668,19-06-2005 23:20,4.99,NULL
2861,19-06-2005 23:21,116,326,19-06-2005 23:21,3.99,NULL
2862,19-06-2005 23:47,52,926,19-06-2005 23:47,2.99,NULL
2863,19-06-2005 23:58,228,526,19-06-2005 23:58,2.99,NULL
2864,20-06-2005 00:00,493,235,20-06-2005 00:00,2.99,0.5
2865,20-06-2005 00:00,10,344,20-06-2005 00:00,0.99,0.5
2866,20-06-2005 00:01,44,596,20-06-2005 00:01,4.99,1
2867,20-06-2005 00:08,483,19,20-06-2005 00:08,0.99,0.5
2868,20-06-2005 00:08,214,269,20-06-2005 00:08,2.99,NULL
2869,20-06-2005 00:09,155,294,20-06-2005 00:09,4.99,NULL
2870,20-06-2005 00:17,467,48,20-06-2005 00:17,9.99,NULL
2871,20-06-2005 00:27,443,377,20-06-2005 00:27,2.99,1
2872,20-06-2005 00:38,240,827,20-06-2005 00:38,5.99,0.5
2873,20-06-2005 00:41,160,730,20-06-2005 00:41,2.99,1
2874,20-06-2005 00:42,166,73,20-06-2005 00:42,5.99,NULL
2875,20-06-2005 00:47,186,661,20-06-2005 00:47,4.99,1
2876,20-06-2005 01:06,39,685,20-06-2005 01:06,4.99,1
2877,20-06-2005 01:07,267,109,20-06-2005 01:07,1.99,1
2878,20-06-2005 01:09,88,895,20-06-2005 01:09,2.99,NULL
2879,20-06-2005 01:24,583,417,20-06-2005 01:24,3.99,NULL
2880,20-06-2005 01:24,193,370,20-06-2005 01:24,2.99,NULL
2881,20-06-2005 01:26,307,305,20-06-2005 01:26,2.99,1
2882,20-06-2005 01:26,152,45,20-06-2005 01:26,4.99,1
2883,20-06-2005 01:29,320,127,20-06-2005 01:29,7.99,NULL
2884,20-06-2005 01:31,319,743,20-06-2005 01:31,0.99,NULL
2885,20-06-2005 01:33,330,593,20-06-2005 01:33,0.99,NULL
2886,20-06-2005 01:38,154,381,20-06-2005 01:38,4.99,1
2887,20-06-2005 01:39,453,239,20-06-2005 01:39,4.99,NULL
2888,20-06-2005 01:50,7,103,20-06-2005 01:50,4.99,NULL
2889,20-06-2005 01:54,213,31,20-06-2005 01:54,4.99,NULL
2890,20-06-2005 02:00,392,753,20-06-2005 02:00,4.99,NULL
2891,20-06-2005 02:02,32,76,20-06-2005 02:02,1.99,1
2892,20-06-2005 02:06,430,656,20-06-2005 02:06,0.99,1
2893,20-06-2005 02:22,153,88,20-06-2005 02:22,4.99,NULL
2894,20-06-2005 02:22,76,940,20-06-2005 02:22,0.99,NULL
2895,20-06-2005 02:26,141,972,20-06-2005 02:26,7.99,0.5
2896,20-06-2005 02:33,40,242,20-06-2005 02:33,2.99,NULL
2897,20-06-2005 02:34,107,759,20-06-2005 02:34,3.99,NULL
2898,20-06-2005 02:38,178,682,20-06-2005 02:38,9.99,1
2899,20-06-2005 02:39,459,417,20-06-2005 02:39,0.99,0.5
2900,20-06-2005 02:40,294,747,20-06-2005 02:40,2.99,NULL
2901,20-06-2005 02:41,25,145,20-06-2005 02:41,4.99,NULL
2902,20-06-2005 02:45,304,611,20-06-2005 02:45,4.99,NULL
2903,20-06-2005 02:49,53,783,20-06-2005 02:49,2.99,0.5
2904,20-06-2005 02:54,55,474,20-06-2005 02:54,2.99,1
2905,20-06-2005 02:56,189,851,20-06-2005 02:56,1.99,NULL
2906,20-06-2005 03:04,58,242,20-06-2005 03:04,0.99,NULL
2907,20-06-2005 03:15,208,553,20-06-2005 03:15,0.99,1
2908,20-06-2005 03:16,91,114,20-06-2005 03:16,0.99,NULL
2909,20-06-2005 03:19,451,370,20-06-2005 03:19,3.99,NULL
2910,20-06-2005 03:31,57,137,20-06-2005 03:31,7.99,NULL
2911,20-06-2005 03:32,502,796,20-06-2005 03:32,0.99,1
2912,20-06-2005 03:32,196,239,20-06-2005 03:32,4.99,NULL
2913,20-06-2005 03:42,402,758,20-06-2005 03:42,2.99,NULL
2914,20-06-2005 03:43,342,527,20-06-2005 03:43,5.99,1
2915,20-06-2005 03:57,262,285,20-06-2005 03:57,1.99,NULL
2916,20-06-2005 04:01,590,678,20-06-2005 04:01,6.99,NULL
2917,20-06-2005 04:08,451,140,20-06-2005 04:08,0.99,NULL
2918,20-06-2005 04:09,215,433,20-06-2005 04:09,2.99,NULL
2919,20-06-2005 04:10,509,621,20-06-2005 04:10,4.99,1
2920,20-06-2005 04:12,588,109,20-06-2005 04:12,3.99,1
2921,20-06-2005 04:13,59,388,20-06-2005 04:13,3.99,1
2922,20-06-2005 04:13,176,365,20-06-2005 04:13,4.99,NULL
2923,20-06-2005 04:16,29,22,20-06-2005 04:16,2.99,0.5
2924,20-06-2005 04:20,132,127,20-06-2005 04:20,4.99,NULL
2925,20-06-2005 04:23,301,175,20-06-2005 04:23,2.99,1
2926,20-06-2005 04:37,379,235,20-06-2005 04:37,2.99,1
2927,20-06-2005 04:41,403,86,20-06-2005 04:41,4.99,1
2928,20-06-2005 04:43,104,280,20-06-2005 04:43,0.99,NULL
2929,20-06-2005 04:47,333,744,20-06-2005 04:47,1.99,NULL
2930,20-06-2005 04:50,585,789,20-06-2005 04:50,3.99,NULL
2931,20-06-2005 04:50,258,686,20-06-2005 04:50,8.99,NULL
2932,20-06-2005 04:51,526,966,20-06-2005 04:51,6.99,NULL
2933,20-06-2005 04:52,323,979,20-06-2005 04:52,4.99,NULL
2934,20-06-2005 05:05,228,152,20-06-2005 05:05,2.99,NULL
2935,20-06-2005 05:07,384,600,20-06-2005 05:07,3.99,1
2936,20-06-2005 05:09,330,587,20-06-2005 05:09,4.99,NULL
2937,20-06-2005 05:15,15,435,20-06-2005 05:15,5.99,1
2938,20-06-2005 05:17,504,390,20-06-2005 05:17,6.99,NULL
2939,20-06-2005 05:18,203,579,20-06-2005 05:18,7.99,NULL
2940,20-06-2005 05:20,73,550,20-06-2005 05:20,4.99,NULL
2941,20-06-2005 05:22,135,793,20-06-2005 05:22,2.99,1
2942,20-06-2005 05:27,242,223,20-06-2005 05:27,4.99,1
2943,20-06-2005 05:43,418,569,20-06-2005 05:43,2.99,NULL
2944,20-06-2005 05:43,474,340,20-06-2005 05:43,7.99,NULL
2945,20-06-2005 05:49,153,912,20-06-2005 05:49,5.99,NULL
2946,20-06-2005 05:50,213,817,20-06-2005 05:50,4.99,NULL
2947,20-06-2005 06:00,151,937,20-06-2005 06:00,2.99,1
2948,20-06-2005 06:02,289,925,20-06-2005 06:02,6.99,NULL
2949,20-06-2005 06:05,78,83,20-06-2005 06:05,6.99,1
2950,20-06-2005 06:08,561,314,20-06-2005 06:08,4.99,NULL
2951,20-06-2005 06:23,404,638,20-06-2005 06:23,2.99,0.5
2952,20-06-2005 06:26,13,823,20-06-2005 06:26,2.99,0.5
2953,20-06-2005 06:39,540,397,20-06-2005 06:39,3.99,NULL
2954,20-06-2005 06:45,336,83,20-06-2005 06:45,2.99,1
2955,20-06-2005 06:46,244,502,20-06-2005 06:46,3.99,NULL
2956,20-06-2005 06:47,533,589,20-06-2005 06:47,0.99,1
2957,20-06-2005 06:53,542,879,20-06-2005 06:53,10.99,NULL
2958,20-06-2005 06:56,260,303,20-06-2005 06:56,3.99,1
2959,20-06-2005 07:07,372,911,20-06-2005 07:07,4.99,NULL
2960,20-06-2005 07:10,16,865,20-06-2005 07:10,7.99,NULL
2961,20-06-2005 07:29,399,991,20-06-2005 07:29,2.99,NULL
2962,20-06-2005 07:31,364,652,20-06-2005 07:31,3.99,NULL
2963,20-06-2005 07:33,24,316,20-06-2005 07:33,7.99,NULL
2964,20-06-2005 07:33,590,267,20-06-2005 07:33,9.99,NULL
2965,20-06-2005 07:33,46,6,20-06-2005 07:33,8.99,1
2966,20-06-2005 07:39,511,763,20-06-2005 07:39,10.99,1
2967,20-06-2005 07:40,311,922,20-06-2005 07:40,6.99,1
2968,20-06-2005 07:41,252,965,20-06-2005 07:41,0.99,NULL
2969,20-06-2005 07:44,418,380,20-06-2005 07:44,2.99,NULL
2970,20-06-2005 07:51,449,258,20-06-2005 07:51,2.99,0.5
2971,20-06-2005 07:56,410,348,20-06-2005 07:56,0.99,NULL
2972,20-06-2005 07:57,531,483,20-06-2005 07:57,2.99,0.5
2973,20-06-2005 07:59,96,575,20-06-2005 07:59,5.99,NULL
2974,20-06-2005 08:00,472,504,20-06-2005 08:00,0.99,1
2975,20-06-2005 08:06,46,989,20-06-2005 08:06,4.99,1
2976,20-06-2005 08:09,55,915,20-06-2005 08:09,4.99,1
2977,20-06-2005 08:15,571,580,20-06-2005 08:15,10.99,NULL
2978,20-06-2005 08:25,548,951,20-06-2005 08:25,0.99,NULL
2979,20-06-2005 08:31,589,863,20-06-2005 08:31,2.99,NULL
2980,20-06-2005 08:35,343,69,20-06-2005 08:35,8.99,NULL
2981,20-06-2005 08:35,387,115,20-06-2005 08:35,5.99,NULL
2982,20-06-2005 08:38,130,563,20-06-2005 08:38,6.99,1
2983,20-06-2005 08:41,322,298,20-06-2005 08:41,7.99,NULL
2984,20-06-2005 08:43,435,395,20-06-2005 08:43,0.99,1
2985,20-06-2005 08:45,154,24,20-06-2005 08:45,2.99,1
2986,20-06-2005 08:50,556,105,20-06-2005 08:50,0.99,NULL
2987,20-06-2005 08:55,349,334,20-06-2005 08:55,6.99,NULL
2988,20-06-2005 08:59,557,694,20-06-2005 08:59,6.99,NULL
2989,20-06-2005 08:59,56,348,20-06-2005 08:59,0.99,NULL
2990,20-06-2005 09:02,18,995,20-06-2005 09:02,8.99,NULL
2991,20-06-2005 09:10,472,938,20-06-2005 09:10,4.99,1
2992,20-06-2005 09:11,439,735,20-06-2005 09:11,2.99,NULL
2993,20-06-2005 09:12,40,334,20-06-2005 09:12,4.99,NULL
2994,20-06-2005 09:17,163,285,20-06-2005 09:17,6.99,0.5
2995,20-06-2005 09:18,573,992,20-06-2005 09:18,1.99,NULL
2996,20-06-2005 09:20,500,886,20-06-2005 09:20,2.99,NULL
2997,20-06-2005 09:23,519,317,20-06-2005 09:23,5.99,0.5
2998,20-06-2005 09:30,380,285,20-06-2005 09:30,1.99,NULL
2999,20-06-2005 09:30,295,160,20-06-2005 09:30,2.99,1
3000,20-06-2005 09:32,50,119,20-06-2005 09:32,0.99,NULL
3001,20-06-2005 09:50,393,646,20-06-2005 09:50,2.99,1
3002,20-06-2005 09:56,266,603,20-06-2005 09:56,4.99,NULL
3003,20-06-2005 10:00,38,134,20-06-2005 10:00,4.99,NULL
3004,20-06-2005 10:04,113,622,20-06-2005 10:04,0.99,NULL
3005,20-06-2005 10:10,598,64,20-06-2005 10:10,2.99,NULL
3006,20-06-2005 10:10,133,366,20-06-2005 10:10,0.99,NULL
3007,20-06-2005 10:11,7,424,20-06-2005 10:11,0.99,NULL
3008,20-06-2005 10:23,202,743,20-06-2005 10:23,0.99,1
3009,20-06-2005 10:24,280,597,20-06-2005 10:24,4.99,NULL
3010,20-06-2005 10:29,567,286,20-06-2005 10:29,2.99,1
3011,20-06-2005 10:39,147,956,20-06-2005 10:39,5.99,0.5
3012,20-06-2005 10:43,206,305,20-06-2005 10:43,4.99,1
3013,20-06-2005 10:45,290,901,20-06-2005 10:45,3.99,NULL
3014,20-06-2005 10:45,434,471,20-06-2005 10:45,2.99,NULL
3015,20-06-2005 10:48,23,289,20-06-2005 10:48,5.99,NULL
3016,20-06-2005 10:55,558,769,20-06-2005 10:55,4.99,NULL
3017,20-06-2005 11:08,151,552,20-06-2005 11:08,3.99,1
3018,20-06-2005 11:10,112,901,20-06-2005 11:10,2.99,NULL
3019,20-06-2005 11:11,144,109,20-06-2005 11:11,4.99,NULL
3020,20-06-2005 11:12,74,951,20-06-2005 11:12,1.99,1
3021,20-06-2005 11:13,62,24,20-06-2005 11:13,4.99,NULL
3022,20-06-2005 11:17,466,819,20-06-2005 11:17,3.99,1
3023,20-06-2005 11:18,106,938,20-06-2005 11:18,4.99,1
3024,20-06-2005 11:29,328,429,20-06-2005 11:29,4.99,NULL
3025,20-06-2005 11:46,293,288,20-06-2005 11:46,2.99,NULL
3026,20-06-2005 11:48,347,878,20-06-2005 11:48,4.99,NULL
3027,20-06-2005 11:50,397,877,20-06-2005 11:50,1.99,1
3028,20-06-2005 11:50,264,196,20-06-2005 11:50,0.99,0.5
3029,20-06-2005 11:51,317,73,20-06-2005 11:51,2.99,NULL
3030,20-06-2005 11:51,395,338,20-06-2005 11:51,4.99,NULL
3031,20-06-2005 11:52,491,263,20-06-2005 11:52,4.99,0.5
3032,20-06-2005 11:58,172,816,20-06-2005 11:58,1.99,0.5
3033,20-06-2005 12:02,107,967,20-06-2005 12:02,3.99,NULL
3034,20-06-2005 12:15,296,604,20-06-2005 12:15,0.99,1
3035,20-06-2005 12:17,62,271,20-06-2005 12:17,5.99,NULL
3036,20-06-2005 12:18,399,975,20-06-2005 12:18,5.99,NULL
3037,20-06-2005 12:28,434,443,20-06-2005 12:28,2.99,NULL
3038,20-06-2005 12:28,27,641,20-06-2005 12:28,1.99,NULL
3039,20-06-2005 12:32,186,892,20-06-2005 12:32,4.99,1
3040,20-06-2005 12:34,162,562,20-06-2005 12:34,0.99,NULL
3041,20-06-2005 12:35,459,587,20-06-2005 12:35,4.99,0.5
3042,20-06-2005 12:38,291,681,20-06-2005 12:38,2.99,NULL
3043,20-06-2005 12:38,599,138,20-06-2005 12:38,6.99,1
3044,20-06-2005 12:38,424,706,20-06-2005 12:38,4.99,1
3045,20-06-2005 12:42,459,673,20-06-2005 12:42,0.99,0.5
3046,20-06-2005 12:42,559,103,20-06-2005 12:42,4.99,0.5
3047,20-06-2005 12:45,13,135,20-06-2005 12:45,8.99,0.5
3048,20-06-2005 12:49,482,958,20-06-2005 12:49,2.99,NULL
3049,20-06-2005 12:51,403,114,20-06-2005 12:51,6.99,1
3050,20-06-2005 13:03,557,524,20-06-2005 13:03,3.99,NULL
3051,20-06-2005 13:06,65,308,20-06-2005 13:06,4.99,NULL
3052,20-06-2005 13:09,329,513,20-06-2005 13:09,5.99,0.5
3053,20-06-2005 13:10,329,178,20-06-2005 13:10,0.99,0.5
3054,20-06-2005 13:16,322,619,20-06-2005 13:16,5.99,NULL
3055,20-06-2005 13:19,23,330,20-06-2005 13:19,4.99,NULL
3056,20-06-2005 13:20,95,437,20-06-2005 13:20,2.99,1
3057,20-06-2005 13:22,307,244,20-06-2005 13:22,5.99,1
3058,20-06-2005 13:28,137,208,20-06-2005 13:28,3.99,NULL
3059,20-06-2005 13:38,266,639,20-06-2005 13:38,4.99,NULL
3060,20-06-2005 13:47,446,450,20-06-2005 13:47,2.99,1
3061,20-06-2005 13:48,330,914,20-06-2005 13:48,2.99,NULL
3062,20-06-2005 13:50,75,129,20-06-2005 13:50,6.99,NULL
3063,20-06-2005 13:52,515,862,20-06-2005 13:52,3.99,NULL
3064,20-06-2005 13:53,276,575,20-06-2005 13:53,6.99,NULL
3065,20-06-2005 13:53,227,367,20-06-2005 13:53,0.99,NULL
3066,20-06-2005 13:55,268,247,20-06-2005 13:55,3.99,1
3067,20-06-2005 13:59,349,680,20-06-2005 13:59,8.99,NULL
3068,20-06-2005 14:02,516,427,20-06-2005 14:02,0.99,NULL
3069,20-06-2005 14:13,237,425,20-06-2005 14:13,2.99,NULL
3070,20-06-2005 14:15,543,845,20-06-2005 14:15,4.99,NULL
3071,20-06-2005 14:20,582,266,20-06-2005 14:20,0.99,NULL
3072,20-06-2005 14:21,423,897,20-06-2005 14:21,8.99,0.5
3073,20-06-2005 14:33,471,694,20-06-2005 14:33,4.99,NULL
3074,20-06-2005 14:41,299,315,20-06-2005 14:41,0.99,0.5
3075,20-06-2005 14:52,161,947,20-06-2005 14:52,3.99,NULL
3076,20-06-2005 15:01,109,296,20-06-2005 15:01,5.99,NULL
3077,20-06-2005 15:05,303,366,20-06-2005 15:05,3.99,NULL
3078,20-06-2005 15:09,367,795,20-06-2005 15:09,0.99,1
3079,20-06-2005 15:13,350,462,20-06-2005 15:13,2.99,1
3080,20-06-2005 15:22,377,23,20-06-2005 15:22,1.99,0.5
3081,20-06-2005 15:29,342,449,20-06-2005 15:29,2.99,1
3082,20-06-2005 15:32,164,969,20-06-2005 15:32,8.99,0.5
3083,20-06-2005 15:33,257,637,20-06-2005 15:33,4.99,NULL
3084,20-06-2005 15:35,514,783,20-06-2005 15:35,2.99,1
3085,20-06-2005 15:42,166,932,20-06-2005 15:42,0.99,NULL
3086,20-06-2005 15:42,377,970,20-06-2005 15:42,0.99,0.5
3087,20-06-2005 15:53,111,288,20-06-2005 15:53,2.99,NULL
3088,20-06-2005 15:56,384,670,20-06-2005 15:56,9.99,1
3089,20-06-2005 15:57,151,118,20-06-2005 15:57,0.99,1
3090,20-06-2005 16:00,267,727,20-06-2005 16:00,0.99,1
3091,20-06-2005 16:02,383,188,20-06-2005 16:02,2.99,NULL
3092,20-06-2005 16:04,347,946,20-06-2005 16:04,8.99,NULL
3093,20-06-2005 16:06,556,556,20-06-2005 16:06,4.99,NULL
3094,20-06-2005 16:06,114,445,20-06-2005 16:06,2.99,NULL
3095,20-06-2005 16:16,298,858,20-06-2005 16:16,4.99,NULL
3096,20-06-2005 16:17,79,843,20-06-2005 16:17,4.99,0.5
3097,20-06-2005 16:26,280,945,20-06-2005 16:26,0.99,NULL
3098,20-06-2005 16:37,498,747,20-06-2005 16:37,0.99,NULL
3099,20-06-2005 16:44,380,821,20-06-2005 16:44,1.99,NULL
3100,20-06-2005 16:47,487,530,20-06-2005 16:47,3.99,1
3101,20-06-2005 16:48,384,378,20-06-2005 16:48,4.99,1
3102,20-06-2005 16:55,522,253,20-06-2005 16:55,8.99,NULL
3103,20-06-2005 16:58,553,409,20-06-2005 16:58,6.99,NULL
3104,20-06-2005 17:06,196,326,20-06-2005 17:06,4.99,NULL
3105,20-06-2005 17:11,385,26,20-06-2005 17:11,0.99,0.5
3106,20-06-2005 17:18,201,578,20-06-2005 17:18,4.99,NULL
3107,20-06-2005 17:26,303,988,20-06-2005 17:26,2.99,NULL
3108,20-06-2005 17:28,189,480,20-06-2005 17:28,6.99,NULL
3109,20-06-2005 17:33,93,218,20-06-2005 17:33,0.99,1
3110,20-06-2005 17:40,333,437,20-06-2005 17:40,2.99,NULL
3111,20-06-2005 17:46,579,981,20-06-2005 17:46,2.99,NULL
3112,20-06-2005 17:53,35,814,20-06-2005 17:53,4.99,NULL
3113,20-06-2005 17:56,517,790,20-06-2005 17:56,0.99,NULL
3114,20-06-2005 17:57,8,521,20-06-2005 17:57,4.99,NULL
3115,20-06-2005 17:59,457,474,20-06-2005 17:59,2.99,NULL
3116,20-06-2005 18:04,108,61,20-06-2005 18:04,4.99,NULL
3117,20-06-2005 18:05,31,471,20-06-2005 18:05,2.99,1
3118,20-06-2005 18:05,125,279,20-06-2005 18:05,4.99,NULL
3119,20-06-2005 18:11,296,149,20-06-2005 18:11,0.99,1
3120,20-06-2005 18:19,107,555,20-06-2005 18:19,0.99,NULL
3121,20-06-2005 18:23,132,174,20-06-2005 18:23,4.99,NULL
3122,20-06-2005 18:25,87,596,20-06-2005 18:25,9.99,NULL
3123,20-06-2005 18:26,289,361,20-06-2005 18:26,6.99,NULL
3124,20-06-2005 18:28,113,734,20-06-2005 18:28,8.99,NULL
3125,20-06-2005 18:31,382,725,20-06-2005 18:31,4.99,NULL
3126,20-06-2005 18:38,5,263,20-06-2005 18:38,4.99,NULL
3127,20-06-2005 18:39,461,285,20-06-2005 18:39,5.99,NULL
3128,20-06-2005 18:41,543,43,20-06-2005 18:41,2.99,NULL
3129,20-06-2005 18:57,495,388,20-06-2005 18:57,3.99,1
3130,20-06-2005 19:03,341,563,20-06-2005 19:03,7.99,NULL
3131,20-06-2005 19:08,146,804,20-06-2005 19:08,4.99,NULL
3132,20-06-2005 19:09,90,155,20-06-2005 19:09,0.99,1
3133,20-06-2005 19:18,120,988,20-06-2005 19:18,2.99,NULL
3134,20-06-2005 19:29,537,304,20-06-2005 19:29,8.99,NULL
3135,20-06-2005 19:33,12,249,20-06-2005 19:33,2.99,1
3136,20-06-2005 19:39,377,735,20-06-2005 19:39,2.99,0.5
3137,20-06-2005 19:41,505,172,20-06-2005 19:41,5.99,NULL
3138,20-06-2005 19:43,570,489,20-06-2005 19:43,2.99,NULL
3139,20-06-2005 19:44,354,761,20-06-2005 19:44,2.99,1
3140,20-06-2005 19:47,53,645,20-06-2005 19:47,2.99,0.5
3141,20-06-2005 19:55,398,392,20-06-2005 19:55,9.99,1
3142,20-06-2005 19:59,9,856,20-06-2005 19:59,7.99,NULL
3143,20-06-2005 20:01,215,299,20-06-2005 20:01,2.99,NULL
3144,20-06-2005 20:14,114,287,20-06-2005 20:14,5.99,NULL
3145,20-06-2005 20:21,144,478,20-06-2005 20:21,2.99,NULL
3146,20-06-2005 20:21,339,486,20-06-2005 20:21,6.99,1
3147,20-06-2005 20:25,390,133,20-06-2005 20:25,5.99,NULL
3148,20-06-2005 20:27,202,981,20-06-2005 20:27,0.99,1
3149,20-06-2005 20:34,55,725,20-06-2005 20:34,4.99,1
3150,20-06-2005 20:35,34,19,20-06-2005 20:35,0.99,0.5
3151,20-06-2005 20:36,77,652,20-06-2005 20:36,2.99,1
3152,20-06-2005 20:42,246,228,20-06-2005 20:42,4.99,1
3153,20-06-2005 20:44,430,143,20-06-2005 20:44,0.99,1
3154,20-06-2005 20:44,550,702,20-06-2005 20:44,2.99,1
3155,20-06-2005 21:02,450,101,20-06-2005 21:02,4.99,NULL
3156,20-06-2005 21:03,365,479,20-06-2005 21:03,0.99,0.5
3157,20-06-2005 21:07,245,414,20-06-2005 21:07,2.99,NULL
3158,20-06-2005 21:08,592,759,20-06-2005 21:08,7.99,NULL
3159,20-06-2005 21:11,388,7,20-06-2005 21:11,7.99,NULL
3160,20-06-2005 21:20,561,945,20-06-2005 21:20,4.99,NULL
3161,20-06-2005 21:21,373,293,20-06-2005 21:21,2.99,NULL
3162,20-06-2005 21:21,113,707,20-06-2005 21:21,6.99,NULL
3163,20-06-2005 21:22,391,577,20-06-2005 21:22,2.99,0.5
3164,20-06-2005 21:29,270,32,20-06-2005 21:29,5.99,NULL
3165,20-06-2005 21:29,85,174,20-06-2005 21:29,4.99,NULL
3166,20-06-2005 21:32,424,403,20-06-2005 21:32,6.99,1
3167,20-06-2005 21:42,464,78,20-06-2005 21:42,2.99,NULL
3168,20-06-2005 21:46,446,525,20-06-2005 21:46,0.99,1
3169,20-06-2005 21:55,50,531,20-06-2005 21:55,2.99,NULL
3170,20-06-2005 22:02,421,288,20-06-2005 22:02,4.99,1
3171,20-06-2005 22:15,140,623,20-06-2005 22:15,0.99,NULL
3172,20-06-2005 22:19,31,382,20-06-2005 22:19,1.99,1
3173,20-06-2005 22:21,33,938,20-06-2005 22:21,8.99,NULL
3174,20-06-2005 22:24,107,733,20-06-2005 22:24,0.99,NULL
3175,20-06-2005 22:30,249,891,20-06-2005 22:30,7.99,1
3176,20-06-2005 22:31,371,432,20-06-2005 22:31,3.99,NULL
3177,20-06-2005 22:32,300,559,20-06-2005 22:32,2.99,1
3178,20-06-2005 22:35,79,770,20-06-2005 22:35,2.99,0.5
3179,20-06-2005 22:37,163,479,20-06-2005 22:37,0.99,0.5
3180,20-06-2005 22:48,162,870,20-06-2005 22:48,0.99,NULL
3181,20-06-2005 22:51,238,761,20-06-2005 22:51,2.99,1
3182,20-06-2005 22:52,15,875,20-06-2005 22:52,0.99,1
3183,20-06-2005 22:55,129,961,20-06-2005 22:55,4.99,1
3184,20-06-2005 22:57,457,697,20-06-2005 22:57,2.99,NULL
3185,20-06-2005 22:58,234,131,20-06-2005 22:58,6.99,NULL
3186,20-06-2005 23:04,406,702,20-06-2005 23:04,7.99,NULL
3187,20-06-2005 23:06,150,949,20-06-2005 23:06,1.99,NULL
3188,20-06-2005 23:10,522,541,20-06-2005 23:10,2.99,NULL
3189,20-06-2005 23:19,538,329,20-06-2005 23:19,2.99,1
3190,20-06-2005 23:27,200,78,20-06-2005 23:27,3.99,NULL
3191,20-06-2005 23:46,522,949,20-06-2005 23:46,0.99,NULL
3192,20-06-2005 23:49,11,812,20-06-2005 23:49,0.99,0.5
3193,20-06-2005 23:52,260,697,20-06-2005 23:52,0.99,1
3194,20-06-2005 23:59,432,398,20-06-2005 23:59,4.99,NULL
3195,21-06-2005 00:02,165,520,21-06-2005 00:02,2.99,1
3196,21-06-2005 00:02,52,346,21-06-2005 00:02,4.99,NULL
3197,21-06-2005 00:07,362,393,21-06-2005 00:07,2.99,1
3198,21-06-2005 00:08,295,355,21-06-2005 00:08,1.99,1
3199,21-06-2005 00:12,234,837,21-06-2005 00:12,4.99,NULL
3200,21-06-2005 00:22,221,895,21-06-2005 00:22,5.99,NULL
3201,21-06-2005 00:30,597,1,21-06-2005 00:30,1.99,NULL
3202,21-06-2005 00:33,273,598,21-06-2005 00:33,0.99,NULL
3203,21-06-2005 00:34,158,98,21-06-2005 00:34,8.99,NULL
3204,21-06-2005 00:37,336,624,21-06-2005 00:37,4.99,1
3205,21-06-2005 00:38,31,650,21-06-2005 00:38,0.99,1
3206,21-06-2005 00:39,350,475,21-06-2005 00:39,0.99,1
3207,21-06-2005 00:43,86,875,21-06-2005 00:43,0.99,NULL
3208,21-06-2005 00:50,229,696,21-06-2005 00:50,0.99,1
3209,21-06-2005 00:51,307,65,21-06-2005 00:51,4.99,1
3210,21-06-2005 01:00,75,103,21-06-2005 01:00,4.99,NULL
3211,21-06-2005 01:01,415,254,21-06-2005 01:01,2.99,NULL
3212,21-06-2005 01:04,21,908,21-06-2005 01:04,10.99,0.5
3213,21-06-2005 01:05,534,839,21-06-2005 01:05,1.99,1
3214,21-06-2005 01:08,142,169,21-06-2005 01:08,2.99,NULL
3215,21-06-2005 01:11,279,899,21-06-2005 01:11,0.99,0.5
3216,21-06-2005 01:19,534,158,21-06-2005 01:19,4.99,1
3217,21-06-2005 01:28,463,230,21-06-2005 01:28,2.99,NULL
3218,21-06-2005 01:38,117,397,21-06-2005 01:38,2.99,1
3219,21-06-2005 01:43,129,664,21-06-2005 01:43,3.99,1
3220,21-06-2005 01:46,574,409,21-06-2005 01:46,6.99,0.5
3221,21-06-2005 01:49,454,55,21-06-2005 01:49,2.99,NULL
3222,21-06-2005 01:50,501,876,21-06-2005 01:50,5.99,NULL
3223,21-06-2005 02:06,299,231,21-06-2005 02:06,2.99,0.5
3224,21-06-2005 02:11,173,730,21-06-2005 02:11,0.99,NULL
3225,21-06-2005 02:16,448,225,21-06-2005 02:16,3.99,NULL
3226,21-06-2005 02:18,576,889,21-06-2005 02:18,6.99,NULL
3227,21-06-2005 02:18,568,255,21-06-2005 02:18,4.99,NULL
3228,21-06-2005 02:20,535,545,21-06-2005 02:20,4.99,NULL
3229,21-06-2005 02:20,81,500,21-06-2005 02:20,4.99,NULL
3230,21-06-2005 02:23,83,48,21-06-2005 02:23,4.99,NULL
3231,21-06-2005 02:25,28,54,21-06-2005 02:25,0.99,1
3232,21-06-2005 02:30,555,430,21-06-2005 02:30,1.99,NULL
3233,21-06-2005 02:39,353,774,21-06-2005 02:39,6.99,NULL
3234,21-06-2005 02:39,459,715,21-06-2005 02:39,9.99,0.5
3235,21-06-2005 02:46,49,48,21-06-2005 02:46,4.99,NULL
3236,21-06-2005 02:47,550,327,21-06-2005 02:47,9.99,1
3237,21-06-2005 02:47,466,961,21-06-2005 02:47,4.99,1
3238,21-06-2005 02:48,77,599,21-06-2005 02:48,0.99,1
3239,21-06-2005 02:48,328,746,21-06-2005 02:48,0.99,NULL
3240,21-06-2005 02:53,405,645,21-06-2005 02:53,4.99,NULL
3241,21-06-2005 02:54,499,315,21-06-2005 02:54,1.99,NULL
3242,21-06-2005 02:56,562,311,21-06-2005 02:56,4.99,NULL
3243,21-06-2005 03:00,426,560,21-06-2005 03:00,0.99,1
3244,21-06-2005 03:01,53,66,21-06-2005 03:01,0.99,0.5
3245,21-06-2005 03:06,358,447,21-06-2005 03:06,2.99,1
3246,21-06-2005 03:10,41,969,21-06-2005 03:10,7.99,NULL
3247,21-06-2005 03:12,277,308,21-06-2005 03:12,5.99,NULL
3248,21-06-2005 03:12,78,798,21-06-2005 03:12,7.99,1
3249,21-06-2005 03:13,410,154,21-06-2005 03:13,4.99,NULL
3250,21-06-2005 03:16,467,161,21-06-2005 03:16,6.99,NULL
3251,21-06-2005 03:20,317,309,21-06-2005 03:20,0.99,NULL
3252,21-06-2005 03:25,213,437,21-06-2005 03:25,2.99,NULL
3253,21-06-2005 03:25,405,415,21-06-2005 03:25,5.99,NULL
3254,21-06-2005 03:27,472,850,21-06-2005 03:27,0.99,1
3255,21-06-2005 03:39,482,562,21-06-2005 03:39,0.99,NULL
3256,21-06-2005 03:45,319,273,21-06-2005 03:45,3.99,NULL
3257,21-06-2005 03:47,263,866,21-06-2005 03:47,1.99,NULL
3258,21-06-2005 03:53,241,966,21-06-2005 03:53,0.99,1
3259,21-06-2005 03:57,478,603,21-06-2005 03:57,4.99,NULL
3260,21-06-2005 03:59,380,791,21-06-2005 03:59,4.99,NULL
3261,21-06-2005 04:07,169,442,21-06-2005 04:07,2.99,1
3262,21-06-2005 04:08,9,826,21-06-2005 04:08,4.99,NULL
3263,21-06-2005 04:15,118,764,21-06-2005 04:15,4.99,NULL
3264,21-06-2005 04:19,340,363,21-06-2005 04:19,0.99,1
3265,21-06-2005 04:23,437,794,21-06-2005 04:23,2.99,NULL
3266,21-06-2005 04:49,175,556,21-06-2005 04:49,4.99,1
3267,21-06-2005 04:55,134,247,21-06-2005 04:55,5.99,0.5
3268,21-06-2005 04:55,329,952,21-06-2005 04:55,4.99,0.5
3269,21-06-2005 05:06,17,838,21-06-2005 05:06,5.99,1
3270,21-06-2005 05:07,86,346,21-06-2005 05:07,4.99,NULL
3271,21-06-2005 05:16,196,912,21-06-2005 05:16,5.99,NULL
3272,21-06-2005 05:18,550,243,21-06-2005 05:18,10.99,1
3273,21-06-2005 05:24,104,773,21-06-2005 05:24,2.99,NULL
3274,21-06-2005 05:30,277,466,21-06-2005 05:30,4.99,NULL
3275,21-06-2005 05:33,368,504,21-06-2005 05:33,4.99,0.5
3276,21-06-2005 05:35,425,412,21-06-2005 05:35,6.99,NULL
3277,21-06-2005 05:36,229,294,21-06-2005 05:36,7.99,1
3278,21-06-2005 05:41,554,621,21-06-2005 05:41,2.99,1
3279,21-06-2005 06:05,462,365,21-06-2005 06:05,4.99,1
3280,21-06-2005 06:08,229,143,21-06-2005 06:08,0.99,1
3281,21-06-2005 06:08,363,872,21-06-2005 06:08,2.99,NULL
3282,21-06-2005 06:18,224,366,21-06-2005 06:18,4.99,1
3283,21-06-2005 06:19,372,869,21-06-2005 06:19,3.99,NULL
3284,21-06-2005 06:24,1,997,21-06-2005 06:24,3.99,0.5
3285,21-06-2005 06:30,481,211,21-06-2005 06:30,4.99,NULL
3286,21-06-2005 06:31,577,162,21-06-2005 06:31,2.99,NULL
3287,21-06-2005 06:32,62,963,21-06-2005 06:32,0.99,NULL
3288,21-06-2005 06:36,299,428,21-06-2005 06:36,5.99,0.5
3289,21-06-2005 06:41,115,486,21-06-2005 06:41,6.99,NULL
3290,21-06-2005 06:45,293,598,21-06-2005 06:45,1.99,NULL
3291,21-06-2005 06:55,274,846,21-06-2005 06:55,9.99,1
3292,21-06-2005 06:59,412,724,21-06-2005 06:59,2.99,1
3293,21-06-2005 06:59,481,963,21-06-2005 06:59,0.99,NULL
3294,21-06-2005 07:03,439,521,21-06-2005 07:03,6.99,NULL
3295,21-06-2005 07:04,573,371,21-06-2005 07:04,7.99,NULL
3296,21-06-2005 07:04,284,535,21-06-2005 07:04,0.99,NULL
3297,21-06-2005 07:08,193,865,21-06-2005 07:08,8.99,NULL
3298,21-06-2005 07:09,492,98,21-06-2005 07:09,9.99,1
3299,21-06-2005 07:23,199,751,21-06-2005 07:23,0.99,1
3300,21-06-2005 07:25,565,551,21-06-2005 07:25,5.99,NULL
3301,21-06-2005 07:32,444,112,21-06-2005 07:32,7.99,NULL
3302,21-06-2005 07:33,594,122,21-06-2005 07:33,1.99,1
3303,21-06-2005 07:34,361,344,21-06-2005 07:34,2.99,NULL
3304,21-06-2005 07:43,431,465,21-06-2005 07:43,6.99,NULL
3305,21-06-2005 07:46,578,617,21-06-2005 07:46,2.99,NULL
3306,21-06-2005 07:46,406,364,21-06-2005 07:46,4.99,NULL
3307,21-06-2005 07:52,85,101,21-06-2005 07:52,1.99,NULL
3308,21-06-2005 07:58,96,687,21-06-2005 07:58,0.99,NULL
3309,21-06-2005 08:00,463,56,21-06-2005 08:00,4.99,NULL
3310,21-06-2005 08:04,395,374,21-06-2005 08:04,0.99,NULL
3311,21-06-2005 08:05,518,753,21-06-2005 08:05,0.99,0.5
3312,21-06-2005 08:05,554,226,21-06-2005 08:05,6.99,1
3313,21-06-2005 08:11,213,928,21-06-2005 08:11,2.99,NULL
3314,21-06-2005 08:17,185,944,21-06-2005 08:17,4.99,0.5
3315,21-06-2005 08:17,438,893,21-06-2005 08:17,4.99,NULL
3316,21-06-2005 08:20,451,720,21-06-2005 08:20,6.99,NULL
3317,21-06-2005 08:22,584,892,21-06-2005 08:22,6.99,NULL
3318,21-06-2005 08:23,414,246,21-06-2005 08:23,5.99,NULL
3319,21-06-2005 08:25,461,544,21-06-2005 08:25,4.99,NULL
3320,21-06-2005 08:29,47,189,21-06-2005 08:29,5.99,1
3321,21-06-2005 08:33,144,380,21-06-2005 08:33,2.99,NULL
3322,21-06-2005 08:42,458,942,21-06-2005 08:42,0.99,NULL
3323,21-06-2005 08:45,272,487,21-06-2005 08:45,5.99,1
3324,21-06-2005 08:49,29,621,21-06-2005 08:49,2.99,0.5
3325,21-06-2005 08:51,185,375,21-06-2005 08:51,4.99,0.5
3326,21-06-2005 09:04,347,229,21-06-2005 09:04,7.99,NULL
3327,21-06-2005 09:04,62,677,21-06-2005 09:04,3.99,NULL
3328,21-06-2005 09:08,292,538,21-06-2005 09:08,2.99,NULL
3329,21-06-2005 09:20,335,767,21-06-2005 09:20,4.99,NULL
3330,21-06-2005 09:22,294,67,21-06-2005 09:22,2.99,NULL
3331,21-06-2005 09:37,352,640,21-06-2005 09:37,4.99,NULL
3332,21-06-2005 09:55,82,430,21-06-2005 09:55,0.99,NULL
3333,21-06-2005 10:01,111,806,21-06-2005 10:01,2.99,NULL
3334,21-06-2005 10:04,66,546,21-06-2005 10:04,3.99,NULL
3335,21-06-2005 10:09,339,665,21-06-2005 10:09,4.99,1
3336,21-06-2005 10:14,173,460,21-06-2005 10:14,4.99,NULL
3337,21-06-2005 10:24,318,261,21-06-2005 10:24,0.99,NULL
3338,21-06-2005 10:27,171,455,21-06-2005 10:27,6.99,NULL
3339,21-06-2005 10:37,526,70,21-06-2005 10:37,6.99,NULL
3340,21-06-2005 10:37,540,649,21-06-2005 10:37,3.99,NULL
3341,21-06-2005 10:37,591,473,21-06-2005 10:37,2.99,1
3342,21-06-2005 10:46,196,633,21-06-2005 10:46,4.99,NULL
3343,21-06-2005 10:56,466,443,21-06-2005 10:56,2.99,1
3344,21-06-2005 10:57,277,962,21-06-2005 10:57,2.99,NULL
3345,21-06-2005 11:05,71,971,21-06-2005 11:05,5.99,NULL
3346,21-06-2005 11:06,189,960,21-06-2005 11:06,2.99,NULL
3347,21-06-2005 11:08,448,944,21-06-2005 11:08,5.99,NULL
3348,21-06-2005 11:16,16,646,21-06-2005 11:16,0.99,NULL
3349,21-06-2005 11:17,336,849,21-06-2005 11:17,0.99,1
3350,21-06-2005 11:21,20,707,21-06-2005 11:21,4.99,NULL
3351,21-06-2005 11:21,386,349,21-06-2005 11:21,2.99,NULL
3352,21-06-2005 11:26,510,126,21-06-2005 11:26,8.99,1
3353,21-06-2005 11:29,236,869,21-06-2005 11:29,4.99,NULL
3354,21-06-2005 11:29,529,241,21-06-2005 11:29,0.99,1
3355,21-06-2005 11:30,275,428,21-06-2005 11:30,2.99,NULL
3356,21-06-2005 11:38,403,989,21-06-2005 11:38,5.99,1
3357,21-06-2005 11:55,57,555,21-06-2005 11:55,0.99,NULL
3358,21-06-2005 11:56,69,384,21-06-2005 11:56,4.99,NULL
3359,21-06-2005 12:08,67,838,21-06-2005 12:08,4.99,1
3360,21-06-2005 12:12,498,613,21-06-2005 12:12,0.99,NULL
3361,21-06-2005 12:14,268,586,21-06-2005 12:14,1.99,1
3362,21-06-2005 12:19,454,284,21-06-2005 12:19,4.99,NULL
3363,21-06-2005 12:25,261,118,21-06-2005 12:25,0.99,NULL
3364,21-06-2005 12:37,201,506,21-06-2005 12:37,7.99,NULL
3365,21-06-2005 12:55,133,142,21-06-2005 12:55,0.99,NULL
3366,21-06-2005 13:03,511,567,21-06-2005 13:03,4.99,1
3367,21-06-2005 13:08,80,533,21-06-2005 13:08,3.99,NULL
3368,21-06-2005 13:18,438,119,21-06-2005 13:18,0.99,NULL
3369,21-06-2005 13:20,431,68,21-06-2005 13:20,8.99,NULL
3370,21-06-2005 13:27,559,345,21-06-2005 13:27,1.99,0.5
3371,21-06-2005 13:27,595,555,21-06-2005 13:27,4.99,1
3372,21-06-2005 13:34,346,906,21-06-2005 13:34,2.99,1
3373,21-06-2005 13:35,316,480,21-06-2005 13:35,8.99,1
3374,21-06-2005 13:36,279,238,21-06-2005 13:36,2.99,0.5
3375,21-06-2005 13:37,279,203,21-06-2005 13:37,4.99,0.5
3376,21-06-2005 13:43,318,670,21-06-2005 13:43,7.99,NULL
3377,21-06-2005 13:51,428,402,21-06-2005 13:51,0.99,1
3378,21-06-2005 13:51,387,7,21-06-2005 13:51,4.99,NULL
3379,21-06-2005 13:54,566,439,21-06-2005 13:54,4.99,0.5
3380,21-06-2005 13:58,483,706,21-06-2005 13:58,8.99,0.5
3381,21-06-2005 14:02,183,302,21-06-2005 14:02,5.99,1
3382,21-06-2005 14:05,341,26,21-06-2005 14:05,5.99,NULL
3383,21-06-2005 14:07,239,650,21-06-2005 14:07,5.99,NULL
3384,21-06-2005 14:07,91,90,21-06-2005 14:07,2.99,NULL
3385,21-06-2005 14:16,514,617,21-06-2005 14:16,0.99,1
3386,21-06-2005 14:21,190,271,21-06-2005 14:21,4.99,NULL
3387,21-06-2005 14:21,305,595,21-06-2005 14:21,0.99,NULL
3388,21-06-2005 14:34,119,121,21-06-2005 14:34,5.99,0.5
3389,21-06-2005 14:37,395,159,21-06-2005 14:37,6.99,NULL
3390,21-06-2005 15:10,151,443,21-06-2005 15:10,2.99,1
3391,21-06-2005 15:11,45,6,21-06-2005 15:11,3.99,NULL
3392,21-06-2005 15:12,38,735,21-06-2005 15:12,3.99,NULL
3393,21-06-2005 15:14,362,356,21-06-2005 15:14,2.99,1
3394,21-06-2005 15:17,295,745,21-06-2005 15:17,8.99,1
3395,21-06-2005 15:19,66,823,21-06-2005 15:19,6.99,NULL
3396,21-06-2005 15:23,371,602,21-06-2005 15:23,0.99,NULL
3397,21-06-2005 15:30,552,131,21-06-2005 15:30,4.99,1
3398,21-06-2005 15:34,599,49,21-06-2005 15:34,4.99,1
3399,21-06-2005 15:47,98,135,21-06-2005 15:47,4.99,NULL
3400,21-06-2005 15:50,298,369,21-06-2005 15:50,4.99,NULL
3401,21-06-2005 15:52,577,750,21-06-2005 15:52,6.99,NULL
3402,21-06-2005 15:54,187,130,21-06-2005 15:54,2.99,NULL
3403,21-06-2005 15:55,264,378,21-06-2005 15:55,3.99,0.5
3404,21-06-2005 15:57,424,436,21-06-2005 15:57,0.99,1
3405,21-06-2005 15:58,155,510,21-06-2005 15:58,4.99,NULL
3406,21-06-2005 16:00,203,445,21-06-2005 16:00,2.99,NULL
3407,21-06-2005 16:14,343,855,21-06-2005 16:14,0.99,NULL
3408,21-06-2005 16:15,282,757,21-06-2005 16:15,4.99,NULL
3409,21-06-2005 16:17,429,740,21-06-2005 16:17,2.99,0.5
3410,21-06-2005 16:20,321,266,21-06-2005 16:20,0.99,NULL
3411,21-06-2005 16:31,12,924,21-06-2005 16:31,0.99,1
3412,21-06-2005 16:44,501,666,21-06-2005 16:44,7.99,NULL
3413,21-06-2005 16:57,322,145,21-06-2005 16:57,8.99,NULL
3414,21-06-2005 16:58,226,644,21-06-2005 16:58,2.99,NULL
3415,21-06-2005 16:59,444,774,21-06-2005 16:59,5.99,NULL
3416,21-06-2005 17:05,76,270,21-06-2005 17:05,0.99,NULL
3417,21-06-2005 17:06,282,193,21-06-2005 17:06,2.99,NULL
3418,21-06-2005 17:06,85,895,21-06-2005 17:06,3.99,NULL
3419,21-06-2005 17:18,22,876,21-06-2005 17:18,2.99,NULL
3420,21-06-2005 17:22,27,554,21-06-2005 17:22,3.99,NULL
3421,21-06-2005 17:22,346,857,21-06-2005 17:22,2.99,1
3422,21-06-2005 17:24,251,597,21-06-2005 17:24,7.99,NULL
3423,21-06-2005 17:38,19,789,21-06-2005 17:38,2.99,NULL
3424,21-06-2005 17:42,583,283,21-06-2005 17:42,0.99,NULL
3425,21-06-2005 18:07,381,993,21-06-2005 18:07,2.99,NULL
3426,21-06-2005 18:12,95,663,21-06-2005 18:12,0.99,1
3427,21-06-2005 18:31,561,122,21-06-2005 18:31,0.99,NULL
3428,21-06-2005 18:39,40,427,21-06-2005 18:39,0.99,NULL
3429,21-06-2005 18:46,599,100,21-06-2005 18:46,6.99,1
3430,21-06-2005 18:46,503,352,21-06-2005 18:46,0.99,0.5
3431,21-06-2005 18:46,516,26,21-06-2005 18:46,2.99,NULL
3432,21-06-2005 19:02,216,394,21-06-2005 19:02,2.99,1
3433,21-06-2005 19:07,228,240,21-06-2005 19:07,3.99,NULL
3434,21-06-2005 19:08,141,499,21-06-2005 19:08,4.99,0.5
3435,21-06-2005 19:14,591,100,21-06-2005 19:14,4.99,1
3436,21-06-2005 19:16,137,601,21-06-2005 19:16,5.99,NULL
3437,21-06-2005 19:20,211,391,21-06-2005 19:20,6.99,1
3438,21-06-2005 19:31,556,382,21-06-2005 19:31,6.99,NULL
3439,21-06-2005 19:36,46,334,21-06-2005 19:36,4.99,1
3440,21-06-2005 19:58,491,187,21-06-2005 19:58,3.99,0.5
3441,21-06-2005 20:00,326,627,21-06-2005 20:00,4.99,NULL
3442,21-06-2005 20:06,255,413,21-06-2005 20:06,2.99,NULL
3443,21-06-2005 20:19,377,358,21-06-2005 20:19,4.99,0.5
3444,21-06-2005 20:39,45,110,21-06-2005 20:39,0.99,NULL
3445,21-06-2005 20:40,74,519,21-06-2005 20:40,7.99,1
3446,21-06-2005 20:45,174,395,21-06-2005 20:45,1.99,NULL
3447,21-06-2005 20:53,25,253,21-06-2005 20:53,4.99,NULL
3448,21-06-2005 20:59,476,129,21-06-2005 20:59,2.99,NULL
3449,21-06-2005 21:01,181,47,21-06-2005 21:01,5.99,NULL
3450,21-06-2005 21:01,126,490,21-06-2005 21:01,2.99,1
3451,21-06-2005 21:10,558,764,21-06-2005 21:10,10.99,NULL
3452,21-06-2005 21:11,293,580,21-06-2005 21:11,4.99,NULL
3453,21-06-2005 21:12,278,184,21-06-2005 21:12,2.99,0.5
3454,21-06-2005 21:12,524,660,21-06-2005 21:12,2.99,NULL
3455,21-06-2005 21:17,340,962,21-06-2005 21:17,2.99,1
3456,21-06-2005 21:19,150,248,21-06-2005 21:19,5.99,NULL
3457,21-06-2005 21:42,312,194,21-06-2005 21:42,3.99,NULL
3458,21-06-2005 21:42,338,462,21-06-2005 21:42,5.99,NULL
3459,21-06-2005 21:45,97,677,21-06-2005 21:45,0.99,NULL
3460,21-06-2005 21:46,236,383,21-06-2005 21:46,2.99,NULL
3461,21-06-2005 21:49,23,374,21-06-2005 21:49,2.99,NULL
3462,21-06-2005 21:52,568,119,21-06-2005 21:52,1.99,NULL
3463,21-06-2005 22:00,96,753,21-06-2005 22:00,0.99,NULL
3464,21-06-2005 22:08,251,592,21-06-2005 22:08,2.99,NULL
3465,21-06-2005 22:10,510,326,21-06-2005 22:10,5.99,1
3466,21-06-2005 22:13,226,81,21-06-2005 22:13,4.99,NULL
3467,21-06-2005 22:19,543,159,21-06-2005 22:19,5.99,NULL
3468,21-06-2005 22:43,100,637,21-06-2005 22:43,6.99,1
3469,21-06-2005 22:48,181,891,21-06-2005 22:48,4.99,NULL
3470,05-07-2005 22:49,565,194,05-07-2005 22:49,0.99,NULL
3471,05-07-2005 22:51,242,376,05-07-2005 22:51,4.99,1
3472,05-07-2005 22:56,37,184,05-07-2005 22:56,7.99,1
3473,05-07-2005 22:57,60,600,05-07-2005 22:57,2.99,1
3474,05-07-2005 22:59,594,19,05-07-2005 22:59,0.99,1
3475,05-07-2005 23:01,8,473,05-07-2005 23:01,5.99,NULL
3476,05-07-2005 23:02,490,661,05-07-2005 23:02,4.99,NULL
3477,05-07-2005 23:05,476,934,05-07-2005 23:05,7.99,NULL
3478,05-07-2005 23:05,322,555,05-07-2005 23:05,0.99,NULL
3479,05-07-2005 23:08,298,492,05-07-2005 23:08,0.99,NULL
3480,05-07-2005 23:11,382,326,05-07-2005 23:11,3.99,NULL
3481,05-07-2005 23:13,138,782,05-07-2005 23:13,2.99,1
3482,05-07-2005 23:13,520,285,05-07-2005 23:13,4.99,1
3483,05-07-2005 23:13,536,16,05-07-2005 23:13,4.99,NULL
3484,05-07-2005 23:23,114,420,05-07-2005 23:23,4.99,NULL
3485,05-07-2005 23:25,111,23,05-07-2005 23:25,1.99,NULL
3486,05-07-2005 23:29,296,887,05-07-2005 23:29,7.99,1
3487,05-07-2005 23:30,586,346,05-07-2005 23:30,6.99,NULL
3488,05-07-2005 23:32,349,200,05-07-2005 23:32,3.99,NULL
3489,05-07-2005 23:33,397,645,05-07-2005 23:33,5.99,1
3490,05-07-2005 23:37,369,667,05-07-2005 23:37,6.99,NULL
3491,05-07-2005 23:41,421,398,05-07-2005 23:41,7.99,1
3492,05-07-2005 23:44,142,218,05-07-2005 23:44,2.99,NULL
3493,05-07-2005 23:46,169,104,05-07-2005 23:46,8.99,1
3494,05-07-2005 23:47,348,691,05-07-2005 23:47,4.99,NULL
3495,05-07-2005 23:50,553,501,05-07-2005 23:50,6.99,NULL
3496,05-07-2005 23:59,295,531,05-07-2005 23:59,1.99,1
3497,06-07-2005 0:00,299,429,06-07-2005 0:00,0.99,0.5
3498,06-07-2005 0:02,444,408,06-07-2005 0:02,4.99,NULL
3499,06-07-2005 0:04,520,403,06-07-2005 0:04,7.99,1
3500,06-07-2005 0:11,32,534,06-07-2005 0:11,2.99,1
3501,06-07-2005 0:11,270,480,06-07-2005 0:11,3.99,NULL
3502,06-07-2005 0:15,126,229,06-07-2005 0:15,5.99,1
3503,06-07-2005 0:17,449,646,06-07-2005 0:17,0.99,0.5
3504,06-07-2005 0:18,209,59,06-07-2005 0:18,2.99,1
3505,06-07-2005 0:19,331,577,06-07-2005 0:19,4.99,NULL
3506,06-07-2005 0:22,459,4,06-07-2005 0:22,2.99,0.5
3507,06-07-2005 0:23,480,35,06-07-2005 0:23,7.99,0.5
3508,06-07-2005 0:24,34,519,06-07-2005 0:24,3.99,0.5
3509,06-07-2005 0:24,182,960,06-07-2005 0:24,2.99,NULL
3510,06-07-2005 0:27,443,486,06-07-2005 0:27,5.99,1
3511,06-07-2005 0:42,494,461,06-07-2005 0:42,0.99,NULL
3512,06-07-2005 0:43,291,81,06-07-2005 0:43,4.99,NULL
3513,06-07-2005 0:45,223,918,06-07-2005 0:45,5.99,NULL
3514,06-07-2005 0:46,536,992,06-07-2005 0:46,0.99,NULL
3515,06-07-2005 0:48,131,707,06-07-2005 0:48,2.99,NULL
3516,06-07-2005 0:50,338,85,06-07-2005 0:50,0.99,NULL
3517,06-07-2005 0:52,314,606,06-07-2005 0:52,0.99,1
3518,06-07-2005 0:56,167,550,06-07-2005 0:56,4.99,1
3519,06-07-2005 0:57,320,940,06-07-2005 0:57,0.99,NULL
3520,06-07-2005 0:58,102,629,06-07-2005 0:58,1.99,NULL
3521,06-07-2005 1:00,262,315,06-07-2005 1:00,1.99,NULL
3522,06-07-2005 1:00,469,987,06-07-2005 1:00,4.99,NULL
3523,06-07-2005 1:01,549,468,06-07-2005 1:01,2.99,NULL
3524,06-07-2005 1:01,88,355,06-07-2005 1:01,0.99,NULL
3525,06-07-2005 1:02,51,46,06-07-2005 1:02,9.99,NULL
3526,06-07-2005 1:03,469,846,06-07-2005 1:03,10.99,NULL
3527,06-07-2005 1:11,389,990,06-07-2005 1:11,0.99,1
3528,06-07-2005 1:13,201,426,06-07-2005 1:13,4.99,NULL
3529,06-07-2005 1:15,350,940,06-07-2005 1:15,0.99,1
3530,06-07-2005 1:22,168,991,06-07-2005 1:22,2.99,1
3531,06-07-2005 1:24,165,412,06-07-2005 1:24,4.99,1
3532,06-07-2005 1:24,274,578,06-07-2005 1:24,5.99,1
3533,06-07-2005 1:26,206,441,06-07-2005 1:26,5.99,1
3534,06-07-2005 1:32,283,446,06-07-2005 1:32,4.99,1
3535,06-07-2005 1:32,65,916,06-07-2005 1:32,4.99,NULL
3536,06-07-2005 1:36,339,505,06-07-2005 1:36,2.99,1
3537,06-07-2005 1:36,479,917,06-07-2005 1:36,6.99,NULL
3538,06-07-2005 1:37,228,951,06-07-2005 1:37,0.99,NULL
3539,06-07-2005 1:39,444,890,06-07-2005 1:39,0.99,NULL
3540,06-07-2005 1:47,97,286,06-07-2005 1:47,2.99,NULL
3541,06-07-2005 1:50,501,267,06-07-2005 1:50,6.99,NULL
3542,06-07-2005 1:51,593,959,06-07-2005 1:51,2.99,NULL
3543,06-07-2005 2:01,394,870,06-07-2005 2:01,0.99,NULL
3544,06-07-2005 2:06,115,681,06-07-2005 2:06,0.99,NULL
3545,06-07-2005 2:16,442,856,06-07-2005 2:16,4.99,1
3546,06-07-2005 2:17,594,214,06-07-2005 2:17,4.99,1
3547,06-07-2005 2:18,239,599,06-07-2005 2:18,0.99,NULL
3548,06-07-2005 2:23,16,982,06-07-2005 2:23,0.99,NULL
3549,06-07-2005 2:24,19,856,06-07-2005 2:24,4.99,NULL
3550,06-07-2005 2:29,15,527,06-07-2005 2:29,7.99,1
3551,06-07-2005 2:33,111,787,06-07-2005 2:33,3.99,NULL
3552,06-07-2005 2:34,239,244,06-07-2005 2:34,5.99,NULL
3553,06-07-2005 2:35,422,985,06-07-2005 2:35,4.99,1
3554,06-07-2005 2:37,538,173,06-07-2005 2:37,4.99,1
3555,06-07-2005 2:45,537,191,06-07-2005 2:45,0.99,NULL
3556,06-07-2005 2:46,273,690,06-07-2005 2:46,2.99,NULL
3557,06-07-2005 2:48,292,839,06-07-2005 2:48,0.99,NULL
3558,06-07-2005 2:49,575,378,06-07-2005 2:49,6.99,NULL
3559,06-07-2005 2:49,483,478,06-07-2005 2:49,4.99,0.5
3560,06-07-2005 2:51,592,197,06-07-2005 2:51,2.99,NULL
3561,06-07-2005 2:54,231,48,06-07-2005 2:54,9.99,1
3562,06-07-2005 2:54,587,362,06-07-2005 2:54,2.99,NULL
3563,06-07-2005 2:57,210,927,06-07-2005 2:57,4.99,NULL
3564,06-07-2005 3:02,402,244,06-07-2005 3:02,6.99,NULL
3565,06-07-2005 3:02,97,130,06-07-2005 3:02,0.99,NULL
3566,06-07-2005 3:08,392,609,06-07-2005 3:08,2.99,NULL
3567,06-07-2005 3:09,355,6,06-07-2005 3:09,5.99,0.5
3568,06-07-2005 3:11,283,451,06-07-2005 3:11,6.99,1
3569,06-07-2005 3:17,496,418,06-07-2005 3:17,3.99,1
3570,06-07-2005 3:23,450,287,06-07-2005 3:23,3.99,NULL
3571,06-07-2005 3:32,580,906,06-07-2005 3:32,1.99,NULL
3572,06-07-2005 3:33,284,416,06-07-2005 3:33,0.99,NULL
3573,06-07-2005 3:33,66,31,06-07-2005 3:33,4.99,NULL
3574,06-07-2005 3:36,225,614,06-07-2005 3:36,4.99,1
3575,06-07-2005 3:36,49,710,06-07-2005 3:36,4.99,NULL
3576,06-07-2005 3:40,227,72,06-07-2005 3:40,5.99,NULL
3577,06-07-2005 3:40,152,959,06-07-2005 3:40,2.99,1
3578,06-07-2005 3:47,263,648,06-07-2005 3:47,4.99,NULL
3579,06-07-2005 3:47,485,728,06-07-2005 3:47,0.99,1
3580,06-07-2005 3:48,200,841,06-07-2005 3:48,4.99,NULL
3581,06-07-2005 3:57,235,986,06-07-2005 3:57,2.99,NULL
3582,06-07-2005 4:10,297,407,06-07-2005 4:10,0.99,1
3583,06-07-2005 4:10,574,45,06-07-2005 4:10,7.99,0.5
3584,06-07-2005 4:16,207,80,06-07-2005 4:16,2.99,NULL
3585,06-07-2005 4:22,266,598,06-07-2005 4:22,0.99,NULL
3586,06-07-2005 4:24,493,134,06-07-2005 4:24,4.99,0.5
3587,06-07-2005 4:27,110,101,06-07-2005 4:27,4.99,1
3588,06-07-2005 4:29,289,693,06-07-2005 4:29,2.99,NULL
3589,06-07-2005 4:30,137,818,06-07-2005 4:30,4.99,NULL
3590,06-07-2005 4:35,283,330,06-07-2005 4:35,4.99,1
3591,06-07-2005 4:37,53,274,06-07-2005 4:37,2.99,0.5
3592,06-07-2005 4:38,286,282,06-07-2005 4:38,4.99,NULL
3593,06-07-2005 4:39,78,135,06-07-2005 4:39,4.99,1
3594,06-07-2005 4:42,522,997,06-07-2005 4:42,0.99,NULL
3595,06-07-2005 4:59,92,313,06-07-2005 4:59,8.99,1
3596,06-07-2005 5:03,419,130,06-07-2005 5:03,0.99,1
3597,06-07-2005 5:03,35,890,06-07-2005 5:03,2.99,NULL
3598,06-07-2005 5:11,68,291,06-07-2005 5:11,0.99,1
3599,06-07-2005 5:16,577,718,06-07-2005 5:16,0.99,NULL
3600,06-07-2005 5:19,511,603,06-07-2005 5:19,4.99,1
3601,06-07-2005 5:20,205,616,06-07-2005 5:20,7.99,NULL
3602,06-07-2005 5:23,100,474,06-07-2005 5:23,5.99,1
3603,06-07-2005 5:25,330,533,06-07-2005 5:25,4.99,NULL
3604,06-07-2005 5:25,242,303,06-07-2005 5:25,0.99,1
3605,06-07-2005 5:27,347,85,06-07-2005 5:27,0.99,NULL
3606,06-07-2005 5:28,166,378,06-07-2005 5:28,2.99,NULL
3607,06-07-2005 5:30,335,118,06-07-2005 5:30,0.99,NULL
3608,06-07-2005 5:35,368,680,06-07-2005 5:35,4.99,0.5
3609,06-07-2005 5:36,373,236,06-07-2005 5:36,2.99,NULL
3610,06-07-2005 5:36,348,330,06-07-2005 5:36,4.99,NULL
3611,06-07-2005 5:37,86,982,06-07-2005 5:37,0.99,NULL
3612,06-07-2005 5:37,402,539,06-07-2005 5:37,3.99,NULL
3613,06-07-2005 5:45,331,827,06-07-2005 5:45,4.99,NULL
3614,06-07-2005 5:46,502,187,06-07-2005 5:46,2.99,1
3615,06-07-2005 5:47,49,155,06-07-2005 5:47,0.99,NULL
3616,06-07-2005 5:52,571,121,06-07-2005 5:52,2.99,NULL
3617,06-07-2005 5:58,125,295,06-07-2005 5:58,4.99,NULL
3618,06-07-2005 5:58,264,73,06-07-2005 5:58,6.99,0.5
3619,06-07-2005 5:59,526,736,06-07-2005 5:59,1.99,NULL
3620,06-07-2005 6:01,88,363,06-07-2005 6:01,0.99,NULL
3621,06-07-2005 6:03,171,688,06-07-2005 6:03,0.99,NULL
3622,06-07-2005 6:05,454,764,06-07-2005 6:05,7.99,NULL
3623,06-07-2005 6:05,80,95,06-07-2005 6:05,4.99,NULL
3624,06-07-2005 6:06,115,387,06-07-2005 6:06,0.99,NULL
3625,06-07-2005 6:12,175,251,06-07-2005 6:12,4.99,1
3626,06-07-2005 6:15,337,350,06-07-2005 6:15,5.99,0.5
3627,06-07-2005 6:19,322,242,06-07-2005 6:19,1.99,NULL
3628,06-07-2005 6:19,588,768,06-07-2005 6:19,4.99,1
3629,06-07-2005 6:23,441,875,06-07-2005 6:23,0.99,NULL
3630,06-07-2005 6:27,102,534,06-07-2005 6:27,1.99,NULL
3631,06-07-2005 6:36,47,887,06-07-2005 6:36,4.99,1
3632,06-07-2005 6:38,366,567,06-07-2005 6:38,4.99,0.5
3633,06-07-2005 6:43,95,652,06-07-2005 6:43,1.99,1
3634,06-07-2005 6:51,245,806,06-07-2005 6:51,2.99,NULL
3635,06-07-2005 6:55,250,92,06-07-2005 6:55,4.99,NULL
3636,06-07-2005 7:03,591,741,06-07-2005 7:03,0.99,1
3637,06-07-2005 7:06,380,837,06-07-2005 7:06,2.99,NULL
3638,06-07-2005 7:08,452,43,06-07-2005 7:08,3.99,NULL
3639,06-07-2005 7:09,7,617,06-07-2005 7:09,5.99,NULL
3640,06-07-2005 7:12,271,753,06-07-2005 7:12,1.99,1
3641,06-07-2005 7:17,79,840,06-07-2005 7:17,0.99,0.5
3642,06-07-2005 7:18,166,914,06-07-2005 7:18,2.99,NULL
3643,06-07-2005 7:20,176,185,06-07-2005 7:20,4.99,NULL
3644,06-07-2005 7:20,403,938,06-07-2005 7:20,6.99,1
3645,06-07-2005 7:22,236,744,06-07-2005 7:22,0.99,NULL
3646,06-07-2005 7:28,322,785,06-07-2005 7:28,4.99,NULL
3647,06-07-2005 7:29,145,823,06-07-2005 7:29,5.99,NULL
3648,06-07-2005 7:30,598,617,06-07-2005 7:30,0.99,NULL
3649,06-07-2005 7:32,24,778,06-07-2005 7:32,7.99,NULL
3650,06-07-2005 7:34,482,788,06-07-2005 7:34,2.99,NULL
3651,06-07-2005 7:40,170,731,06-07-2005 7:40,4.99,1
3652,06-07-2005 7:44,518,273,06-07-2005 7:44,0.99,0.5
3653,06-07-2005 7:45,148,552,06-07-2005 7:45,0.99,NULL
3654,06-07-2005 7:45,528,354,06-07-2005 7:45,4.99,NULL
3655,06-07-2005 7:52,493,337,06-07-2005 7:52,5.99,0.5
3656,06-07-2005 7:55,314,992,06-07-2005 7:55,2.99,1
3657,06-07-2005 7:55,113,898,06-07-2005 7:55,5.99,NULL
3658,06-07-2005 8:01,253,757,06-07-2005 8:01,7.99,0.5
3659,06-07-2005 8:03,330,491,06-07-2005 8:03,2.99,NULL
3660,06-07-2005 8:07,507,250,06-07-2005 8:07,4.99,0.5
3661,06-07-2005 8:10,442,571,06-07-2005 8:10,2.99,1
3662,06-07-2005 8:11,334,838,06-07-2005 8:11,4.99,NULL
3663,06-07-2005 8:15,566,580,06-07-2005 8:15,4.99,0.5
3664,06-07-2005 8:15,528,738,06-07-2005 8:15,0.99,NULL
3665,06-07-2005 8:23,102,205,06-07-2005 8:23,4.99,NULL
3666,06-07-2005 8:27,347,915,06-07-2005 8:27,4.99,NULL
3667,06-07-2005 8:36,373,99,06-07-2005 8:36,4.99,NULL
3668,06-07-2005 8:36,514,60,06-07-2005 8:36,5.99,1
3669,06-07-2005 8:38,530,286,06-07-2005 8:38,2.99,NULL
3670,06-07-2005 8:56,268,929,06-07-2005 8:56,4.99,1
3671,06-07-2005 9:01,179,619,06-07-2005 9:01,6.99,1
3672,06-07-2005 9:01,283,849,06-07-2005 9:01,0.99,1
3673,06-07-2005 9:02,88,399,06-07-2005 9:02,5.99,NULL
3674,06-07-2005 9:03,559,806,06-07-2005 9:03,5.99,0.5
3675,06-07-2005 9:09,282,800,06-07-2005 9:09,2.99,NULL
3676,06-07-2005 9:10,137,429,06-07-2005 9:10,5.99,NULL
3677,06-07-2005 9:11,5,131,06-07-2005 9:11,4.99,NULL
3678,06-07-2005 9:15,364,845,06-07-2005 9:15,4.99,NULL
3679,06-07-2005 9:15,547,472,06-07-2005 9:15,4.99,0.5
3680,06-07-2005 9:16,82,530,06-07-2005 9:16,2.99,NULL
3681,06-07-2005 9:19,294,731,06-07-2005 9:19,4.99,NULL
3682,06-07-2005 9:22,98,570,06-07-2005 9:22,7.99,NULL
3683,06-07-2005 9:25,43,663,06-07-2005 9:25,1.99,NULL
3684,06-07-2005 9:29,395,717,06-07-2005 9:29,0.99,NULL
3685,06-07-2005 9:30,58,438,06-07-2005 9:30,4.99,NULL
3686,06-07-2005 9:37,548,83,06-07-2005 9:37,2.99,NULL
3687,06-07-2005 9:38,207,444,06-07-2005 9:38,9.99,NULL
3688,06-07-2005 9:41,380,245,06-07-2005 9:41,4.99,NULL
3689,06-07-2005 9:43,129,696,06-07-2005 9:43,0.99,1
3690,06-07-2005 9:46,435,963,06-07-2005 9:46,0.99,1
3691,06-07-2005 9:46,478,421,06-07-2005 9:46,4.99,NULL
3692,06-07-2005 9:54,286,274,06-07-2005 9:54,3.99,NULL
3693,06-07-2005 9:56,545,655,06-07-2005 9:56,8.99,NULL
3694,06-07-2005 10:01,419,843,06-07-2005 10:01,4.99,1
3695,06-07-2005 10:02,441,620,06-07-2005 10:02,2.99,NULL
3696,06-07-2005 10:04,497,714,06-07-2005 10:04,2.99,NULL
3697,06-07-2005 10:07,182,271,06-07-2005 10:07,6.99,NULL
3698,06-07-2005 10:09,461,280,06-07-2005 10:09,0.99,NULL
3699,06-07-2005 10:11,262,91,06-07-2005 10:11,3.99,NULL
3700,06-07-2005 10:12,72,76,06-07-2005 10:12,0.99,NULL
3701,06-07-2005 10:12,31,805,06-07-2005 10:12,4.99,1
3702,06-07-2005 10:13,428,476,06-07-2005 10:13,2.99,1
3703,06-07-2005 10:15,421,930,06-07-2005 10:15,5.99,1
3704,06-07-2005 10:16,323,590,06-07-2005 10:16,6.99,NULL
3705,06-07-2005 10:17,223,12,06-07-2005 10:17,0.99,NULL
3706,06-07-2005 10:18,132,149,06-07-2005 10:18,0.99,NULL
3707,06-07-2005 10:21,14,241,06-07-2005 10:21,2.99,NULL
3708,06-07-2005 10:23,201,456,06-07-2005 10:23,6.99,NULL
3709,06-07-2005 10:26,187,879,06-07-2005 10:26,10.99,NULL
3710,06-07-2005 10:28,228,570,06-07-2005 10:28,8.99,NULL
3711,06-07-2005 10:46,75,416,06-07-2005 10:46,0.99,NULL
3712,06-07-2005 10:47,504,818,06-07-2005 10:47,9.99,NULL
3713,06-07-2005 10:49,504,396,06-07-2005 10:49,6.99,NULL
3714,06-07-2005 10:51,276,433,06-07-2005 10:51,2.99,NULL
3715,06-07-2005 10:51,228,973,06-07-2005 10:51,6.99,NULL
3716,06-07-2005 10:52,92,720,06-07-2005 10:52,7.99,1
3717,06-07-2005 10:53,173,366,06-07-2005 10:53,0.99,NULL
3718,06-07-2005 10:57,56,575,06-07-2005 10:57,7.99,NULL
3719,06-07-2005 11:05,376,782,06-07-2005 11:05,2.99,1
3720,06-07-2005 11:06,96,649,06-07-2005 11:06,2.99,NULL
3721,06-07-2005 11:10,226,582,06-07-2005 11:10,4.99,NULL
3722,06-07-2005 11:10,83,131,06-07-2005 11:10,6.99,NULL
3723,06-07-2005 11:12,501,994,06-07-2005 11:12,6.99,NULL
3724,06-07-2005 11:12,468,790,06-07-2005 11:12,2.99,1
3725,06-07-2005 11:15,126,611,06-07-2005 11:15,4.99,1
3726,06-07-2005 11:15,363,162,06-07-2005 11:15,3.99,NULL
3727,06-07-2005 11:16,57,633,06-07-2005 11:16,4.99,NULL
3728,06-07-2005 11:29,298,391,06-07-2005 11:29,2.99,NULL
3729,06-07-2005 11:30,90,693,06-07-2005 11:30,3.99,1
3730,06-07-2005 11:31,355,363,06-07-2005 11:31,6.99,0.5
3731,06-07-2005 11:33,558,898,06-07-2005 11:33,9.99,NULL
3732,06-07-2005 11:33,318,21,06-07-2005 11:33,4.99,NULL
3733,06-07-2005 11:33,586,711,06-07-2005 11:33,4.99,NULL
3734,06-07-2005 11:40,37,999,06-07-2005 11:40,5.99,1
3735,06-07-2005 11:42,534,489,06-07-2005 11:42,2.99,1
3736,06-07-2005 11:43,23,331,06-07-2005 11:43,3.99,NULL
3737,06-07-2005 11:45,403,24,06-07-2005 11:45,3.99,1
3738,06-07-2005 11:50,546,126,06-07-2005 11:50,4.99,1
3739,06-07-2005 11:54,157,945,06-07-2005 11:54,0.99,NULL
3740,06-07-2005 11:55,277,397,06-07-2005 11:55,5.99,NULL
3741,06-07-2005 12:00,584,317,06-07-2005 12:00,2.99,NULL
3742,06-07-2005 12:01,96,630,06-07-2005 12:01,2.99,NULL
3743,06-07-2005 12:03,456,227,06-07-2005 12:03,7.99,NULL
3744,06-07-2005 12:10,510,735,06-07-2005 12:10,2.99,1
3745,06-07-2005 12:10,171,331,06-07-2005 12:10,2.99,NULL
3746,06-07-2005 12:10,424,743,06-07-2005 12:10,0.99,1
3747,06-07-2005 12:11,437,243,06-07-2005 12:11,4.99,NULL
3748,06-07-2005 12:11,79,641,06-07-2005 12:11,2.99,0.5
3749,06-07-2005 12:18,170,334,06-07-2005 12:18,4.99,1
3750,06-07-2005 12:19,103,528,06-07-2005 12:19,6.99,NULL
3751,06-07-2005 12:23,128,797,06-07-2005 12:23,0.99,NULL
3752,06-07-2005 12:30,235,995,06-07-2005 12:30,6.99,NULL
3753,06-07-2005 12:34,358,169,06-07-2005 12:34,2.99,1
3754,06-07-2005 12:35,83,880,06-07-2005 12:35,2.99,NULL
3755,06-07-2005 12:37,402,691,06-07-2005 12:37,5.99,NULL
3756,06-07-2005 12:40,320,6,06-07-2005 12:40,4.99,NULL
3757,06-07-2005 12:42,66,618,06-07-2005 12:42,2.99,NULL
3758,06-07-2005 12:43,48,549,06-07-2005 12:43,4.99,1
3759,06-07-2005 12:46,378,905,06-07-2005 12:46,4.99,1
3760,06-07-2005 12:49,330,288,06-07-2005 12:49,2.99,NULL
3761,06-07-2005 12:52,464,938,06-07-2005 12:52,4.99,NULL
3762,06-07-2005 12:52,413,422,06-07-2005 12:52,4.99,1
3763,06-07-2005 12:56,189,345,06-07-2005 12:56,0.99,NULL
3764,06-07-2005 13:01,470,684,06-07-2005 13:01,5.99,NULL
3765,06-07-2005 13:01,547,392,06-07-2005 13:01,4.99,0.5
3766,06-07-2005 13:04,312,983,06-07-2005 13:04,2.99,NULL
3767,06-07-2005 13:07,582,205,06-07-2005 13:07,0.99,NULL
3768,06-07-2005 13:07,573,870,06-07-2005 13:07,0.99,NULL
3769,06-07-2005 13:11,567,103,06-07-2005 13:11,5.99,1
3770,06-07-2005 13:14,198,840,06-07-2005 13:14,2.99,NULL
3771,06-07-2005 13:19,56,302,06-07-2005 13:19,2.99,NULL
3772,06-07-2005 13:22,338,96,06-07-2005 13:22,2.99,NULL
3773,06-07-2005 13:23,263,443,06-07-2005 13:23,2.99,NULL
3774,06-07-2005 13:25,439,880,06-07-2005 13:25,5.99,NULL
3775,06-07-2005 13:27,300,809,06-07-2005 13:27,0.99,1
3776,06-07-2005 13:31,278,958,06-07-2005 13:31,2.99,0.5
3777,06-07-2005 13:36,548,541,06-07-2005 13:36,2.99,NULL
3778,06-07-2005 13:44,122,471,06-07-2005 13:44,2.99,NULL
3779,06-07-2005 13:46,583,138,06-07-2005 13:46,2.99,NULL
3780,06-07-2005 13:52,99,269,06-07-2005 13:52,6.99,NULL
3781,06-07-2005 13:53,23,850,06-07-2005 13:53,2.99,NULL
3782,06-07-2005 13:57,515,738,06-07-2005 13:57,0.99,NULL
3783,06-07-2005 13:57,386,510,06-07-2005 13:57,6.99,NULL
3784,06-07-2005 13:57,165,496,06-07-2005 13:57,5.99,1
3785,06-07-2005 14:00,577,723,06-07-2005 14:00,7.99,NULL
3786,06-07-2005 14:00,152,985,06-07-2005 14:00,7.99,1
3787,06-07-2005 14:02,474,65,06-07-2005 14:02,4.99,NULL
3788,06-07-2005 14:02,379,300,06-07-2005 14:02,4.99,1
3789,06-07-2005 14:02,595,778,06-07-2005 14:02,9.99,1
3790,06-07-2005 14:13,10,373,06-07-2005 14:13,3.99,0.5
3791,06-07-2005 14:24,452,751,06-07-2005 14:24,2.99,NULL
3792,06-07-2005 14:26,312,581,06-07-2005 14:26,1.99,NULL
3793,06-07-2005 14:32,553,995,06-07-2005 14:32,4.99,NULL
3794,06-07-2005 14:35,499,127,06-07-2005 14:35,4.99,NULL
3795,06-07-2005 14:37,153,54,06-07-2005 14:37,0.99,NULL
3796,06-07-2005 14:45,228,360,06-07-2005 14:45,0.99,NULL
3797,06-07-2005 14:54,374,233,06-07-2005 14:54,1.99,1
3798,06-07-2005 14:57,479,423,06-07-2005 14:57,0.99,NULL
3799,06-07-2005 15:00,251,989,06-07-2005 15:00,4.99,NULL
3800,06-07-2005 15:01,100,872,06-07-2005 15:01,8.99,1
3801,06-07-2005 15:05,68,915,06-07-2005 15:05,4.99,1
3802,06-07-2005 15:06,91,228,06-07-2005 15:06,0.99,NULL
3803,06-07-2005 15:06,494,447,06-07-2005 15:06,2.99,NULL
3804,06-07-2005 15:08,126,117,06-07-2005 15:08,7.99,1
3805,06-07-2005 15:08,418,374,06-07-2005 15:08,0.99,NULL
3806,06-07-2005 15:09,154,777,06-07-2005 15:09,7.99,1
3807,06-07-2005 15:11,425,8,06-07-2005 15:11,4.99,NULL
3808,06-07-2005 15:15,314,945,06-07-2005 15:15,0.99,1
3809,06-07-2005 15:16,358,644,06-07-2005 15:16,2.99,1
3810,06-07-2005 15:18,296,76,06-07-2005 15:18,2.99,1
3811,06-07-2005 15:20,208,152,06-07-2005 15:20,2.99,1
3812,06-07-2005 15:22,381,981,06-07-2005 15:22,0.99,NULL
3813,06-07-2005 15:23,189,892,06-07-2005 15:23,4.99,NULL
3814,06-07-2005 15:23,306,838,06-07-2005 15:23,6.99,NULL
3815,06-07-2005 15:26,472,879,06-07-2005 15:26,6.99,1
3816,06-07-2005 15:27,489,646,06-07-2005 15:27,2.99,0.5
3817,06-07-2005 15:31,267,644,06-07-2005 15:31,2.99,1
3818,06-07-2005 15:33,97,141,06-07-2005 15:33,4.99,NULL
3819,06-07-2005 15:35,74,394,06-07-2005 15:35,3.99,1
3820,06-07-2005 15:35,460,912,06-07-2005 15:35,4.99,NULL
3821,06-07-2005 15:36,354,958,06-07-2005 15:36,2.99,1
3822,06-07-2005 15:41,241,290,06-07-2005 15:41,0.99,1
3823,06-07-2005 15:41,265,25,06-07-2005 15:41,2.99,NULL
3824,06-07-2005 15:43,107,683,06-07-2005 15:43,6.99,NULL
3825,06-07-2005 15:50,132,137,06-07-2005 15:50,2.99,NULL
3826,06-07-2005 15:51,451,15,06-07-2005 15:51,4.99,NULL
3827,06-07-2005 15:52,41,449,06-07-2005 15:52,2.99,NULL
3828,06-07-2005 15:57,498,981,06-07-2005 15:57,0.99,NULL
3829,06-07-2005 15:59,356,897,06-07-2005 15:59,6.99,1
3830,06-07-2005 16:01,310,120,06-07-2005 16:01,10.99,1
3831,06-07-2005 16:06,206,295,06-07-2005 16:06,0.99,1
3832,06-07-2005 16:12,233,982,06-07-2005 16:12,2.99,0.5
3833,06-07-2005 16:18,416,709,06-07-2005 16:18,3.99,NULL
3834,06-07-2005 16:19,366,658,06-07-2005 16:19,2.99,0.5
3835,06-07-2005 16:22,486,207,06-07-2005 16:22,4.99,NULL
3836,06-07-2005 16:26,351,254,06-07-2005 16:26,2.99,1
3837,06-07-2005 16:27,309,695,06-07-2005 16:27,4.99,NULL
3838,06-07-2005 16:29,565,746,06-07-2005 16:29,2.99,NULL
3839,06-07-2005 16:30,231,709,06-07-2005 16:30,2.99,1
3840,06-07-2005 16:30,468,958,06-07-2005 16:30,5.99,1
3841,06-07-2005 16:34,470,919,06-07-2005 16:34,4.99,NULL
3842,06-07-2005 16:34,583,686,06-07-2005 16:34,4.99,NULL
3843,06-07-2005 16:35,62,842,06-07-2005 16:35,2.99,NULL
3844,06-07-2005 16:37,179,618,06-07-2005 16:37,0.99,1
3845,06-07-2005 16:38,28,981,06-07-2005 16:38,0.99,1
3846,06-07-2005 16:43,88,621,06-07-2005 16:43,5.99,NULL
3847,06-07-2005 16:44,206,170,06-07-2005 16:44,4.99,1
3848,06-07-2005 16:47,188,638,06-07-2005 16:47,3.99,NULL
3849,06-07-2005 16:49,60,800,06-07-2005 16:49,2.99,1
3850,06-07-2005 16:51,103,370,06-07-2005 16:51,4.99,NULL
3851,06-07-2005 16:54,436,110,06-07-2005 16:54,1.99,NULL
3852,06-07-2005 16:57,511,732,06-07-2005 16:57,0.99,1
3853,06-07-2005 16:59,537,309,06-07-2005 16:59,0.99,NULL
3854,06-07-2005 17:02,243,446,06-07-2005 17:02,5.99,NULL
3855,06-07-2005 17:03,46,644,06-07-2005 17:03,2.99,1
3856,06-07-2005 17:04,498,677,06-07-2005 17:04,2.99,NULL
3857,06-07-2005 17:07,236,251,06-07-2005 17:07,4.99,NULL
3858,06-07-2005 17:17,377,181,06-07-2005 17:17,2.99,0.5
3859,06-07-2005 17:18,553,559,06-07-2005 17:18,2.99,NULL
3860,06-07-2005 17:20,514,30,06-07-2005 17:20,2.99,1
3861,06-07-2005 17:24,202,984,06-07-2005 17:24,8.99,1
3862,06-07-2005 17:35,181,103,06-07-2005 17:35,6.99,NULL
3863,06-07-2005 17:40,481,79,06-07-2005 17:40,0.99,NULL
3864,06-07-2005 17:41,68,617,06-07-2005 17:41,0.99,1
3865,06-07-2005 17:46,357,783,06-07-2005 17:46,3.99,NULL
3866,06-07-2005 17:47,409,43,06-07-2005 17:47,5.99,NULL
3867,06-07-2005 17:52,580,790,06-07-2005 17:52,1.99,NULL
3868,06-07-2005 17:54,416,351,06-07-2005 17:54,2.99,NULL
3869,06-07-2005 17:56,183,557,06-07-2005 17:56,2.99,1
3870,06-07-2005 17:57,12,737,06-07-2005 17:57,3.99,1
3871,06-07-2005 17:58,331,683,06-07-2005 17:58,8.99,NULL
3872,06-07-2005 18:00,513,388,06-07-2005 18:00,0.99,NULL
3873,06-07-2005 18:03,394,901,06-07-2005 18:03,6.99,NULL
3874,06-07-2005 18:06,137,408,06-07-2005 18:06,6.99,NULL
3875,06-07-2005 18:15,108,155,06-07-2005 18:15,0.99,NULL
3876,06-07-2005 18:21,295,879,06-07-2005 18:21,9.99,1
3877,06-07-2005 18:22,576,614,06-07-2005 18:22,4.99,NULL
3878,06-07-2005 18:27,385,876,06-07-2005 18:27,8.99,0.5
3879,06-07-2005 18:31,81,302,06-07-2005 18:31,2.99,NULL
3880,06-07-2005 18:32,507,9,06-07-2005 18:32,2.99,0.5
3881,06-07-2005 18:35,456,29,06-07-2005 18:35,2.99,NULL
3882,06-07-2005 18:38,254,172,06-07-2005 18:38,4.99,1
3883,06-07-2005 18:39,69,710,06-07-2005 18:39,8.99,NULL
3884,06-07-2005 18:41,210,392,06-07-2005 18:41,4.99,NULL
3885,06-07-2005 18:43,282,395,06-07-2005 18:43,2.99,NULL
3886,06-07-2005 18:44,326,516,06-07-2005 18:44,0.99,NULL
3887,06-07-2005 18:46,530,369,06-07-2005 18:46,4.99,NULL
3888,06-07-2005 18:54,412,423,06-07-2005 18:54,0.99,1
3889,06-07-2005 18:56,576,436,06-07-2005 18:56,0.99,NULL
3890,06-07-2005 18:58,553,563,06-07-2005 18:58,4.99,NULL
3891,06-07-2005 18:58,553,706,06-07-2005 18:58,4.99,NULL
3892,06-07-2005 18:58,549,170,06-07-2005 18:58,4.99,NULL
3893,06-07-2005 18:59,350,284,06-07-2005 18:59,5.99,1
3894,06-07-2005 19:01,149,452,06-07-2005 19:01,2.99,NULL
3895,06-07-2005 19:04,584,30,06-07-2005 19:04,7.99,NULL
3896,06-07-2005 19:09,309,381,06-07-2005 19:09,7.99,NULL
3897,06-07-2005 19:11,277,3,06-07-2005 19:11,2.99,NULL
3898,06-07-2005 19:12,53,844,06-07-2005 19:12,4.99,0.5
3899,06-07-2005 19:12,485,875,06-07-2005 19:12,1.99,1
3900,06-07-2005 19:21,129,328,06-07-2005 19:21,4.99,1
3901,06-07-2005 19:24,321,738,06-07-2005 19:24,5.99,NULL
3902,06-07-2005 19:25,192,628,06-07-2005 19:25,2.99,1
3903,06-07-2005 19:27,369,789,06-07-2005 19:27,2.99,NULL
3904,06-07-2005 19:30,485,786,06-07-2005 19:30,0.99,1
3905,06-07-2005 19:33,526,835,06-07-2005 19:33,5.99,NULL
3906,06-07-2005 19:35,293,303,06-07-2005 19:35,3.99,NULL
3907,06-07-2005 19:39,452,551,06-07-2005 19:39,6.99,NULL
3908,06-07-2005 19:47,116,867,06-07-2005 19:47,6.99,NULL
3909,06-07-2005 19:54,396,750,06-07-2005 19:54,6.99,0.5
3910,06-07-2005 20:05,248,452,06-07-2005 20:05,0.99,NULL
3911,06-07-2005 20:09,34,993,06-07-2005 20:09,2.99,0.5
3912,06-07-2005 20:10,154,534,06-07-2005 20:10,0.99,1
3913,06-07-2005 20:11,494,164,06-07-2005 20:11,0.99,NULL
3914,06-07-2005 20:11,159,891,06-07-2005 20:11,5.99,NULL
3915,06-07-2005 20:16,163,25,06-07-2005 20:16,3.99,0.5
3916,06-07-2005 20:18,46,702,06-07-2005 20:18,4.99,1
3917,06-07-2005 20:19,471,602,06-07-2005 20:19,0.99,NULL
3918,06-07-2005 20:26,435,246,06-07-2005 20:26,8.99,1
3919,06-07-2005 20:26,147,591,06-07-2005 20:26,7.99,0.5
3920,06-07-2005 20:26,321,341,06-07-2005 20:26,4.99,NULL
3921,06-07-2005 20:29,531,211,06-07-2005 20:29,5.99,0.5
3922,06-07-2005 20:32,470,631,06-07-2005 20:32,4.99,NULL
3923,06-07-2005 20:34,63,444,06-07-2005 20:34,8.99,NULL
3924,06-07-2005 20:38,114,42,06-07-2005 20:38,2.99,NULL
3925,06-07-2005 20:41,428,581,06-07-2005 20:41,5.99,1
3926,06-07-2005 20:42,500,922,06-07-2005 20:42,4.99,NULL
3927,06-07-2005 20:48,404,474,06-07-2005 20:48,2.99,0.5
3928,06-07-2005 20:52,411,428,06-07-2005 20:52,2.99,NULL
3929,06-07-2005 20:52,453,273,06-07-2005 20:52,0.99,NULL
3930,06-07-2005 20:54,573,35,06-07-2005 20:54,2.99,NULL
3931,06-07-2005 21:03,176,40,06-07-2005 21:03,6.99,NULL
3932,06-07-2005 21:06,490,961,06-07-2005 21:06,4.99,NULL
3933,06-07-2005 21:06,229,267,06-07-2005 21:06,4.99,1
3934,06-07-2005 21:07,576,699,06-07-2005 21:07,4.99,NULL
3935,06-07-2005 21:08,503,746,06-07-2005 21:08,6.99,0.5
3936,06-07-2005 21:15,129,925,06-07-2005 21:15,0.99,1
3937,06-07-2005 21:15,211,453,06-07-2005 21:15,8.99,1
3938,06-07-2005 21:15,341,434,06-07-2005 21:15,4.99,NULL
3939,06-07-2005 21:16,149,791,06-07-2005 21:16,6.99,NULL
3940,06-07-2005 21:16,116,329,06-07-2005 21:16,2.99,NULL
3941,06-07-2005 21:20,560,84,06-07-2005 21:20,4.99,NULL
3942,06-07-2005 21:21,553,147,06-07-2005 21:21,4.99,NULL
3943,06-07-2005 21:22,566,395,06-07-2005 21:22,0.99,0.5
3944,06-07-2005 21:34,436,916,06-07-2005 21:34,2.99,NULL
3945,06-07-2005 21:35,86,165,06-07-2005 21:35,4.99,NULL
3946,06-07-2005 21:39,13,67,06-07-2005 21:39,2.99,0.5
3947,06-07-2005 21:42,324,911,06-07-2005 21:42,4.99,1
3948,06-07-2005 21:45,161,487,06-07-2005 21:45,4.99,NULL
3949,06-07-2005 21:46,153,383,06-07-2005 21:46,0.99,NULL
3950,06-07-2005 21:48,598,902,06-07-2005 21:48,6.99,NULL
3951,06-07-2005 21:50,250,496,06-07-2005 21:50,3.99,NULL
3952,06-07-2005 21:51,417,374,06-07-2005 21:51,4.99,NULL
3953,06-07-2005 21:54,385,848,06-07-2005 21:54,0.99,0.5
3954,06-07-2005 21:57,558,924,06-07-2005 21:57,0.99,NULL
3955,06-07-2005 21:58,247,554,06-07-2005 21:58,2.99,NULL
3956,06-07-2005 22:01,147,3,06-07-2005 22:01,2.99,0.5
3957,06-07-2005 22:05,414,98,06-07-2005 22:05,10.99,NULL
3958,06-07-2005 22:07,288,895,06-07-2005 22:07,3.99,NULL
3959,06-07-2005 22:07,448,8,06-07-2005 22:07,5.99,NULL
3960,06-07-2005 22:08,594,453,06-07-2005 22:08,2.99,1
3961,06-07-2005 22:11,364,941,06-07-2005 22:11,4.99,NULL
3962,06-07-2005 22:13,307,84,06-07-2005 22:13,6.99,1
3963,06-07-2005 22:19,111,854,06-07-2005 22:19,9.99,NULL
3964,06-07-2005 22:23,30,403,06-07-2005 22:23,4.99,NULL
3965,06-07-2005 22:36,243,627,06-07-2005 22:36,4.99,NULL
3966,06-07-2005 22:38,495,121,06-07-2005 22:38,2.99,1
3967,06-07-2005 22:45,31,551,06-07-2005 22:45,4.99,1
3968,06-07-2005 22:47,235,121,06-07-2005 22:47,4.99,NULL
3969,06-07-2005 22:47,587,85,06-07-2005 22:47,0.99,NULL
3970,06-07-2005 22:48,381,153,06-07-2005 22:48,2.99,NULL
3971,06-07-2005 22:50,473,965,06-07-2005 22:50,0.99,NULL
3972,06-07-2005 22:53,598,412,06-07-2005 22:53,4.99,NULL
3973,06-07-2005 22:58,592,575,06-07-2005 22:58,11.99,NULL
3974,06-07-2005 22:59,318,932,06-07-2005 22:59,2.99,NULL
3975,06-07-2005 23:00,545,946,06-07-2005 23:00,5.99,NULL
3976,06-07-2005 23:00,329,529,06-07-2005 23:00,2.99,0.5
3977,06-07-2005 23:00,449,284,06-07-2005 23:00,8.99,0.5
3978,06-07-2005 23:04,343,946,06-07-2005 23:04,5.99,NULL
3979,06-07-2005 23:04,550,173,06-07-2005 23:04,4.99,1
3980,06-07-2005 23:11,475,402,06-07-2005 23:11,5.99,NULL
3981,06-07-2005 23:12,375,184,06-07-2005 23:12,6.99,NULL
3982,06-07-2005 23:14,64,942,06-07-2005 23:14,0.99,1
3983,06-07-2005 23:14,6,280,06-07-2005 23:14,0.99,NULL
3984,06-07-2005 23:22,570,477,06-07-2005 23:22,0.99,NULL
3985,06-07-2005 23:24,307,455,06-07-2005 23:24,4.99,1
3986,06-07-2005 23:25,122,817,06-07-2005 23:25,4.99,NULL
3987,06-07-2005 23:28,270,682,06-07-2005 23:28,9.99,NULL
3988,06-07-2005 23:30,421,653,06-07-2005 23:30,8.99,1
3989,06-07-2005 23:30,213,515,06-07-2005 23:30,4.99,NULL
3990,06-07-2005 23:32,558,437,06-07-2005 23:32,3.99,NULL
3991,06-07-2005 23:33,583,127,06-07-2005 23:33,9.99,NULL
3992,06-07-2005 23:36,448,707,06-07-2005 23:36,6.99,NULL
3993,06-07-2005 23:37,525,236,06-07-2005 23:37,6.99,NULL
3994,06-07-2005 23:39,487,200,06-07-2005 23:39,1.99,1
3995,06-07-2005 23:43,128,869,06-07-2005 23:43,5.99,NULL
3996,06-07-2005 23:46,551,626,06-07-2005 23:46,5.99,1
3997,06-07-2005 23:46,52,850,06-07-2005 23:46,1.99,NULL
3998,06-07-2005 23:49,566,275,06-07-2005 23:49,3.99,0.5
3999,06-07-2005 23:50,390,154,06-07-2005 23:50,2.99,NULL
4000,06-07-2005 23:58,95,460,06-07-2005 23:58,4.99,1
4001,07-07-2005 0:07,120,190,07-07-2005 0:07,5.99,NULL
4002,07-07-2005 0:08,308,612,07-07-2005 0:08,3.99,NULL
4003,07-07-2005 0:09,8,882,07-07-2005 0:09,0.99,NULL
4004,07-07-2005 0:20,574,145,07-07-2005 0:20,4.99,0.5
4005,07-07-2005 0:22,190,804,07-07-2005 0:22,5.99,NULL
4006,07-07-2005 0:25,473,88,07-07-2005 0:25,4.99,NULL
4007,07-07-2005 0:26,285,449,07-07-2005 0:26,6.99,0.5
4008,07-07-2005 0:26,505,245,07-07-2005 0:26,5.99,NULL
4009,07-07-2005 0:28,394,788,07-07-2005 0:28,2.99,NULL
4010,07-07-2005 0:47,476,985,07-07-2005 0:47,5.99,NULL
4011,07-07-2005 0:48,20,445,07-07-2005 0:48,3.99,NULL
4012,07-07-2005 0:56,104,307,07-07-2005 0:56,4.99,NULL
4013,07-07-2005 0:58,475,510,07-07-2005 0:58,6.99,NULL
4014,07-07-2005 0:58,510,127,07-07-2005 0:58,4.99,1
4015,07-07-2005 0:59,233,665,07-07-2005 0:59,5.99,0.5
4016,07-07-2005 1:05,335,730,07-07-2005 1:05,0.99,NULL
4017,07-07-2005 1:08,595,685,07-07-2005 1:08,4.99,1
4018,07-07-2005 1:10,207,201,07-07-2005 1:10,2.99,NULL
4019,07-07-2005 1:27,294,703,07-07-2005 1:27,4.99,NULL
4020,07-07-2005 1:42,471,823,07-07-2005 1:42,2.99,NULL
4021,07-07-2005 1:46,315,366,07-07-2005 1:46,2.99,NULL
4022,07-07-2005 1:50,390,854,07-07-2005 1:50,4.99,NULL
4023,07-07-2005 1:55,573,61,07-07-2005 1:55,4.99,NULL
4024,07-07-2005 2:11,448,866,07-07-2005 2:11,0.99,NULL
4025,07-07-2005 2:13,114,852,07-07-2005 2:13,0.99,NULL
4026,07-07-2005 2:15,251,900,07-07-2005 2:15,3.99,NULL
4027,07-07-2005 2:19,116,11,07-07-2005 2:19,0.99,NULL
4028,07-07-2005 2:19,344,361,07-07-2005 2:19,5.99,NULL
4029,07-07-2005 2:19,518,888,07-07-2005 2:19,7.99,0.5
4030,07-07-2005 2:25,300,377,07-07-2005 2:25,0.99,1
4031,07-07-2005 2:32,143,680,07-07-2005 2:32,7.99,0.5
4032,07-07-2005 2:34,335,576,07-07-2005 2:34,2.99,NULL
4033,07-07-2005 2:35,453,45,07-07-2005 2:35,8.99,NULL
4034,07-07-2005 2:36,354,363,07-07-2005 2:36,0.99,1
4035,07-07-2005 2:45,539,789,07-07-2005 2:45,2.99,NULL
4036,07-07-2005 2:48,397,111,07-07-2005 2:48,0.99,1
4037,07-07-2005 2:52,594,852,07-07-2005 2:52,5.99,1
4038,07-07-2005 2:52,27,280,07-07-2005 2:52,0.99,NULL
4039,07-07-2005 2:57,290,881,07-07-2005 2:57,4.99,NULL
4040,07-07-2005 3:02,103,668,07-07-2005 3:02,6.99,NULL
4041,07-07-2005 3:03,445,479,07-07-2005 3:03,0.99,NULL
4042,07-07-2005 3:06,10,10,07-07-2005 3:06,4.99,0.5
4043,07-07-2005 3:09,204,751,07-07-2005 3:09,0.99,0.5
4044,07-07-2005 3:22,94,718,07-07-2005 3:22,0.99,NULL
4045,07-07-2005 3:26,529,311,07-07-2005 3:26,0.99,1
4046,07-07-2005 3:27,491,771,07-07-2005 3:27,8.99,0.5
4047,07-07-2005 3:28,364,762,07-07-2005 3:28,0.99,NULL
4048,07-07-2005 3:30,474,143,07-07-2005 3:30,1.99,NULL
4049,07-07-2005 3:34,79,907,07-07-2005 3:34,4.99,0.5
4050,07-07-2005 3:35,528,21,07-07-2005 3:35,9.99,NULL
4051,07-07-2005 3:37,331,596,07-07-2005 3:37,4.99,NULL
4052,07-07-2005 3:38,442,45,07-07-2005 3:38,5.99,1
4053,07-07-2005 3:39,377,634,07-07-2005 3:39,0.99,0.5
4054,07-07-2005 3:42,260,849,07-07-2005 3:42,0.99,1
4055,07-07-2005 3:49,513,561,07-07-2005 3:49,2.99,NULL
4056,07-07-2005 3:57,360,915,07-07-2005 3:57,4.99,NULL
4057,07-07-2005 4:00,141,623,07-07-2005 4:00,1.99,0.5
4058,07-07-2005 4:02,442,847,07-07-2005 4:02,2.99,1
4059,07-07-2005 4:04,401,66,07-07-2005 4:04,0.99,0.5
4060,07-07-2005 4:10,211,592,07-07-2005 4:10,2.99,1
4061,07-07-2005 4:13,70,12,07-07-2005 4:13,0.99,NULL
4062,07-07-2005 4:22,410,292,07-07-2005 4:22,0.99,NULL
4063,07-07-2005 4:23,331,319,07-07-2005 4:23,5.99,NULL
4064,07-07-2005 4:29,47,307,07-07-2005 4:29,5.99,1
4065,07-07-2005 4:32,26,295,07-07-2005 4:32,2.99,NULL
4066,07-07-2005 4:34,368,430,07-07-2005 4:34,0.99,0.5
4067,07-07-2005 4:34,469,646,07-07-2005 4:34,3.99,NULL
4068,07-07-2005 4:34,206,902,07-07-2005 4:34,4.99,1
4069,07-07-2005 4:35,570,738,07-07-2005 4:35,0.99,NULL
4070,07-07-2005 4:37,496,643,07-07-2005 4:37,2.99,1
4071,07-07-2005 4:37,209,632,07-07-2005 4:37,5.99,1
4072,07-07-2005 4:48,310,688,07-07-2005 4:48,0.99,1
4073,07-07-2005 4:49,290,140,07-07-2005 4:49,0.99,NULL
4074,07-07-2005 4:49,412,511,07-07-2005 4:49,0.99,1
4075,07-07-2005 4:51,593,433,07-07-2005 4:51,2.99,NULL
4076,07-07-2005 4:52,329,691,07-07-2005 4:52,4.99,0.5
4077,07-07-2005 4:53,377,534,07-07-2005 4:53,0.99,0.5
4078,07-07-2005 5:05,522,365,07-07-2005 5:05,4.99,NULL
4079,07-07-2005 5:06,84,476,07-07-2005 5:06,6.99,NULL
4080,07-07-2005 5:09,148,301,07-07-2005 5:09,0.99,NULL
4081,07-07-2005 5:10,284,252,07-07-2005 5:10,2.99,NULL
4082,07-07-2005 5:11,108,638,07-07-2005 5:11,2.99,NULL
4083,07-07-2005 5:13,490,757,07-07-2005 5:13,2.99,NULL
4084,07-07-2005 5:16,441,568,07-07-2005 5:16,8.99,NULL
4085,07-07-2005 5:25,573,367,07-07-2005 5:25,0.99,NULL
4086,07-07-2005 5:26,494,57,07-07-2005 5:26,3.99,NULL
4087,07-07-2005 5:30,433,674,07-07-2005 5:30,6.99,NULL
4088,07-07-2005 5:31,66,52,07-07-2005 5:31,2.99,NULL
4089,07-07-2005 5:45,102,753,07-07-2005 5:45,6.99,NULL
4090,07-07-2005 5:47,67,680,07-07-2005 5:47,4.99,1
4091,07-07-2005 5:53,337,857,07-07-2005 5:53,6.99,0.5
4092,07-07-2005 5:54,246,375,07-07-2005 5:54,7.99,1
4093,07-07-2005 5:54,337,336,07-07-2005 5:54,4.99,0.5
4094,07-07-2005 6:00,517,526,07-07-2005 6:00,2.99,NULL
4095,07-07-2005 6:01,33,637,07-07-2005 6:01,5.99,NULL
4096,07-07-2005 6:09,403,853,07-07-2005 6:09,4.99,1
4097,07-07-2005 6:10,56,536,07-07-2005 6:10,3.99,NULL
4098,07-07-2005 6:14,35,628,07-07-2005 6:14,4.99,NULL
4099,07-07-2005 6:20,76,418,07-07-2005 6:20,4.99,NULL
4100,07-07-2005 6:20,332,510,07-07-2005 6:20,6.99,0.5
4101,07-07-2005 6:25,588,635,07-07-2005 6:25,0.99,1
4102,07-07-2005 6:25,135,870,07-07-2005 6:25,0.99,1
4103,07-07-2005 6:25,91,793,07-07-2005 6:25,2.99,NULL
4104,07-07-2005 6:25,338,237,07-07-2005 6:25,5.99,NULL
4105,07-07-2005 6:31,423,97,07-07-2005 6:31,0.99,0.5
4106,07-07-2005 6:33,563,890,07-07-2005 6:33,1.99,NULL
4107,07-07-2005 6:36,206,920,07-07-2005 6:36,4.99,1
4108,07-07-2005 6:38,66,989,07-07-2005 6:38,4.99,NULL
4109,07-07-2005 6:39,517,117,07-07-2005 6:39,4.99,NULL
4110,07-07-2005 6:44,486,50,07-07-2005 6:44,4.99,NULL
4111,07-07-2005 6:47,515,226,07-07-2005 6:47,6.99,NULL
4112,07-07-2005 6:49,533,723,07-07-2005 6:49,8.99,1
4113,07-07-2005 6:49,170,203,07-07-2005 6:49,4.99,1
4114,07-07-2005 6:51,426,894,07-07-2005 6:51,2.99,1
4115,07-07-2005 6:52,371,21,07-07-2005 6:52,8.99,NULL
4116,07-07-2005 6:56,352,145,07-07-2005 6:56,4.99,NULL
4117,07-07-2005 6:58,158,170,07-07-2005 6:58,8.99,NULL
4118,07-07-2005 7:03,224,78,07-07-2005 7:03,2.99,1
4119,07-07-2005 7:06,319,450,07-07-2005 7:06,3.99,NULL
4120,07-07-2005 7:07,559,220,07-07-2005 7:07,4.99,0.5
4121,07-07-2005 7:13,176,530,07-07-2005 7:13,3.99,NULL
4122,07-07-2005 7:15,31,61,07-07-2005 7:15,6.99,1
4123,07-07-2005 7:16,469,595,07-07-2005 7:16,0.99,NULL
4124,07-07-2005 7:19,330,625,07-07-2005 7:19,1.99,NULL
4125,07-07-2005 7:20,269,897,07-07-2005 7:20,9.99,NULL
4126,07-07-2005 7:24,163,663,07-07-2005 7:24,1.99,0.5
4127,07-07-2005 7:26,15,385,07-07-2005 7:26,5.99,1
4128,07-07-2005 7:35,492,778,07-07-2005 7:35,8.99,1
4129,07-07-2005 7:37,592,309,07-07-2005 7:37,1.99,NULL
4130,07-07-2005 7:51,256,906,07-07-2005 7:51,0.99,NULL
4131,07-07-2005 7:53,58,575,07-07-2005 7:53,4.99,NULL
4132,07-07-2005 8:06,154,222,07-07-2005 8:06,4.99,1
4133,07-07-2005 8:12,488,804,07-07-2005 8:12,6.99,NULL
4134,07-07-2005 8:14,183,641,07-07-2005 8:14,0.99,1
4135,07-07-2005 8:15,36,743,07-07-2005 8:15,0.99,0.5
4136,07-07-2005 8:15,203,759,07-07-2005 8:15,2.99,NULL
4137,07-07-2005 8:17,485,448,07-07-2005 8:17,3.99,1
4138,07-07-2005 8:17,317,348,07-07-2005 8:17,0.99,NULL
4139,07-07-2005 8:17,509,454,07-07-2005 8:17,1.99,1
4140,07-07-2005 8:19,190,413,07-07-2005 8:19,2.99,NULL
4141,07-07-2005 8:19,456,414,07-07-2005 8:19,3.99,NULL
4142,07-07-2005 8:19,492,880,07-07-2005 8:19,2.99,1
4143,07-07-2005 8:22,238,130,07-07-2005 8:22,0.99,1
4144,07-07-2005 8:25,431,119,07-07-2005 8:25,3.99,NULL
4145,07-07-2005 8:26,592,670,07-07-2005 8:26,9.99,NULL
4146,07-07-2005 8:30,411,39,07-07-2005 8:30,0.99,NULL
4147,07-07-2005 8:32,274,609,07-07-2005 8:32,2.99,1
4148,07-07-2005 8:36,59,58,07-07-2005 8:36,2.99,1
4149,07-07-2005 8:40,50,665,07-07-2005 8:40,2.99,NULL
4150,07-07-2005 8:43,188,967,07-07-2005 8:43,2.99,NULL
4151,07-07-2005 8:49,428,996,07-07-2005 8:49,0.99,1
4152,07-07-2005 8:50,89,382,07-07-2005 8:50,4.99,NULL
4153,07-07-2005 8:53,299,472,07-07-2005 8:53,5.99,0.5
4154,07-07-2005 8:58,594,43,07-07-2005 8:58,3.99,1
4155,07-07-2005 9:00,548,48,07-07-2005 9:00,7.99,NULL
4156,07-07-2005 9:03,585,279,07-07-2005 9:03,4.99,NULL
4157,07-07-2005 9:04,183,69,07-07-2005 9:04,2.99,1
4158,07-07-2005 9:05,433,66,07-07-2005 9:05,0.99,NULL
4159,07-07-2005 9:10,62,791,07-07-2005 9:10,4.99,NULL
4160,07-07-2005 9:13,326,415,07-07-2005 9:13,7.99,NULL
4161,07-07-2005 9:15,216,875,07-07-2005 9:15,2.99,1
4162,07-07-2005 9:17,571,163,07-07-2005 9:17,4.99,NULL
4163,07-07-2005 9:19,376,697,07-07-2005 9:19,0.99,1
4164,07-07-2005 9:20,295,688,07-07-2005 9:20,1.99,1
4165,07-07-2005 9:23,66,842,07-07-2005 9:23,6.99,NULL
4166,07-07-2005 9:33,376,720,07-07-2005 9:33,8.99,1
4167,07-07-2005 9:37,175,825,07-07-2005 9:37,5.99,1
4168,07-07-2005 9:37,132,408,07-07-2005 9:37,4.99,NULL
4169,07-07-2005 9:39,580,738,07-07-2005 9:39,1.99,NULL
4170,07-07-2005 9:44,99,585,07-07-2005 9:44,2.99,NULL
4171,07-07-2005 9:49,476,913,07-07-2005 9:49,4.99,NULL
4172,07-07-2005 9:49,309,255,07-07-2005 9:49,4.99,NULL
4173,07-07-2005 9:57,320,930,07-07-2005 9:57,2.99,NULL
4174,07-07-2005 9:59,182,835,07-07-2005 9:59,2.99,NULL
4175,07-07-2005 10:02,8,432,07-07-2005 10:02,2.99,NULL
4176,07-07-2005 10:03,420,602,07-07-2005 10:03,4.99,NULL
4177,07-07-2005 10:12,317,893,07-07-2005 10:12,8.99,NULL
4178,07-07-2005 10:14,513,637,07-07-2005 10:14,4.99,NULL
4179,07-07-2005 10:17,75,121,07-07-2005 10:17,2.99,NULL
4180,07-07-2005 10:23,3,371,07-07-2005 10:23,4.99,NULL
4181,07-07-2005 10:27,598,814,07-07-2005 10:27,4.99,NULL
4182,07-07-2005 10:28,256,677,07-07-2005 10:28,0.99,NULL
4183,07-07-2005 10:28,479,734,07-07-2005 10:28,8.99,NULL
4184,07-07-2005 10:30,468,228,07-07-2005 10:30,3.99,1
4185,07-07-2005 10:31,395,529,07-07-2005 10:31,5.99,NULL
4186,07-07-2005 10:32,185,853,07-07-2005 10:32,9.99,0.5
4187,07-07-2005 10:41,161,1,07-07-2005 10:41,0.99,NULL
4188,07-07-2005 10:45,391,714,07-07-2005 10:45,5.99,0.5
4189,07-07-2005 10:51,386,327,07-07-2005 10:51,8.99,NULL
4190,07-07-2005 10:52,349,181,07-07-2005 10:52,2.99,NULL
4191,07-07-2005 10:56,390,542,07-07-2005 10:56,3.99,NULL
4192,07-07-2005 10:57,558,135,07-07-2005 10:57,5.99,NULL
4193,07-07-2005 10:57,445,830,07-07-2005 10:57,0.99,NULL
4194,07-07-2005 10:59,153,381,07-07-2005 10:59,5.99,NULL
4195,07-07-2005 11:00,455,99,07-07-2005 11:00,2.99,NULL
4196,07-07-2005 11:06,564,747,07-07-2005 11:06,2.99,1
4197,07-07-2005 11:07,324,553,07-07-2005 11:07,0.99,1
4198,07-07-2005 11:08,247,73,07-07-2005 11:08,6.99,NULL
4199,07-07-2005 11:13,259,460,07-07-2005 11:13,5.99,1
4200,07-07-2005 11:15,292,244,07-07-2005 11:15,4.99,NULL
4201,07-07-2005 11:19,145,805,07-07-2005 11:19,8.99,NULL
4202,07-07-2005 11:23,38,491,07-07-2005 11:23,5.99,NULL
4203,07-07-2005 11:24,189,602,07-07-2005 11:24,0.99,NULL
4204,07-07-2005 11:24,569,330,07-07-2005 11:24,5.99,1
4205,07-07-2005 11:25,486,856,07-07-2005 11:25,4.99,NULL
4206,07-07-2005 11:32,448,341,07-07-2005 11:32,2.99,NULL
4207,07-07-2005 11:32,588,248,07-07-2005 11:32,5.99,1
4208,07-07-2005 11:34,441,790,07-07-2005 11:34,0.99,NULL
4209,07-07-2005 11:35,100,437,07-07-2005 11:35,2.99,1
4210,07-07-2005 11:36,581,430,07-07-2005 11:36,2.99,NULL
4211,07-07-2005 11:50,214,436,07-07-2005 11:50,0.99,NULL
4212,07-07-2005 11:53,574,396,07-07-2005 11:53,4.99,0.5
4213,07-07-2005 11:53,103,154,07-07-2005 11:53,2.99,NULL
4214,07-07-2005 11:54,484,556,07-07-2005 11:54,4.99,1
4215,07-07-2005 12:00,22,274,07-07-2005 12:00,2.99,NULL
4216,07-07-2005 12:01,467,270,07-07-2005 12:01,0.99,NULL
4217,07-07-2005 12:08,228,698,07-07-2005 12:08,3.99,NULL
4218,07-07-2005 12:10,497,31,07-07-2005 12:10,7.99,NULL
4219,07-07-2005 12:11,16,615,07-07-2005 12:11,2.99,NULL
4220,07-07-2005 12:12,513,179,07-07-2005 12:12,4.99,NULL
4221,07-07-2005 12:18,143,998,07-07-2005 12:18,0.99,0.5
4222,07-07-2005 12:20,467,446,07-07-2005 12:20,4.99,NULL
4223,07-07-2005 12:23,405,525,07-07-2005 12:23,0.99,NULL
4224,07-07-2005 12:24,419,799,07-07-2005 12:24,0.99,1
4225,07-07-2005 12:24,377,383,07-07-2005 12:24,0.99,0.5
4226,07-07-2005 12:37,57,369,07-07-2005 12:37,4.99,NULL
4227,07-07-2005 12:41,78,911,07-07-2005 12:41,5.99,1
4228,07-07-2005 12:42,38,228,07-07-2005 12:42,1.99,NULL
4229,07-07-2005 12:43,106,212,07-07-2005 12:43,4.99,1
4230,07-07-2005 12:46,205,78,07-07-2005 12:46,3.99,NULL
4231,07-07-2005 12:48,194,771,07-07-2005 12:48,7.99,0.5
4232,07-07-2005 12:49,347,841,07-07-2005 12:49,5.99,NULL
4233,07-07-2005 13:00,488,403,07-07-2005 13:00,5.99,NULL
4234,07-07-2005 13:01,195,263,07-07-2005 13:01,6.99,NULL
4235,07-07-2005 13:05,86,772,07-07-2005 13:05,2.99,NULL
4236,07-07-2005 13:12,213,139,07-07-2005 13:12,4.99,NULL
4237,07-07-2005 13:16,477,826,07-07-2005 13:16,5.99,NULL
4238,07-07-2005 13:22,7,664,07-07-2005 13:22,2.99,NULL
4239,07-07-2005 13:23,122,846,07-07-2005 13:23,7.99,NULL
4240,07-07-2005 13:33,65,229,07-07-2005 13:33,4.99,NULL
4241,07-07-2005 13:39,595,902,07-07-2005 13:39,4.99,1
4242,07-07-2005 13:39,286,791,07-07-2005 13:39,6.99,NULL
4243,07-07-2005 13:39,339,995,07-07-2005 13:39,4.99,1
4244,07-07-2005 13:41,581,129,07-07-2005 13:41,2.99,NULL
4245,07-07-2005 13:48,91,818,07-07-2005 13:48,4.99,NULL
4246,07-07-2005 13:49,411,252,07-07-2005 13:49,2.99,NULL
4247,07-07-2005 13:51,539,176,07-07-2005 13:51,0.99,NULL
4248,07-07-2005 13:59,161,169,07-07-2005 13:59,6.99,NULL
4249,07-07-2005 14:05,111,911,07-07-2005 14:05,4.99,NULL
4250,07-07-2005 14:08,423,560,07-07-2005 14:08,0.99,0.5
4251,07-07-2005 14:11,367,774,07-07-2005 14:11,8.99,1
4252,07-07-2005 14:13,154,104,07-07-2005 14:13,2.99,1
4253,07-07-2005 14:13,157,737,07-07-2005 14:13,5.99,NULL
4254,07-07-2005 14:13,529,863,07-07-2005 14:13,0.99,1
4255,07-07-2005 14:14,10,164,07-07-2005 14:14,1.99,0.5
4256,07-07-2005 14:14,129,304,07-07-2005 14:14,2.99,1
4257,07-07-2005 14:18,553,856,07-07-2005 14:18,4.99,NULL
4258,07-07-2005 14:20,492,342,07-07-2005 14:20,6.99,1
4259,07-07-2005 14:22,467,956,07-07-2005 14:22,4.99,NULL
4260,07-07-2005 14:22,305,1000,07-07-2005 14:22,4.99,NULL
4261,07-07-2005 14:23,496,307,07-07-2005 14:23,4.99,1
4262,07-07-2005 14:24,29,686,07-07-2005 14:24,6.99,0.5
4263,07-07-2005 14:24,16,651,07-07-2005 14:24,3.99,NULL
4264,07-07-2005 14:25,406,767,07-07-2005 14:25,4.99,NULL
4265,07-07-2005 14:27,69,367,07-07-2005 14:27,0.99,NULL
4266,07-07-2005 14:34,509,346,07-07-2005 14:34,4.99,1
4267,07-07-2005 14:35,410,27,07-07-2005 14:35,0.99,NULL
4268,07-07-2005 14:36,80,95,07-07-2005 14:36,8.99,NULL
4269,07-07-2005 14:38,496,91,07-07-2005 14:38,0.99,1
4270,07-07-2005 14:38,210,40,07-07-2005 14:38,0.99,NULL
4271,07-07-2005 14:38,150,117,07-07-2005 14:38,6.99,NULL
4272,07-07-2005 14:39,120,109,07-07-2005 14:39,3.99,NULL
4273,07-07-2005 14:40,159,905,07-07-2005 14:40,4.99,NULL
4274,07-07-2005 14:42,26,172,07-07-2005 14:42,4.99,NULL
4275,07-07-2005 14:43,393,258,07-07-2005 14:43,2.99,1
4276,07-07-2005 14:50,366,49,07-07-2005 14:50,2.99,0.5
4277,07-07-2005 14:52,106,432,07-07-2005 14:52,2.99,1
4278,07-07-2005 14:53,6,807,07-07-2005 14:53,2.99,NULL
4279,07-07-2005 15:01,335,127,07-07-2005 15:01,4.99,NULL
4280,07-07-2005 15:09,593,247,07-07-2005 15:09,3.99,NULL
4281,07-07-2005 15:17,321,263,07-07-2005 15:17,4.99,NULL
4282,07-07-2005 15:26,25,689,07-07-2005 15:26,2.99,NULL
4283,07-07-2005 15:29,477,616,07-07-2005 15:29,2.99,NULL
4284,07-07-2005 15:31,521,290,07-07-2005 15:31,0.99,1
4285,07-07-2005 15:34,308,113,07-07-2005 15:34,8.99,NULL
4286,07-07-2005 15:36,111,982,07-07-2005 15:36,0.99,NULL
4287,07-07-2005 15:37,94,777,07-07-2005 15:37,8.99,NULL
4288,07-07-2005 15:38,64,330,07-07-2005 15:38,4.99,1
4289,07-07-2005 15:45,231,697,07-07-2005 15:45,0.99,1
4290,07-07-2005 15:47,277,907,07-07-2005 15:47,4.99,NULL
4291,07-07-2005 15:47,298,450,07-07-2005 15:47,2.99,NULL
4292,07-07-2005 15:48,401,678,07-07-2005 15:48,7.99,0.5
4293,07-07-2005 15:53,221,219,07-07-2005 15:53,4.99,NULL
4294,07-07-2005 15:56,41,624,07-07-2005 15:56,9.99,NULL
4295,07-07-2005 16:08,319,546,07-07-2005 16:08,2.99,NULL
4296,07-07-2005 16:16,407,218,07-07-2005 16:16,0.99,NULL
4297,07-07-2005 16:24,141,194,07-07-2005 16:24,0.99,0.5
4298,07-07-2005 16:27,560,235,07-07-2005 16:27,2.99,NULL
4299,07-07-2005 16:33,80,191,07-07-2005 16:33,3.99,NULL
4300,07-07-2005 16:36,38,265,07-07-2005 16:36,4.99,NULL
4301,07-07-2005 16:37,440,356,07-07-2005 16:37,2.99,1
4302,07-07-2005 16:47,332,803,07-07-2005 16:47,6.99,0.5
4303,07-07-2005 16:57,108,178,07-07-2005 16:57,1.99,NULL
4304,07-07-2005 17:01,165,743,07-07-2005 17:01,0.99,1
4305,07-07-2005 17:07,240,856,07-07-2005 17:07,4.99,0.5
4306,07-07-2005 17:12,210,270,07-07-2005 17:12,2.99,NULL
4307,07-07-2005 17:20,394,620,07-07-2005 17:20,6.99,NULL
4308,07-07-2005 17:29,168,324,07-07-2005 17:29,5.99,1
4309,07-07-2005 17:29,209,776,07-07-2005 17:29,5.99,1
4310,07-07-2005 17:30,390,841,07-07-2005 17:30,2.99,NULL
4311,07-07-2005 17:31,498,654,07-07-2005 17:31,4.99,NULL
4312,07-07-2005 17:34,97,846,07-07-2005 17:34,4.99,NULL
4313,07-07-2005 17:36,29,18,07-07-2005 17:36,0.99,0.5
4314,07-07-2005 17:38,184,118,07-07-2005 17:38,0.99,NULL
4315,07-07-2005 17:40,195,322,07-07-2005 17:40,2.99,NULL
4316,07-07-2005 17:44,301,114,07-07-2005 17:44,4.99,1
4317,07-07-2005 17:44,110,483,07-07-2005 17:44,2.99,1
4318,07-07-2005 17:47,321,351,07-07-2005 17:47,5.99,NULL
4319,07-07-2005 17:50,25,744,07-07-2005 17:50,0.99,NULL
4320,07-07-2005 17:51,376,753,07-07-2005 17:51,3.99,1
4321,07-07-2005 17:52,91,133,07-07-2005 17:52,4.99,NULL
4322,07-07-2005 17:54,568,333,07-07-2005 17:54,2.99,NULL
4323,07-07-2005 17:55,336,284,07-07-2005 17:55,5.99,1
4324,07-07-2005 17:57,226,212,07-07-2005 17:57,4.99,NULL
4325,07-07-2005 17:59,373,815,07-07-2005 17:59,7.99,NULL
4326,07-07-2005 18:01,331,879,07-07-2005 18:01,10.99,NULL
4327,07-07-2005 18:01,73,189,07-07-2005 18:01,2.99,NULL
4328,07-07-2005 18:03,264,469,07-07-2005 18:03,4.99,0.5
4329,07-07-2005 18:04,504,139,07-07-2005 18:04,5.99,NULL
4330,07-07-2005 18:09,408,525,07-07-2005 18:09,3.99,NULL
4331,07-07-2005 18:22,535,92,07-07-2005 18:22,4.99,NULL
4332,07-07-2005 18:25,137,374,07-07-2005 18:25,6.99,NULL
4333,07-07-2005 18:31,113,15,07-07-2005 18:31,2.99,NULL
4334,07-07-2005 18:32,210,663,07-07-2005 18:32,0.99,NULL
4335,07-07-2005 18:33,375,294,07-07-2005 18:33,4.99,NULL
4336,07-07-2005 18:34,532,106,07-07-2005 18:34,2.99,1
4337,07-07-2005 18:36,464,502,07-07-2005 18:36,5.99,NULL
4338,07-07-2005 18:39,581,692,07-07-2005 18:39,4.99,NULL
4339,07-07-2005 18:41,130,706,07-07-2005 18:41,4.99,1
4340,07-07-2005 18:41,227,855,07-07-2005 18:41,2.99,NULL
4341,07-07-2005 18:44,124,987,07-07-2005 18:44,7.99,0.5
4342,07-07-2005 18:47,120,299,07-07-2005 18:47,0.99,NULL
4343,07-07-2005 18:48,293,418,07-07-2005 18:48,0.99,NULL
4344,07-07-2005 18:50,99,263,07-07-2005 18:50,4.99,NULL
4345,07-07-2005 18:52,225,483,07-07-2005 18:52,7.99,1
4346,07-07-2005 18:58,520,415,07-07-2005 18:58,2.99,1
4347,07-07-2005 18:58,344,428,07-07-2005 18:58,3.99,NULL
4348,07-07-2005 19:02,452,424,07-07-2005 19:02,0.99,NULL
4349,07-07-2005 19:02,182,752,07-07-2005 19:02,0.99,NULL
4350,07-07-2005 19:02,299,481,07-07-2005 19:02,2.99,0.5
4351,07-07-2005 19:04,382,780,07-07-2005 19:04,4.99,NULL
4352,07-07-2005 19:15,249,578,07-07-2005 19:15,9.99,1
4353,07-07-2005 19:19,452,81,07-07-2005 19:19,4.99,NULL
4354,07-07-2005 19:21,208,967,07-07-2005 19:21,5.99,1
4355,07-07-2005 19:21,438,995,07-07-2005 19:21,4.99,NULL
4356,07-07-2005 19:21,318,415,07-07-2005 19:21,8.99,NULL
4357,07-07-2005 19:24,103,748,07-07-2005 19:24,1.99,NULL
4358,07-07-2005 19:27,446,689,07-07-2005 19:27,4.99,1
4359,07-07-2005 19:30,282,707,07-07-2005 19:30,2.99,NULL
4360,07-07-2005 19:31,92,393,07-07-2005 19:31,2.99,1
4361,07-07-2005 19:33,425,23,07-07-2005 19:33,2.99,NULL
4362,07-07-2005 19:35,425,823,07-07-2005 19:35,5.99,NULL
4363,07-07-2005 19:43,168,704,07-07-2005 19:43,5.99,1
4364,07-07-2005 19:46,145,2,07-07-2005 19:46,4.99,NULL
4365,07-07-2005 19:47,442,705,07-07-2005 19:47,2.99,1
4366,07-07-2005 19:48,524,649,07-07-2005 19:48,5.99,NULL
4367,07-07-2005 19:52,48,988,07-07-2005 19:52,2.99,1
4368,07-07-2005 19:55,324,161,07-07-2005 19:55,4.99,1
4369,07-07-2005 20:01,517,776,07-07-2005 20:01,4.99,NULL
4370,07-07-2005 20:05,559,349,07-07-2005 20:05,7.99,0.5
4371,07-07-2005 20:06,90,556,07-07-2005 20:06,4.99,1
4372,07-07-2005 20:09,252,477,07-07-2005 20:09,0.99,NULL
4373,07-07-2005 20:10,470,785,07-07-2005 20:10,4.99,NULL
4374,07-07-2005 20:13,517,956,07-07-2005 20:13,4.99,NULL
4375,07-07-2005 20:20,560,666,07-07-2005 20:20,9.99,NULL
4376,07-07-2005 20:24,151,296,07-07-2005 20:24,2.99,1
4377,07-07-2005 20:28,205,725,07-07-2005 20:28,7.99,NULL
4378,07-07-2005 20:29,24,275,07-07-2005 20:29,2.99,NULL
4379,07-07-2005 20:32,316,609,07-07-2005 20:32,2.99,1
4380,07-07-2005 20:35,353,694,07-07-2005 20:35,5.99,NULL
4381,07-07-2005 20:37,486,815,07-07-2005 20:37,2.99,NULL
4382,07-07-2005 20:41,26,142,07-07-2005 20:41,4.99,NULL
4383,07-07-2005 20:45,591,580,07-07-2005 20:45,11.99,1
4384,07-07-2005 20:46,59,262,07-07-2005 20:46,4.99,1
4385,07-07-2005 20:48,564,186,07-07-2005 20:48,0.99,1
4386,07-07-2005 20:55,314,111,07-07-2005 20:55,0.99,1
4387,07-07-2005 20:56,335,129,07-07-2005 20:56,8.99,NULL
4388,07-07-2005 20:58,210,691,07-07-2005 20:58,7.99,NULL
4389,07-07-2005 20:58,166,365,07-07-2005 20:58,6.99,NULL
4390,07-07-2005 20:59,44,1,07-07-2005 20:59,0.99,1
4391,07-07-2005 21:09,42,462,07-07-2005 21:09,2.99,NULL
4392,07-07-2005 21:11,491,921,07-07-2005 21:11,2.99,0.5
4393,07-07-2005 21:12,395,879,07-07-2005 21:12,4.99,NULL
4394,07-07-2005 21:12,156,122,07-07-2005 21:12,2.99,NULL
4395,07-07-2005 21:13,544,79,07-07-2005 21:13,0.99,1
4396,07-07-2005 21:14,275,164,07-07-2005 21:14,0.99,NULL
4397,07-07-2005 21:14,494,678,07-07-2005 21:14,5.99,NULL
4398,07-07-2005 21:18,426,791,07-07-2005 21:18,4.99,1
4399,07-07-2005 21:20,402,986,07-07-2005 21:20,2.99,NULL
4400,07-07-2005 21:22,370,10,07-07-2005 21:22,7.99,1
4401,07-07-2005 21:26,405,598,07-07-2005 21:26,0.99,NULL
4402,07-07-2005 21:28,26,266,07-07-2005 21:28,0.99,NULL
4403,07-07-2005 21:29,447,865,07-07-2005 21:29,4.99,1
4404,07-07-2005 21:31,25,209,07-07-2005 21:31,2.99,NULL
4405,07-07-2005 21:33,145,456,07-07-2005 21:33,6.99,NULL
4406,07-07-2005 21:35,448,97,07-07-2005 21:35,1.99,NULL
4407,07-07-2005 21:39,20,59,07-07-2005 21:39,2.99,NULL
4408,07-07-2005 21:41,258,544,07-07-2005 21:41,2.99,NULL
4409,07-07-2005 21:47,8,692,07-07-2005 21:47,3.99,NULL
4410,07-07-2005 21:48,584,604,07-07-2005 21:48,0.99,NULL
4411,07-07-2005 21:54,224,72,07-07-2005 21:54,3.99,1
4412,07-07-2005 21:56,282,263,07-07-2005 21:56,4.99,NULL
4413,07-07-2005 22:00,565,236,07-07-2005 22:00,2.99,NULL
4414,07-07-2005 22:00,434,220,07-07-2005 22:00,2.99,NULL
4415,07-07-2005 22:01,329,307,07-07-2005 22:01,4.99,0.5
4416,07-07-2005 22:04,290,275,07-07-2005 22:04,0.99,NULL
4417,07-07-2005 22:05,452,162,07-07-2005 22:05,2.99,NULL
4418,07-07-2005 22:05,417,952,07-07-2005 22:05,2.99,NULL
4419,07-07-2005 22:06,39,172,07-07-2005 22:06,5.99,1
4420,07-07-2005 22:07,346,968,07-07-2005 22:07,4.99,1
4421,07-07-2005 22:07,417,893,07-07-2005 22:07,9.99,NULL
4422,07-07-2005 22:09,345,378,07-07-2005 22:09,2.99,NULL
4423,07-07-2005 22:11,526,597,07-07-2005 22:11,6.99,NULL
4424,07-07-2005 22:14,384,143,07-07-2005 22:14,0.99,1
4425,07-07-2005 22:22,345,193,07-07-2005 22:22,2.99,NULL
4426,07-07-2005 22:28,242,80,07-07-2005 22:28,4.99,1
4427,07-07-2005 22:28,69,228,07-07-2005 22:28,0.99,NULL
4428,07-07-2005 22:29,181,563,07-07-2005 22:29,4.99,NULL
4429,07-07-2005 22:32,187,647,07-07-2005 22:32,4.99,NULL
4430,07-07-2005 22:35,278,753,07-07-2005 22:35,4.99,0.5
4431,07-07-2005 22:39,26,207,07-07-2005 22:39,6.99,NULL
4432,07-07-2005 22:40,295,610,07-07-2005 22:40,1.99,1
4433,07-07-2005 22:45,449,18,07-07-2005 22:45,3.99,0.5
4434,07-07-2005 22:48,32,391,07-07-2005 22:48,2.99,1
4435,07-07-2005 22:51,157,835,07-07-2005 22:51,3.99,NULL
4436,07-07-2005 22:52,563,942,07-07-2005 22:52,0.99,NULL
4437,07-07-2005 22:55,414,783,07-07-2005 22:55,3.99,NULL
4438,07-07-2005 22:56,104,953,07-07-2005 22:56,6.99,NULL
4439,07-07-2005 22:57,521,522,07-07-2005 22:57,2.99,1
4440,07-07-2005 23:00,507,273,07-07-2005 23:00,0.99,0.5
4441,07-07-2005 23:04,211,805,07-07-2005 23:04,5.99,1
4442,07-07-2005 23:05,123,101,07-07-2005 23:05,3.99,1
4443,07-07-2005 23:05,389,15,07-07-2005 23:05,6.99,1
4444,07-07-2005 23:07,529,167,07-07-2005 23:07,5.99,1
4445,07-07-2005 23:08,327,732,07-07-2005 23:08,4.99,0.5
4446,07-07-2005 23:12,438,576,07-07-2005 23:12,2.99,NULL
4447,07-07-2005 23:15,549,89,07-07-2005 23:15,0.99,NULL
4448,07-07-2005 23:17,536,608,07-07-2005 23:17,2.99,NULL
4449,07-07-2005 23:18,354,618,07-07-2005 23:18,5.99,1
4450,07-07-2005 23:20,345,276,07-07-2005 23:20,4.99,NULL
4451,07-07-2005 23:29,85,39,07-07-2005 23:29,0.99,NULL
4452,07-07-2005 23:31,460,527,07-07-2005 23:31,7.99,NULL
4453,07-07-2005 23:32,560,18,07-07-2005 23:32,0.99,NULL
4454,07-07-2005 23:37,9,305,07-07-2005 23:37,2.99,NULL
4455,07-07-2005 23:43,507,305,07-07-2005 23:43,2.99,0.5
4456,07-07-2005 23:45,421,745,07-07-2005 23:45,5.99,1
4457,07-07-2005 23:45,567,90,07-07-2005 23:45,0.99,1
4458,07-07-2005 23:47,229,288,07-07-2005 23:47,2.99,1
4459,07-07-2005 23:48,227,869,07-07-2005 23:48,4.99,NULL
4460,07-07-2005 23:50,592,896,07-07-2005 23:50,0.99,NULL
4461,07-07-2005 23:59,286,798,07-07-2005 23:59,9.99,NULL
4462,08-07-2005 0:02,257,895,08-07-2005 0:02,6.99,NULL
4463,08-07-2005 0:04,422,949,08-07-2005 0:04,2.99,1
4464,08-07-2005 0:07,583,979,08-07-2005 0:07,4.99,NULL
4465,08-07-2005 0:07,329,631,08-07-2005 0:07,1.99,0.5
4466,08-07-2005 0:12,304,730,08-07-2005 0:12,6.99,NULL
4467,08-07-2005 0:13,339,976,08-07-2005 0:13,0.99,1
4468,08-07-2005 0:17,170,727,08-07-2005 0:17,0.99,1
4469,08-07-2005 0:18,192,469,08-07-2005 0:18,4.99,1
4470,08-07-2005 0:20,145,788,08-07-2005 0:20,2.99,NULL
4471,08-07-2005 0:21,30,58,08-07-2005 0:21,2.99,NULL
4472,08-07-2005 0:22,343,453,08-07-2005 0:22,7.99,NULL
4473,08-07-2005 0:22,481,304,08-07-2005 0:22,2.99,NULL
4474,08-07-2005 0:26,137,977,08-07-2005 0:26,3.99,NULL
4475,08-07-2005 0:27,340,760,08-07-2005 0:27,2.99,1
4476,08-07-2005 0:34,279,88,08-07-2005 0:34,4.99,0.5
4477,08-07-2005 0:38,552,350,08-07-2005 0:38,6.99,1
4478,08-07-2005 0:39,357,382,08-07-2005 0:39,0.99,NULL
4479,08-07-2005 0:52,211,770,08-07-2005 0:52,2.99,1
4480,08-07-2005 0:56,296,973,08-07-2005 0:56,4.99,1
4481,08-07-2005 0:58,474,364,08-07-2005 0:58,2.99,NULL
4482,08-07-2005 1:01,511,767,08-07-2005 1:01,4.99,1
4483,08-07-2005 1:03,425,271,08-07-2005 1:03,8.99,NULL
4484,08-07-2005 1:05,306,628,08-07-2005 1:05,5.99,NULL
4485,08-07-2005 1:07,130,573,08-07-2005 1:07,4.99,1
4486,08-07-2005 1:09,197,183,08-07-2005 1:09,8.99,1
4487,08-07-2005 1:20,360,480,08-07-2005 1:20,7.99,NULL
4488,08-07-2005 1:22,89,457,08-07-2005 1:22,0.99,NULL
4489,08-07-2005 1:23,259,938,08-07-2005 1:23,4.99,1
4490,08-07-2005 1:26,161,590,08-07-2005 1:26,2.99,NULL
4491,08-07-2005 1:30,413,258,08-07-2005 1:30,0.99,1
4492,08-07-2005 1:32,247,254,08-07-2005 1:32,2.99,NULL
4493,08-07-2005 1:40,167,301,08-07-2005 1:40,0.99,1
4494,08-07-2005 1:42,349,361,08-07-2005 1:42,5.99,NULL
4495,08-07-2005 1:43,404,770,08-07-2005 1:43,2.99,0.5
4496,08-07-2005 1:44,578,31,08-07-2005 1:44,4.99,NULL
4497,08-07-2005 1:51,142,434,08-07-2005 1:51,4.99,NULL
4498,08-07-2005 2:07,43,937,08-07-2005 2:07,2.99,NULL
4499,08-07-2005 2:08,199,187,08-07-2005 2:08,2.99,1
4500,08-07-2005 2:10,462,88,08-07-2005 2:10,4.99,1
4501,08-07-2005 2:12,262,309,08-07-2005 2:12,0.99,NULL
4502,08-07-2005 2:12,470,50,08-07-2005 2:12,6.99,NULL
4503,08-07-2005 2:17,8,329,08-07-2005 2:17,3.99,NULL
4504,08-07-2005 2:19,422,79,08-07-2005 2:19,0.99,1
4505,08-07-2005 2:20,481,406,08-07-2005 2:20,1.99,NULL
4506,08-07-2005 2:22,133,324,08-07-2005 2:22,6.99,NULL
4507,08-07-2005 2:22,505,179,08-07-2005 2:22,6.99,NULL
4508,08-07-2005 2:28,97,870,08-07-2005 2:28,4.99,NULL
4509,08-07-2005 2:32,230,382,08-07-2005 2:32,3.99,NULL
4510,08-07-2005 2:34,27,242,08-07-2005 2:34,5.99,NULL
4511,08-07-2005 2:36,75,970,08-07-2005 2:36,0.99,NULL
4512,08-07-2005 2:38,424,344,08-07-2005 2:38,0.99,1
4513,08-07-2005 2:39,182,810,08-07-2005 2:39,1.99,NULL
4514,08-07-2005 2:41,576,421,08-07-2005 2:41,4.99,NULL
4515,08-07-2005 2:42,229,435,08-07-2005 2:42,4.99,1
4516,08-07-2005 2:43,497,502,08-07-2005 2:43,4.99,NULL
4517,08-07-2005 2:45,16,100,08-07-2005 2:45,4.99,NULL
4518,08-07-2005 2:48,592,152,08-07-2005 2:48,2.99,NULL
4519,08-07-2005 2:51,459,967,08-07-2005 2:51,2.99,0.5
4520,08-07-2005 2:53,104,767,08-07-2005 2:53,4.99,NULL
4521,08-07-2005 2:57,327,581,08-07-2005 2:57,0.99,0.5
4522,08-07-2005 3:03,307,895,08-07-2005 3:03,2.99,1
4523,08-07-2005 3:06,347,611,08-07-2005 3:06,6.99,NULL
4524,08-07-2005 3:10,185,480,08-07-2005 3:10,2.99,0.5
4525,08-07-2005 3:15,458,792,08-07-2005 3:15,2.99,NULL
4526,08-07-2005 3:17,1,316,08-07-2005 3:17,5.99,0.5
4527,08-07-2005 3:20,468,489,08-07-2005 3:20,3.99,1
4528,08-07-2005 3:24,439,705,08-07-2005 3:24,2.99,NULL
4529,08-07-2005 3:26,104,300,08-07-2005 3:26,7.99,NULL
4530,08-07-2005 3:27,79,827,08-07-2005 3:27,4.99,0.5
4531,08-07-2005 3:27,142,683,08-07-2005 3:27,4.99,NULL
4532,08-07-2005 3:30,481,873,08-07-2005 3:30,0.99,NULL
4533,08-07-2005 3:32,474,245,08-07-2005 3:32,0.99,NULL
4534,08-07-2005 3:36,132,554,08-07-2005 3:36,4.99,NULL
4535,08-07-2005 3:40,29,122,08-07-2005 3:40,0.99,0.5
4536,08-07-2005 3:43,26,49,08-07-2005 3:43,3.99,NULL
4537,08-07-2005 3:48,448,288,08-07-2005 3:48,2.99,NULL
4538,08-07-2005 3:56,451,794,08-07-2005 3:56,2.99,NULL
4539,08-07-2005 4:01,264,535,08-07-2005 4:01,0.99,0.5
4540,08-07-2005 4:03,309,903,08-07-2005 4:03,4.99,NULL
4541,08-07-2005 4:04,248,431,08-07-2005 4:04,4.99,NULL
4542,08-07-2005 4:06,293,906,08-07-2005 4:06,4.99,NULL
4543,08-07-2005 4:06,41,203,08-07-2005 4:06,4.99,NULL
4544,08-07-2005 4:11,351,976,08-07-2005 4:11,0.99,1
4545,08-07-2005 4:17,271,799,08-07-2005 4:17,2.99,1
4546,08-07-2005 4:18,393,984,08-07-2005 4:18,8.99,1
4547,08-07-2005 4:20,255,743,08-07-2005 4:20,0.99,NULL
4548,08-07-2005 4:21,164,167,08-07-2005 4:21,4.99,0.5
4549,08-07-2005 4:25,98,614,08-07-2005 4:25,4.99,NULL
4550,08-07-2005 4:34,409,133,08-07-2005 4:34,4.99,NULL
4551,08-07-2005 4:36,494,256,08-07-2005 4:36,7.99,NULL
4552,08-07-2005 4:36,313,559,08-07-2005 4:36,2.99,1
4553,08-07-2005 4:43,529,458,08-07-2005 4:43,0.99,1
4554,08-07-2005 4:48,376,848,08-07-2005 4:48,5.99,1
4555,08-07-2005 4:48,68,382,08-07-2005 4:48,6.99,1
4556,08-07-2005 4:48,348,892,08-07-2005 4:48,9.99,NULL
4557,08-07-2005 4:49,132,265,08-07-2005 4:49,5.99,NULL
4558,08-07-2005 4:55,448,181,08-07-2005 4:55,2.99,NULL
4559,08-07-2005 4:56,424,416,08-07-2005 4:56,0.99,1
4560,08-07-2005 4:58,36,68,08-07-2005 4:58,4.99,0.5
4561,08-07-2005 5:02,500,358,08-07-2005 5:02,0.99,NULL
4562,08-07-2005 5:08,454,215,08-07-2005 5:08,4.99,NULL
4563,08-07-2005 5:08,522,65,08-07-2005 5:08,9.99,NULL
4564,08-07-2005 5:09,519,547,08-07-2005 5:09,0.99,0.5
4565,08-07-2005 5:12,563,821,08-07-2005 5:12,3.99,NULL
4566,08-07-2005 5:18,133,937,08-07-2005 5:18,2.99,NULL
4567,08-07-2005 5:20,202,888,08-07-2005 5:20,4.99,1
4568,08-07-2005 5:23,122,575,08-07-2005 5:23,4.99,NULL
4569,08-07-2005 5:30,366,643,08-07-2005 5:30,5.99,0.5
4570,08-07-2005 5:33,503,573,08-07-2005 5:33,2.99,0.5
4571,08-07-2005 5:34,86,527,08-07-2005 5:34,9.99,NULL
4572,08-07-2005 5:36,323,292,08-07-2005 5:36,1.99,NULL
4573,08-07-2005 5:38,400,543,08-07-2005 5:38,6.99,NULL
4574,08-07-2005 5:39,257,117,08-07-2005 5:39,4.99,NULL
4575,08-07-2005 5:49,41,51,08-07-2005 5:49,2.99,NULL
4576,08-07-2005 5:51,567,417,08-07-2005 5:51,0.99,1
4577,08-07-2005 5:59,442,368,08-07-2005 5:59,3.99,1
4578,08-07-2005 6:00,497,335,08-07-2005 6:00,0.99,NULL
4579,08-07-2005 6:01,585,934,08-07-2005 6:01,4.99,NULL
4580,08-07-2005 6:04,199,768,08-07-2005 6:04,8.99,1
4581,08-07-2005 6:05,591,197,08-07-2005 6:05,6.99,1
4582,08-07-2005 6:09,274,150,08-07-2005 6:09,2.99,1
4583,08-07-2005 6:09,365,901,08-07-2005 6:09,1.99,0.5
4584,08-07-2005 6:11,368,504,08-07-2005 6:11,0.99,0.5
4585,08-07-2005 6:11,143,354,08-07-2005 6:11,7.99,0.5
4586,08-07-2005 6:12,461,302,08-07-2005 6:12,2.99,NULL
4587,08-07-2005 6:16,63,767,08-07-2005 6:16,4.99,NULL
4588,08-07-2005 6:18,198,792,08-07-2005 6:18,2.99,NULL
4589,08-07-2005 6:26,99,266,08-07-2005 6:26,0.99,NULL
4590,08-07-2005 6:27,580,920,08-07-2005 6:27,3.99,NULL
4591,08-07-2005 6:29,182,492,08-07-2005 6:29,3.99,NULL
4592,08-07-2005 6:31,235,463,08-07-2005 6:31,2.99,NULL
4593,08-07-2005 6:38,528,637,08-07-2005 6:38,5.99,NULL
4594,08-07-2005 6:40,506,6,08-07-2005 6:40,7.99,NULL
4595,08-07-2005 6:40,336,166,08-07-2005 6:40,2.99,1
4596,08-07-2005 6:41,306,493,08-07-2005 6:41,1.99,NULL
4597,08-07-2005 6:43,545,824,08-07-2005 6:43,5.99,NULL
4598,08-07-2005 6:46,82,57,08-07-2005 6:46,6.99,NULL
4599,08-07-2005 6:48,356,455,08-07-2005 6:48,4.99,1
4600,08-07-2005 6:48,457,334,08-07-2005 6:48,5.99,NULL
4601,08-07-2005 6:49,572,698,08-07-2005 6:49,2.99,NULL
4602,08-07-2005 6:52,129,790,08-07-2005 6:52,0.99,1
4603,08-07-2005 6:57,334,165,08-07-2005 6:57,6.99,NULL
4604,08-07-2005 6:58,402,920,08-07-2005 6:58,3.99,NULL
4605,08-07-2005 7:00,523,252,08-07-2005 7:00,4.99,1
4606,08-07-2005 7:05,502,424,08-07-2005 7:05,2.99,1
4607,08-07-2005 7:15,281,266,08-07-2005 7:15,0.99,1
4608,08-07-2005 7:19,11,166,08-07-2005 7:19,2.99,0.5
4609,08-07-2005 7:22,573,812,08-07-2005 7:22,0.99,NULL
4610,08-07-2005 7:28,265,283,08-07-2005 7:28,0.99,NULL
4611,08-07-2005 7:33,1,764,08-07-2005 7:33,5.99,0.5
4612,08-07-2005 7:40,371,17,08-07-2005 7:40,1.99,NULL
4613,08-07-2005 7:44,581,105,08-07-2005 7:44,0.99,NULL
4614,08-07-2005 7:45,71,565,08-07-2005 7:45,4.99,NULL
4615,08-07-2005 7:46,404,267,08-07-2005 7:46,8.99,0.5
4616,08-07-2005 7:48,280,565,08-07-2005 7:48,4.99,NULL
4617,08-07-2005 7:55,475,828,08-07-2005 7:55,4.99,NULL
4618,08-07-2005 8:00,179,807,08-07-2005 8:00,2.99,1
4619,08-07-2005 8:01,579,460,08-07-2005 8:01,9.99,NULL
4620,08-07-2005 8:01,210,760,08-07-2005 8:01,5.99,NULL
4621,08-07-2005 8:02,297,349,08-07-2005 8:02,2.99,1
4622,08-07-2005 8:02,289,595,08-07-2005 8:02,0.99,NULL
4623,08-07-2005 8:03,593,907,08-07-2005 8:03,0.99,NULL
4624,08-07-2005 8:12,341,339,08-07-2005 8:12,2.99,NULL
4625,08-07-2005 8:14,473,71,08-07-2005 8:14,4.99,NULL
4626,08-07-2005 8:18,268,8,08-07-2005 8:18,4.99,1
4627,08-07-2005 8:24,78,520,08-07-2005 8:24,2.99,1
4628,08-07-2005 8:25,540,412,08-07-2005 8:25,4.99,NULL
4629,08-07-2005 8:31,563,51,08-07-2005 8:31,6.99,NULL
4630,08-07-2005 8:33,319,755,08-07-2005 8:33,4.99,NULL
4631,08-07-2005 8:38,59,103,08-07-2005 8:38,4.99,1
4632,08-07-2005 8:38,393,944,08-07-2005 8:38,5.99,1
4633,08-07-2005 8:39,348,697,08-07-2005 8:39,0.99,NULL
4634,08-07-2005 8:40,275,176,08-07-2005 8:40,0.99,NULL
4635,08-07-2005 8:42,65,531,08-07-2005 8:42,3.99,NULL
4636,08-07-2005 8:44,228,405,08-07-2005 8:44,4.99,NULL
4637,08-07-2005 8:49,263,417,08-07-2005 8:49,0.99,NULL
4638,08-07-2005 8:57,305,484,08-07-2005 8:57,2.99,NULL
4639,08-07-2005 8:57,75,537,08-07-2005 8:57,5.99,NULL
4640,08-07-2005 8:59,506,253,08-07-2005 8:59,6.99,NULL
4641,08-07-2005 9:09,26,531,08-07-2005 9:09,6.99,NULL
4642,08-07-2005 9:13,30,428,08-07-2005 9:13,2.99,NULL
4643,08-07-2005 9:13,436,54,08-07-2005 9:13,0.99,NULL
4644,08-07-2005 9:14,38,711,08-07-2005 9:14,4.99,NULL
4645,08-07-2005 9:20,400,150,08-07-2005 9:20,2.99,NULL
4646,08-07-2005 9:23,362,134,08-07-2005 9:23,8.99,1
4647,08-07-2005 9:27,312,147,08-07-2005 9:27,3.99,NULL
4648,08-07-2005 9:31,444,764,08-07-2005 9:31,6.99,NULL
4649,08-07-2005 9:32,221,247,08-07-2005 9:32,4.99,NULL
4650,08-07-2005 9:32,108,625,08-07-2005 9:32,4.99,NULL
4651,08-07-2005 9:39,557,886,08-07-2005 9:39,0.99,NULL
4652,08-07-2005 9:47,127,913,08-07-2005 9:47,5.99,1
4653,08-07-2005 9:48,404,552,08-07-2005 9:48,4.99,0.5
4654,08-07-2005 9:48,434,915,08-07-2005 9:48,6.99,NULL
4655,08-07-2005 9:49,213,889,08-07-2005 9:49,8.99,NULL
4656,08-07-2005 9:50,141,183,08-07-2005 9:50,5.99,0.5
4657,08-07-2005 9:51,54,224,08-07-2005 9:51,4.99,0.5
4658,08-07-2005 9:51,166,688,08-07-2005 9:51,0.99,NULL
4659,08-07-2005 9:53,425,958,08-07-2005 9:53,2.99,NULL
4660,08-07-2005 9:54,139,269,08-07-2005 9:54,0.99,NULL
4661,08-07-2005 9:55,518,579,08-07-2005 9:55,4.99,0.5
4662,08-07-2005 9:58,553,301,08-07-2005 9:58,0.99,NULL
4663,08-07-2005 9:59,139,649,08-07-2005 9:59,2.99,NULL
4664,08-07-2005 10:01,546,291,08-07-2005 10:01,0.99,1
4665,08-07-2005 10:04,106,125,08-07-2005 10:04,3.99,1
4666,08-07-2005 10:05,120,1000,08-07-2005 10:05,9.99,NULL
4667,08-07-2005 10:06,485,735,08-07-2005 10:06,2.99,1
4668,08-07-2005 10:11,481,865,08-07-2005 10:11,10.99,NULL
4669,08-07-2005 10:13,581,765,08-07-2005 10:13,5.99,NULL
4670,08-07-2005 10:14,153,730,08-07-2005 10:14,5.99,NULL
4671,08-07-2005 10:15,55,463,08-07-2005 10:15,4.99,1
4672,08-07-2005 10:15,18,417,08-07-2005 10:15,3.99,NULL
4673,08-07-2005 10:16,91,613,08-07-2005 10:16,4.99,NULL
4674,08-07-2005 10:19,329,353,08-07-2005 10:19,2.99,0.5
4675,08-07-2005 10:24,380,288,08-07-2005 10:24,2.99,NULL
4676,08-07-2005 10:26,302,568,08-07-2005 10:26,4.99,1
4677,08-07-2005 10:30,258,272,08-07-2005 10:30,5.99,NULL
4678,08-07-2005 10:30,219,54,08-07-2005 10:30,0.99,NULL
4679,08-07-2005 10:33,423,789,08-07-2005 10:33,2.99,0.5
4680,08-07-2005 10:35,227,880,08-07-2005 10:35,2.99,NULL
4681,08-07-2005 10:36,133,229,08-07-2005 10:36,6.99,NULL
4682,08-07-2005 10:38,263,193,08-07-2005 10:38,2.99,NULL
4683,08-07-2005 10:38,283,759,08-07-2005 10:38,2.99,1
4684,08-07-2005 10:41,585,112,08-07-2005 10:41,9.99,NULL
4685,08-07-2005 10:45,590,131,08-07-2005 10:45,4.99,NULL
4686,08-07-2005 10:53,234,306,08-07-2005 10:53,0.99,NULL
4687,08-07-2005 10:54,169,255,08-07-2005 10:54,4.99,1
4688,08-07-2005 11:03,80,782,08-07-2005 11:03,5.99,NULL
4689,08-07-2005 11:03,364,554,08-07-2005 11:03,4.99,NULL
4690,08-07-2005 11:04,64,727,08-07-2005 11:04,1.99,1
4691,08-07-2005 11:04,126,130,08-07-2005 11:04,0.99,1
4692,08-07-2005 11:07,288,326,08-07-2005 11:07,2.99,NULL
4693,08-07-2005 11:07,221,369,08-07-2005 11:07,6.99,NULL
4694,08-07-2005 11:07,229,794,08-07-2005 11:07,0.99,1
4695,08-07-2005 11:07,39,175,08-07-2005 11:07,8.99,1
4696,08-07-2005 11:12,424,300,08-07-2005 11:12,5.99,1
4697,08-07-2005 11:19,224,900,08-07-2005 11:19,2.99,1
4698,08-07-2005 11:19,570,864,08-07-2005 11:19,0.99,NULL
4699,08-07-2005 11:36,348,538,08-07-2005 11:36,0.99,NULL
4700,08-07-2005 11:37,317,850,08-07-2005 11:37,0.99,NULL
4701,08-07-2005 11:38,522,661,08-07-2005 11:38,4.99,NULL
4702,08-07-2005 11:41,56,570,08-07-2005 11:41,4.99,NULL
4703,08-07-2005 11:44,544,626,08-07-2005 11:44,2.99,1
4704,08-07-2005 11:45,28,496,08-07-2005 11:45,0.99,1
4705,08-07-2005 11:50,85,811,08-07-2005 11:50,2.99,NULL
4706,08-07-2005 11:51,380,552,08-07-2005 11:51,4.99,NULL
4707,08-07-2005 11:57,286,10,08-07-2005 11:57,4.99,NULL
4708,08-07-2005 11:59,212,715,08-07-2005 11:59,10.99,NULL
4709,08-07-2005 12:04,124,864,08-07-2005 12:04,2.99,0.5
4710,08-07-2005 12:04,590,56,08-07-2005 12:04,2.99,NULL
4711,08-07-2005 12:06,563,505,08-07-2005 12:06,2.99,NULL
4712,08-07-2005 12:10,39,517,08-07-2005 12:10,6.99,1
4713,08-07-2005 12:12,207,306,08-07-2005 12:12,5.99,NULL
4714,08-07-2005 12:12,385,420,08-07-2005 12:12,6.99,0.5
4715,08-07-2005 12:15,276,873,08-07-2005 12:15,0.99,NULL
4716,08-07-2005 12:18,391,418,08-07-2005 12:18,0.99,0.5
4717,08-07-2005 12:22,453,327,08-07-2005 12:22,4.99,NULL
4718,08-07-2005 12:32,535,361,08-07-2005 12:32,6.99,NULL
4719,08-07-2005 12:33,556,291,08-07-2005 12:33,2.99,NULL
4720,08-07-2005 12:34,452,586,08-07-2005 12:34,0.99,NULL
4721,08-07-2005 12:39,234,682,08-07-2005 12:39,7.99,NULL
4722,08-07-2005 12:42,590,817,08-07-2005 12:42,4.99,NULL
4723,08-07-2005 12:44,44,215,08-07-2005 12:44,9.99,1
4724,08-07-2005 12:46,18,740,08-07-2005 12:46,3.99,NULL
4725,08-07-2005 12:47,3,447,08-07-2005 12:47,4.99,NULL
4726,08-07-2005 12:50,144,953,08-07-2005 12:50,6.99,NULL
4727,08-07-2005 12:54,39,276,08-07-2005 12:54,7.99,1
4728,08-07-2005 12:59,462,806,08-07-2005 12:59,3.99,1
4729,08-07-2005 12:59,205,313,08-07-2005 12:59,4.99,NULL
4730,08-07-2005 12:59,126,353,08-07-2005 12:59,2.99,1
4731,08-07-2005 13:08,241,896,08-07-2005 13:08,0.99,1
4732,08-07-2005 13:09,562,69,08-07-2005 13:09,5.99,NULL
4733,08-07-2005 13:12,93,482,08-07-2005 13:12,2.99,1
4734,08-07-2005 13:12,546,418,08-07-2005 13:12,0.99,1
4735,08-07-2005 13:12,381,942,08-07-2005 13:12,0.99,NULL
4736,08-07-2005 13:22,79,660,08-07-2005 13:22,4.99,0.5
4737,08-07-2005 13:23,116,933,08-07-2005 13:23,4.99,NULL
4738,08-07-2005 13:24,31,439,08-07-2005 13:24,9.99,1
4739,08-07-2005 13:25,197,28,08-07-2005 13:25,4.99,1
4740,08-07-2005 13:30,379,561,08-07-2005 13:30,2.99,1
4741,08-07-2005 13:31,260,114,08-07-2005 13:31,6.99,1
4742,08-07-2005 13:35,340,663,08-07-2005 13:35,0.99,1
4743,08-07-2005 13:42,535,16,08-07-2005 13:42,2.99,NULL
4744,08-07-2005 13:43,507,647,08-07-2005 13:43,0.99,0.5
4745,08-07-2005 13:45,354,298,08-07-2005 13:45,2.99,1
4746,08-07-2005 13:47,148,37,08-07-2005 13:47,2.99,NULL
4747,08-07-2005 13:53,383,859,08-07-2005 13:53,5.99,NULL
4748,08-07-2005 13:59,9,931,08-07-2005 13:59,0.99,NULL
4749,08-07-2005 14:05,236,265,08-07-2005 14:05,4.99,NULL
4750,08-07-2005 14:07,198,743,08-07-2005 14:07,0.99,NULL
4751,08-07-2005 14:07,436,760,08-07-2005 14:07,2.99,NULL
4752,08-07-2005 14:15,512,715,08-07-2005 14:15,5.99,NULL
4753,08-07-2005 14:18,391,358,08-07-2005 14:18,0.99,0.5
4754,08-07-2005 14:20,108,697,08-07-2005 14:20,0.99,NULL
4755,08-07-2005 14:23,378,143,08-07-2005 14:23,0.99,1
4756,08-07-2005 14:24,351,674,08-07-2005 14:24,1.99,1
4757,08-07-2005 14:36,504,283,08-07-2005 14:36,0.99,NULL
4758,08-07-2005 14:38,288,809,08-07-2005 14:38,0.99,NULL
4759,08-07-2005 14:39,284,871,08-07-2005 14:39,7.99,NULL
4760,08-07-2005 14:48,177,813,08-07-2005 14:48,0.99,NULL
4761,08-07-2005 14:51,351,777,08-07-2005 14:51,5.99,1
4762,08-07-2005 14:54,36,86,08-07-2005 14:54,4.99,0.5
4763,08-07-2005 14:57,465,200,08-07-2005 14:57,0.99,NULL
4764,08-07-2005 15:01,89,265,08-07-2005 15:01,8.99,NULL
4765,08-07-2005 15:08,437,103,08-07-2005 15:08,4.99,NULL
4766,08-07-2005 15:16,149,235,08-07-2005 15:16,3.99,NULL
4767,08-07-2005 15:18,350,819,08-07-2005 15:18,2.99,1
4768,08-07-2005 15:28,482,611,08-07-2005 15:28,4.99,NULL
4769,08-07-2005 15:29,501,759,08-07-2005 15:29,2.99,NULL
4770,08-07-2005 15:29,573,525,08-07-2005 15:29,2.99,NULL
4771,08-07-2005 15:33,32,235,08-07-2005 15:33,2.99,1
4772,08-07-2005 15:41,486,466,08-07-2005 15:41,7.99,NULL
4773,08-07-2005 15:41,519,664,08-07-2005 15:41,2.99,0.5
4774,08-07-2005 15:42,489,147,08-07-2005 15:42,3.99,0.5
4775,08-07-2005 15:44,595,930,08-07-2005 15:44,2.99,1
4776,08-07-2005 15:44,563,571,08-07-2005 15:44,5.99,NULL
4777,08-07-2005 15:48,102,99,08-07-2005 15:48,3.99,NULL
4778,08-07-2005 15:51,78,132,08-07-2005 15:51,0.99,1
4779,08-07-2005 15:53,338,292,08-07-2005 15:53,4.99,NULL
4780,08-07-2005 16:06,115,601,08-07-2005 16:06,1.99,NULL
4781,08-07-2005 16:06,593,395,08-07-2005 16:06,4.99,NULL
4782,08-07-2005 16:08,436,99,08-07-2005 16:08,4.99,NULL
4783,08-07-2005 16:09,214,862,08-07-2005 16:09,3.99,NULL
4784,08-07-2005 16:09,182,119,08-07-2005 16:09,0.99,NULL
4785,08-07-2005 16:10,474,11,08-07-2005 16:10,0.99,NULL
4786,08-07-2005 16:13,294,597,08-07-2005 16:13,7.99,NULL
4787,08-07-2005 16:16,7,857,08-07-2005 16:16,5.99,NULL
4788,08-07-2005 16:17,533,151,08-07-2005 16:17,4.99,1
4789,08-07-2005 16:22,73,4,08-07-2005 16:22,4.99,NULL
4790,08-07-2005 16:25,500,20,08-07-2005 16:25,4.99,NULL
4791,08-07-2005 16:27,393,551,08-07-2005 16:27,7.99,1
4792,08-07-2005 16:29,147,461,08-07-2005 16:29,0.99,0.5
4793,08-07-2005 16:30,427,679,08-07-2005 16:30,3.99,1
4794,08-07-2005 16:30,451,548,08-07-2005 16:30,8.99,NULL
4795,08-07-2005 16:32,497,747,08-07-2005 16:32,0.99,NULL
4796,08-07-2005 16:35,9,545,08-07-2005 16:35,1.99,NULL
4797,08-07-2005 16:39,265,304,08-07-2005 16:39,2.99,NULL
4798,08-07-2005 16:45,212,847,08-07-2005 16:45,3.99,NULL
4799,08-07-2005 16:49,512,894,08-07-2005 16:49,0.99,NULL
4800,08-07-2005 16:51,99,422,08-07-2005 16:51,4.99,NULL
4801,08-07-2005 16:51,431,166,08-07-2005 16:51,2.99,NULL
4802,08-07-2005 16:55,562,4,08-07-2005 16:55,4.99,NULL
4803,08-07-2005 16:56,174,388,08-07-2005 16:56,1.99,NULL
4804,08-07-2005 16:57,269,821,08-07-2005 16:57,0.99,NULL
4805,08-07-2005 16:59,453,83,08-07-2005 16:59,2.99,NULL
4806,08-07-2005 17:01,506,48,08-07-2005 17:01,8.99,NULL
4807,08-07-2005 17:01,348,985,08-07-2005 17:01,8.99,NULL
4808,08-07-2005 17:02,563,558,08-07-2005 17:02,3.99,NULL
4809,08-07-2005 17:03,474,924,08-07-2005 17:03,2.99,NULL
4810,08-07-2005 17:04,209,883,08-07-2005 17:04,4.99,1
4811,08-07-2005 17:04,127,878,08-07-2005 17:04,5.99,1
4812,08-07-2005 17:07,304,723,08-07-2005 17:07,8.99,NULL
4813,08-07-2005 17:09,439,603,08-07-2005 17:09,4.99,NULL
4814,08-07-2005 17:11,244,766,08-07-2005 17:11,4.99,NULL
4815,08-07-2005 17:12,581,184,08-07-2005 17:12,8.99,NULL
4816,08-07-2005 17:14,207,593,08-07-2005 17:14,0.99,NULL
4817,08-07-2005 17:17,145,351,08-07-2005 17:17,2.99,NULL
4818,08-07-2005 17:18,144,23,08-07-2005 17:18,3.99,NULL
4819,08-07-2005 17:19,64,295,08-07-2005 17:19,5.99,1
4820,08-07-2005 17:25,172,586,08-07-2005 17:25,5.99,0.5
4821,08-07-2005 17:28,172,369,08-07-2005 17:28,4.99,0.5
4822,08-07-2005 17:28,185,865,08-07-2005 17:28,7.99,0.5
4823,08-07-2005 17:28,206,32,08-07-2005 17:28,4.99,1
4824,08-07-2005 17:37,225,403,08-07-2005 17:37,7.99,1
4825,08-07-2005 17:43,563,527,08-07-2005 17:43,4.99,NULL
4826,08-07-2005 17:44,180,202,08-07-2005 17:44,7.99,NULL
4827,08-07-2005 17:46,110,973,08-07-2005 17:46,4.99,1
4828,08-07-2005 17:52,92,244,08-07-2005 17:52,4.99,1
4829,08-07-2005 17:54,133,584,08-07-2005 17:54,2.99,NULL
4830,08-07-2005 17:56,359,254,08-07-2005 17:56,7.99,NULL
4831,08-07-2005 18:00,243,601,08-07-2005 18:00,0.99,NULL
4832,08-07-2005 18:07,509,399,08-07-2005 18:07,2.99,1
4833,08-07-2005 18:07,581,641,08-07-2005 18:07,1.99,NULL
4834,08-07-2005 18:07,301,285,08-07-2005 18:07,3.99,1
4835,08-07-2005 18:08,95,549,08-07-2005 18:08,5.99,1
4836,08-07-2005 18:09,311,604,08-07-2005 18:09,3.99,1
4837,08-07-2005 18:09,149,423,08-07-2005 18:09,0.99,NULL
4838,08-07-2005 18:11,84,816,08-07-2005 18:11,6.99,NULL
4839,08-07-2005 18:13,556,393,08-07-2005 18:13,3.99,NULL
4840,08-07-2005 18:18,119,365,08-07-2005 18:18,8.99,0.5
4841,08-07-2005 18:18,248,114,08-07-2005 18:18,0.99,NULL
4842,08-07-2005 18:21,160,314,08-07-2005 18:21,0.99,1
4843,08-07-2005 18:27,45,795,08-07-2005 18:27,0.99,NULL
4844,08-07-2005 18:28,237,883,08-07-2005 18:28,4.99,NULL
4845,08-07-2005 18:28,553,508,08-07-2005 18:28,4.99,NULL
4846,08-07-2005 18:29,556,91,08-07-2005 18:29,0.99,NULL
4847,08-07-2005 18:29,544,745,08-07-2005 18:29,6.99,1
4848,08-07-2005 18:30,251,649,08-07-2005 18:30,2.99,NULL
4849,08-07-2005 18:34,146,941,08-07-2005 18:34,6.99,NULL
4850,08-07-2005 18:39,154,666,08-07-2005 18:39,5.99,1
4851,08-07-2005 18:40,557,26,08-07-2005 18:40,1.99,NULL
4852,08-07-2005 18:43,418,775,08-07-2005 18:43,7.99,NULL
4853,08-07-2005 18:43,23,319,08-07-2005 18:43,2.99,NULL
4854,08-07-2005 18:44,487,796,08-07-2005 18:44,2.99,1
4855,08-07-2005 18:45,337,253,08-07-2005 18:45,4.99,0.5
4856,08-07-2005 18:47,7,532,08-07-2005 18:47,4.99,NULL
4857,08-07-2005 18:52,211,449,08-07-2005 18:52,2.99,1
4858,08-07-2005 18:53,447,750,08-07-2005 18:53,6.99,1
4859,08-07-2005 18:54,369,421,08-07-2005 18:54,4.99,NULL
4860,08-07-2005 18:54,123,95,08-07-2005 18:54,8.99,1
4861,08-07-2005 18:57,455,654,08-07-2005 18:57,8.99,NULL
4862,08-07-2005 19:02,291,66,08-07-2005 19:02,3.99,NULL
4863,08-07-2005 19:03,431,1,08-07-2005 19:03,0.99,NULL
4864,08-07-2005 19:05,281,651,08-07-2005 19:05,6.99,1
4865,08-07-2005 19:09,418,353,08-07-2005 19:09,2.99,NULL
4866,08-07-2005 19:09,278,879,08-07-2005 19:09,8.99,0.5
4867,08-07-2005 19:10,593,891,08-07-2005 19:10,0.99,NULL
4868,08-07-2005 19:13,307,255,08-07-2005 19:13,4.99,1
4869,08-07-2005 19:14,376,626,08-07-2005 19:14,4.99,1
4870,08-07-2005 19:14,260,679,08-07-2005 19:14,2.99,1
4871,08-07-2005 19:19,210,551,08-07-2005 19:19,6.99,NULL
4872,08-07-2005 19:23,103,398,08-07-2005 19:23,4.99,NULL
4873,08-07-2005 19:23,473,982,08-07-2005 19:23,0.99,NULL
4874,08-07-2005 19:23,223,521,08-07-2005 19:23,4.99,NULL
4875,08-07-2005 19:24,555,184,08-07-2005 19:24,2.99,NULL
4876,08-07-2005 19:27,283,427,08-07-2005 19:27,1.99,1
4877,08-07-2005 19:31,287,402,08-07-2005 19:31,4.99,1
4878,08-07-2005 19:33,172,873,08-07-2005 19:33,6.99,0.5
4879,08-07-2005 19:34,196,308,08-07-2005 19:34,2.99,NULL
4880,08-07-2005 19:36,269,908,08-07-2005 19:36,6.99,NULL
4881,08-07-2005 19:40,349,947,08-07-2005 19:40,0.99,NULL
4882,08-07-2005 19:42,184,991,08-07-2005 19:42,6.99,NULL
4883,08-07-2005 19:46,563,301,08-07-2005 19:46,0.99,NULL
4884,08-07-2005 19:49,425,775,08-07-2005 19:49,7.99,NULL
4885,08-07-2005 19:51,233,98,08-07-2005 19:51,4.99,0.5
4886,08-07-2005 19:53,474,745,08-07-2005 19:53,4.99,NULL
4887,08-07-2005 19:59,543,789,08-07-2005 19:59,2.99,NULL
4888,08-07-2005 20:04,527,270,08-07-2005 20:04,0.99,NULL
4889,08-07-2005 20:04,5,975,08-07-2005 20:04,2.99,NULL
4890,08-07-2005 20:05,574,782,08-07-2005 20:05,2.99,0.5
4891,08-07-2005 20:06,59,388,08-07-2005 20:06,3.99,1
4892,08-07-2005 20:06,193,779,08-07-2005 20:06,6.99,NULL
4893,08-07-2005 20:19,210,447,08-07-2005 20:19,4.99,NULL
4894,08-07-2005 20:21,286,230,08-07-2005 20:21,2.99,NULL
4895,08-07-2005 20:22,242,574,08-07-2005 20:22,1.99,1
4896,08-07-2005 20:23,129,660,08-07-2005 20:23,2.99,1
4897,08-07-2005 20:25,258,647,08-07-2005 20:25,0.99,NULL
4898,08-07-2005 20:31,218,706,08-07-2005 20:31,6.99,NULL
4899,08-07-2005 20:37,32,91,08-07-2005 20:37,0.99,1
4900,08-07-2005 20:38,426,764,08-07-2005 20:38,4.99,1
4901,08-07-2005 20:44,507,473,08-07-2005 20:44,2.99,0.5
4902,08-07-2005 20:49,554,484,08-07-2005 20:49,4.99,1
4903,08-07-2005 20:50,132,383,08-07-2005 20:50,0.99,NULL
4904,08-07-2005 20:53,173,445,08-07-2005 20:53,7.99,NULL
4905,08-07-2005 20:56,246,893,08-07-2005 20:56,4.99,1
4906,08-07-2005 20:59,490,334,08-07-2005 20:59,5.99,NULL
4907,08-07-2005 21:01,209,268,08-07-2005 21:01,4.99,1
4908,08-07-2005 21:05,160,428,08-07-2005 21:05,5.99,1
4909,08-07-2005 21:07,228,317,08-07-2005 21:07,0.99,NULL
4910,08-07-2005 21:13,219,804,08-07-2005 21:13,7.99,NULL
4911,08-07-2005 21:20,66,979,08-07-2005 21:20,5.99,NULL
4912,08-07-2005 21:26,275,438,08-07-2005 21:26,9.99,NULL
4913,08-07-2005 21:27,368,219,08-07-2005 21:27,8.99,0.5
4914,08-07-2005 21:30,535,67,08-07-2005 21:30,6.99,NULL
4915,08-07-2005 21:31,178,609,08-07-2005 21:31,2.99,1
4916,08-07-2005 21:32,212,588,08-07-2005 21:32,6.99,NULL
4917,08-07-2005 21:32,104,709,08-07-2005 21:32,2.99,NULL
4918,08-07-2005 21:37,220,836,08-07-2005 21:37,2.99,NULL
4919,08-07-2005 21:41,157,457,08-07-2005 21:41,0.99,NULL
4920,08-07-2005 21:42,239,933,08-07-2005 21:42,7.99,NULL
4921,08-07-2005 21:43,109,93,08-07-2005 21:43,4.99,NULL
4922,08-07-2005 21:44,577,644,08-07-2005 21:44,2.99,NULL
4923,08-07-2005 21:44,18,206,08-07-2005 21:44,3.99,NULL
4924,08-07-2005 21:55,180,946,08-07-2005 21:55,9.99,NULL
4925,08-07-2005 21:56,68,468,08-07-2005 21:56,3.99,1
4926,08-07-2005 22:01,415,902,08-07-2005 22:01,8.99,NULL
4927,08-07-2005 22:05,136,562,08-07-2005 22:05,0.99,1
4928,08-07-2005 22:05,77,951,08-07-2005 22:05,0.99,1
4929,08-07-2005 22:06,297,160,08-07-2005 22:06,5.99,1
4930,08-07-2005 22:15,451,447,08-07-2005 22:15,4.99,NULL
4931,08-07-2005 22:16,284,603,08-07-2005 22:16,7.99,NULL
4932,08-07-2005 22:17,558,921,08-07-2005 22:17,2.99,NULL
4933,08-07-2005 22:18,579,72,08-07-2005 22:18,2.99,NULL
4934,08-07-2005 22:18,517,379,08-07-2005 22:18,0.99,NULL
4935,08-07-2005 22:20,230,595,08-07-2005 22:20,0.99,NULL
4936,08-07-2005 22:24,298,443,08-07-2005 22:24,3.99,NULL
4937,08-07-2005 22:29,273,7,08-07-2005 22:29,5.99,NULL
4938,08-07-2005 22:32,418,467,08-07-2005 22:32,0.99,NULL
4939,08-07-2005 22:35,425,703,08-07-2005 22:35,7.99,NULL
4940,08-07-2005 22:36,215,216,08-07-2005 22:36,8.99,NULL
4941,08-07-2005 22:39,553,835,08-07-2005 22:39,3.99,NULL
4942,08-07-2005 22:42,120,976,08-07-2005 22:42,1.99,NULL
4943,08-07-2005 22:43,11,599,08-07-2005 22:43,4.99,0.5
4944,08-07-2005 22:44,293,796,08-07-2005 22:44,6.99,NULL
4945,08-07-2005 22:45,165,450,08-07-2005 22:45,2.99,1
4946,08-07-2005 22:46,440,61,08-07-2005 22:46,7.99,1
4947,08-07-2005 22:49,388,852,08-07-2005 22:49,5.99,NULL
4948,08-07-2005 22:54,518,651,08-07-2005 22:54,6.99,0.5
4949,08-07-2005 22:57,567,263,08-07-2005 22:57,4.99,1
4950,08-07-2005 22:58,148,724,08-07-2005 22:58,2.99,NULL
4951,08-07-2005 22:58,28,608,08-07-2005 22:58,4.99,1
4952,08-07-2005 23:00,14,101,08-07-2005 23:00,0.99,NULL
4953,08-07-2005 23:09,168,537,08-07-2005 23:09,2.99,1
4954,08-07-2005 23:14,99,136,08-07-2005 23:14,2.99,NULL
4955,08-07-2005 23:16,225,245,08-07-2005 23:16,2.99,1
4956,08-07-2005 23:17,477,330,08-07-2005 23:17,7.99,NULL
4957,08-07-2005 23:18,399,890,08-07-2005 23:18,0.99,NULL
4958,08-07-2005 23:19,346,512,08-07-2005 23:19,8.99,1
4959,08-07-2005 23:22,236,851,08-07-2005 23:22,0.99,NULL
4960,08-07-2005 23:27,434,470,08-07-2005 23:27,10.99,NULL
4961,08-07-2005 23:35,96,803,08-07-2005 23:35,4.99,NULL
4962,08-07-2005 23:36,532,961,08-07-2005 23:36,4.99,1
4963,08-07-2005 23:38,404,161,08-07-2005 23:38,4.99,0.5
4964,08-07-2005 23:46,455,231,08-07-2005 23:46,2.99,NULL
4965,08-07-2005 23:46,432,117,08-07-2005 23:46,5.99,NULL
4966,08-07-2005 23:47,118,951,08-07-2005 23:47,0.99,NULL
4967,08-07-2005 23:48,339,22,08-07-2005 23:48,3.99,1
4968,08-07-2005 23:49,390,704,08-07-2005 23:49,5.99,NULL
4969,08-07-2005 23:51,231,996,08-07-2005 23:51,0.99,1
4970,08-07-2005 23:54,100,654,08-07-2005 23:54,8.99,1
4971,08-07-2005 23:54,64,101,08-07-2005 23:54,5.99,1
4972,08-07-2005 23:56,498,535,08-07-2005 23:56,2.99,NULL
4973,08-07-2005 23:58,432,86,08-07-2005 23:58,4.99,NULL
4974,09-07-2005 0:00,152,239,09-07-2005 0:00,4.99,1
4975,09-07-2005 0:02,101,816,09-07-2005 0:02,2.99,NULL
4976,09-07-2005 0:03,199,134,09-07-2005 0:03,4.99,1
4977,09-07-2005 0:15,584,728,09-07-2005 0:15,0.99,NULL
4978,09-07-2005 0:22,279,564,09-07-2005 0:22,7.99,0.5
4979,09-07-2005 0:24,204,755,09-07-2005 0:24,4.99,0.5
4980,09-07-2005 0:26,100,579,09-07-2005 0:26,6.99,1
4981,09-07-2005 0:29,399,738,09-07-2005 0:29,4.99,NULL
4982,09-07-2005 0:30,162,56,09-07-2005 0:30,2.99,NULL
4983,09-07-2005 0:34,81,321,09-07-2005 0:34,9.99,NULL
4984,09-07-2005 0:35,214,287,09-07-2005 0:35,3.99,NULL
4985,09-07-2005 0:36,208,464,09-07-2005 0:36,4.99,1
4986,09-07-2005 0:44,589,770,09-07-2005 0:44,2.99,NULL
4987,09-07-2005 0:45,277,222,09-07-2005 0:45,5.99,NULL
4988,09-07-2005 0:46,433,596,09-07-2005 0:46,7.99,NULL
4989,09-07-2005 0:46,210,732,09-07-2005 0:46,3.99,NULL
4990,09-07-2005 0:48,35,727,09-07-2005 0:48,0.99,NULL
4991,09-07-2005 0:49,540,403,09-07-2005 0:49,4.99,NULL
4992,09-07-2005 0:49,315,451,09-07-2005 0:49,4.99,NULL
4993,09-07-2005 0:49,517,378,09-07-2005 0:49,2.99,NULL
4994,09-07-2005 0:54,246,559,09-07-2005 0:54,2.99,1
4995,09-07-2005 0:57,247,447,09-07-2005 0:57,2.99,NULL
4996,09-07-2005 0:59,129,970,09-07-2005 0:59,0.99,1
4997,09-07-2005 1:06,102,42,09-07-2005 1:06,6.99,NULL
4998,09-07-2005 1:07,534,45,09-07-2005 1:07,4.99,1
4999,09-07-2005 1:12,196,391,09-07-2005 1:12,4.99,NULL
5000,09-07-2005 1:16,146,145,09-07-2005 1:16,4.99,NULL
5001,09-07-2005 1:17,40,440,09-07-2005 1:17,1.99,NULL
5002,09-07-2005 1:17,430,521,09-07-2005 1:17,4.99,1
5003,09-07-2005 1:19,569,753,09-07-2005 1:19,0.99,1
5004,09-07-2005 1:20,382,578,09-07-2005 1:20,4.99,NULL
5005,09-07-2005 1:21,451,665,09-07-2005 1:21,3.99,NULL
5006,09-07-2005 1:24,486,282,09-07-2005 1:24,4.99,NULL
5007,09-07-2005 1:26,207,677,09-07-2005 1:26,0.99,NULL
5008,09-07-2005 1:31,509,180,09-07-2005 1:31,2.99,1
5009,09-07-2005 1:32,102,337,09-07-2005 1:32,5.99,NULL
5010,09-07-2005 1:33,574,435,09-07-2005 1:33,4.99,0.5
5011,09-07-2005 1:44,249,102,09-07-2005 1:44,4.99,1
5012,09-07-2005 1:45,251,319,09-07-2005 1:45,2.99,NULL
5013,09-07-2005 1:46,35,658,09-07-2005 1:46,2.99,NULL
5014,09-07-2005 1:51,334,892,09-07-2005 1:51,4.99,NULL
5015,09-07-2005 1:54,178,343,09-07-2005 1:54,2.99,1
5016,09-07-2005 1:57,5,408,09-07-2005 1:57,4.99,NULL
5017,09-07-2005 2:00,241,819,09-07-2005 2:00,2.99,1
5018,09-07-2005 2:01,541,503,09-07-2005 2:01,2.99,NULL
5019,09-07-2005 2:04,295,773,09-07-2005 2:04,2.99,1
5020,09-07-2005 2:07,565,894,09-07-2005 2:07,0.99,NULL
5021,09-07-2005 2:09,73,755,09-07-2005 2:09,4.99,NULL
5022,09-07-2005 2:10,499,206,09-07-2005 2:10,2.99,NULL
5023,09-07-2005 2:23,358,704,09-07-2005 2:23,5.99,1
5024,09-07-2005 2:25,335,655,09-07-2005 2:25,4.99,NULL
5025,09-07-2005 2:28,91,31,09-07-2005 2:28,4.99,NULL
5026,09-07-2005 2:32,463,220,09-07-2005 2:32,2.99,NULL
5027,09-07-2005 2:32,109,471,09-07-2005 2:32,2.99,NULL
5028,09-07-2005 2:34,30,989,09-07-2005 2:34,5.99,NULL
5029,09-07-2005 2:35,265,858,09-07-2005 2:35,7.99,NULL
5030,09-07-2005 2:35,497,5,09-07-2005 2:35,4.99,NULL
5031,09-07-2005 2:36,312,918,09-07-2005 2:36,5.99,NULL
5032,09-07-2005 2:39,333,488,09-07-2005 2:39,0.99,NULL
5033,09-07-2005 2:42,299,623,09-07-2005 2:42,1.99,0.5
5034,09-07-2005 2:48,148,75,09-07-2005 2:48,4.99,NULL
5035,09-07-2005 2:51,99,809,09-07-2005 2:51,2.99,NULL
5036,09-07-2005 2:58,573,15,09-07-2005 2:58,5.99,NULL
5037,09-07-2005 2:59,524,96,09-07-2005 2:59,4.99,NULL
5038,09-07-2005 3:12,10,678,09-07-2005 3:12,7.99,0.5
5039,09-07-2005 3:14,268,439,09-07-2005 3:14,7.99,1
5040,09-07-2005 3:16,405,543,09-07-2005 3:16,7.99,NULL
5041,09-07-2005 3:18,305,595,09-07-2005 3:18,0.99,NULL
5042,09-07-2005 3:20,254,789,09-07-2005 3:20,2.99,1
5043,09-07-2005 3:25,369,652,09-07-2005 3:25,1.99,NULL
5044,09-07-2005 3:30,147,355,09-07-2005 3:30,0.99,0.5
5045,09-07-2005 3:33,230,232,09-07-2005 3:33,4.99,NULL
5046,09-07-2005 3:34,227,358,09-07-2005 3:34,3.99,NULL
5047,09-07-2005 3:44,272,51,09-07-2005 3:44,3.99,1
5048,09-07-2005 3:46,466,281,09-07-2005 3:46,0.99,1
5049,09-07-2005 3:54,144,733,09-07-2005 3:54,0.99,NULL
5050,09-07-2005 3:54,337,847,09-07-2005 3:54,2.99,0.5
5051,09-07-2005 3:57,85,891,09-07-2005 3:57,4.99,NULL
5052,09-07-2005 3:59,305,410,09-07-2005 3:59,2.99,NULL
5053,09-07-2005 3:59,295,123,09-07-2005 3:59,4.99,1
5054,09-07-2005 4:01,135,871,09-07-2005 4:01,7.99,1
5055,09-07-2005 4:05,54,164,09-07-2005 4:05,1.99,0.5
5056,09-07-2005 4:13,526,571,09-07-2005 4:13,2.99,NULL
5057,09-07-2005 4:20,178,239,09-07-2005 4:20,4.99,1
5058,09-07-2005 4:20,221,204,09-07-2005 4:20,5.99,NULL
5059,09-07-2005 4:28,396,862,09-07-2005 4:28,1.99,0.5
5060,09-07-2005 4:28,57,941,09-07-2005 4:28,4.99,NULL
5061,09-07-2005 4:30,230,850,09-07-2005 4:30,0.99,NULL
5062,09-07-2005 4:36,141,473,09-07-2005 4:36,2.99,0.5
5063,09-07-2005 4:37,133,230,09-07-2005 4:37,2.99,NULL
5064,09-07-2005 4:38,512,82,09-07-2005 4:38,6.99,NULL
5065,09-07-2005 4:42,599,388,09-07-2005 4:42,0.99,1
5066,09-07-2005 4:48,169,370,09-07-2005 4:48,2.99,1
5067,09-07-2005 4:52,225,324,09-07-2005 4:52,4.99,1
5068,09-07-2005 4:53,10,645,09-07-2005 4:53,2.99,0.5
5069,09-07-2005 4:56,183,966,09-07-2005 4:56,1.99,1
5070,09-07-2005 4:58,407,501,09-07-2005 4:58,4.99,NULL
5071,09-07-2005 5:00,12,949,09-07-2005 5:00,0.99,1
5072,09-07-2005 5:01,254,19,09-07-2005 5:01,3.99,1
5073,09-07-2005 5:02,408,119,09-07-2005 5:02,0.99,NULL
5074,09-07-2005 5:06,12,303,09-07-2005 5:06,0.99,1
5075,09-07-2005 5:12,170,200,09-07-2005 5:12,0.99,1
5076,09-07-2005 5:13,574,958,09-07-2005 5:13,3.99,0.5
5077,09-07-2005 5:18,574,150,09-07-2005 5:18,3.99,0.5
5078,09-07-2005 5:20,78,434,09-07-2005 5:20,1.99,1
5079,09-07-2005 5:20,566,861,09-07-2005 5:20,9.99,0.5
5080,09-07-2005 5:23,254,138,09-07-2005 5:23,2.99,1
5081,09-07-2005 5:25,420,426,09-07-2005 5:25,4.99,NULL
5082,09-07-2005 5:28,470,347,09-07-2005 5:28,4.99,NULL
5083,09-07-2005 5:30,494,31,09-07-2005 5:30,4.99,NULL
5084,09-07-2005 5:33,87,683,09-07-2005 5:33,7.99,NULL
5085,09-07-2005 5:36,437,905,09-07-2005 5:36,4.99,NULL
5086,09-07-2005 5:40,539,676,09-07-2005 5:40,4.99,NULL
5087,09-07-2005 5:44,395,813,09-07-2005 5:44,0.99,NULL
5088,09-07-2005 5:45,454,731,09-07-2005 5:45,4.99,NULL
5089,09-07-2005 5:45,289,100,09-07-2005 5:45,4.99,NULL
5090,09-07-2005 5:48,296,376,09-07-2005 5:48,0.99,1
5091,09-07-2005 5:52,149,999,09-07-2005 5:52,2.99,NULL
5092,09-07-2005 5:57,139,716,09-07-2005 5:57,2.99,NULL
5093,09-07-2005 5:59,597,600,09-07-2005 5:59,0.99,NULL
5094,09-07-2005 5:59,178,973,09-07-2005 5:59,10.99,1
5095,09-07-2005 6:08,292,611,09-07-2005 6:08,4.99,NULL
5096,09-07-2005 6:08,231,109,09-07-2005 6:08,2.99,1
5097,09-07-2005 6:09,343,715,09-07-2005 6:09,4.99,NULL
5098,09-07-2005 6:13,406,384,09-07-2005 6:13,4.99,NULL
5099,09-07-2005 6:14,393,167,09-07-2005 6:14,4.99,1
5100,09-07-2005 6:16,101,702,09-07-2005 6:16,2.99,NULL
5101,09-07-2005 6:21,154,600,09-07-2005 6:21,0.99,1
5102,09-07-2005 6:25,316,55,09-07-2005 6:25,3.99,1
5103,09-07-2005 6:34,397,521,09-07-2005 6:34,4.99,1
5104,09-07-2005 6:37,14,457,09-07-2005 6:37,0.99,NULL
5105,09-07-2005 6:38,290,560,09-07-2005 6:38,2.99,NULL
5106,09-07-2005 6:40,137,22,09-07-2005 6:40,2.99,NULL
5107,09-07-2005 6:42,21,369,09-07-2005 6:42,4.99,0.5
5108,09-07-2005 6:44,30,919,09-07-2005 6:44,9.99,NULL
5109,09-07-2005 6:48,102,518,09-07-2005 6:48,4.99,NULL
5110,09-07-2005 6:57,200,43,09-07-2005 6:57,2.99,NULL
5111,09-07-2005 7:02,12,630,09-07-2005 7:02,0.99,1
5112,09-07-2005 7:04,285,772,09-07-2005 7:04,2.99,0.5
5113,09-07-2005 7:06,282,790,09-07-2005 7:06,0.99,NULL
5114,09-07-2005 7:07,64,816,09-07-2005 7:07,3.99,1
5115,09-07-2005 7:07,212,500,09-07-2005 7:07,6.99,NULL
5116,09-07-2005 7:10,332,546,09-07-2005 7:10,2.99,0.5
5117,09-07-2005 7:11,208,494,09-07-2005 7:11,2.99,1
5118,09-07-2005 7:13,5,213,09-07-2005 7:13,5.99,NULL
5119,09-07-2005 7:14,301,657,09-07-2005 7:14,6.99,1
5120,09-07-2005 7:14,373,969,09-07-2005 7:14,5.99,NULL
5121,09-07-2005 7:18,526,730,09-07-2005 7:18,3.99,NULL
5122,09-07-2005 7:19,261,311,09-07-2005 7:19,3.99,NULL
5123,09-07-2005 7:20,219,931,09-07-2005 7:20,0.99,NULL
5124,09-07-2005 7:25,565,405,09-07-2005 7:25,4.99,NULL
5125,09-07-2005 7:25,263,220,09-07-2005 7:25,2.99,NULL
5126,09-07-2005 7:25,315,729,09-07-2005 7:25,6.99,NULL
5127,09-07-2005 7:25,129,797,09-07-2005 7:25,0.99,1
5128,09-07-2005 7:25,155,822,09-07-2005 7:25,1.99,NULL
5129,09-07-2005 7:28,441,986,09-07-2005 7:28,2.99,NULL
5130,09-07-2005 7:29,93,719,09-07-2005 7:29,4.99,1
5131,09-07-2005 7:35,167,697,09-07-2005 7:35,0.99,1
5132,09-07-2005 7:40,101,902,09-07-2005 7:40,5.99,NULL
5133,09-07-2005 7:43,469,746,09-07-2005 7:43,0.99,NULL
5134,09-07-2005 7:53,491,31,09-07-2005 7:53,6.99,0.5
5135,09-07-2005 7:53,538,659,09-07-2005 7:53,8.99,1
5136,09-07-2005 7:55,395,766,09-07-2005 7:55,0.99,NULL
5137,09-07-2005 8:00,126,90,09-07-2005 8:00,0.99,1
5138,09-07-2005 8:00,548,284,09-07-2005 8:00,4.99,NULL
5139,09-07-2005 8:01,539,10,09-07-2005 8:01,7.99,NULL
5140,09-07-2005 8:04,303,210,09-07-2005 8:04,4.99,NULL
5141,09-07-2005 8:05,488,129,09-07-2005 8:05,8.99,NULL
5142,09-07-2005 8:05,56,81,09-07-2005 8:05,4.99,NULL
5143,09-07-2005 8:07,196,833,09-07-2005 8:07,4.99,NULL
5144,09-07-2005 8:09,89,772,09-07-2005 8:09,7.99,NULL
5145,09-07-2005 8:13,204,524,09-07-2005 8:13,0.99,0.5
5146,09-07-2005 8:14,194,169,09-07-2005 8:14,2.99,0.5
5147,09-07-2005 8:17,326,491,09-07-2005 8:17,5.99,NULL
5148,09-07-2005 8:22,48,100,09-07-2005 8:22,6.99,1
5149,09-07-2005 8:28,330,328,09-07-2005 8:28,2.99,NULL
5150,09-07-2005 8:28,410,428,09-07-2005 8:28,3.99,NULL
5151,09-07-2005 8:31,228,50,09-07-2005 8:31,2.99,NULL
5152,09-07-2005 8:34,331,872,09-07-2005 8:34,2.99,NULL
5153,09-07-2005 8:35,504,620,09-07-2005 8:35,6.99,NULL
5154,09-07-2005 8:46,361,829,09-07-2005 8:46,2.99,NULL
5155,09-07-2005 8:46,523,220,09-07-2005 8:46,2.99,1
5156,09-07-2005 8:51,5,91,09-07-2005 8:51,1.99,NULL
5157,09-07-2005 8:52,463,138,09-07-2005 8:52,2.99,NULL
5158,09-07-2005 8:53,272,620,09-07-2005 8:53,2.99,1
5159,09-07-2005 8:55,213,763,09-07-2005 8:55,4.99,NULL
5160,09-07-2005 8:57,467,418,09-07-2005 8:57,4.99,NULL
5161,09-07-2005 8:57,284,574,09-07-2005 8:57,6.99,NULL
5162,09-07-2005 9:00,43,608,09-07-2005 9:00,4.99,NULL
5163,09-07-2005 9:00,103,326,09-07-2005 9:00,4.99,NULL
5164,09-07-2005 9:03,511,259,09-07-2005 9:03,3.99,1
5165,09-07-2005 9:08,590,63,09-07-2005 9:08,0.99,NULL
5166,09-07-2005 9:15,298,609,09-07-2005 9:15,2.99,NULL
5167,09-07-2005 9:18,437,545,09-07-2005 9:18,1.99,NULL
5168,09-07-2005 9:20,420,892,09-07-2005 9:20,4.99,NULL
5169,09-07-2005 9:22,116,572,09-07-2005 9:22,2.99,NULL
5170,09-07-2005 9:24,209,12,09-07-2005 9:24,3.99,1
5171,09-07-2005 9:26,371,455,09-07-2005 9:26,4.99,NULL
5172,09-07-2005 9:31,214,880,09-07-2005 9:31,2.99,NULL
5173,09-07-2005 9:31,490,624,09-07-2005 9:31,7.99,NULL
5174,09-07-2005 9:31,47,790,09-07-2005 9:31,0.99,1
5175,09-07-2005 9:34,409,225,09-07-2005 9:34,3.99,NULL
5176,09-07-2005 9:39,119,73,09-07-2005 9:39,5.99,0.5
5177,09-07-2005 9:43,452,366,09-07-2005 9:43,1.99,NULL
5178,09-07-2005 9:59,167,380,09-07-2005 9:59,4.99,1
5179,09-07-2005 10:00,256,657,09-07-2005 10:00,2.99,NULL
5180,09-07-2005 10:06,494,806,09-07-2005 10:06,2.99,NULL
5181,09-07-2005 10:07,45,563,09-07-2005 10:07,6.99,NULL
5182,09-07-2005 10:08,197,159,09-07-2005 10:08,6.99,1
5183,09-07-2005 10:13,394,628,09-07-2005 10:13,4.99,NULL
5184,09-07-2005 10:14,166,244,09-07-2005 10:14,4.99,NULL
5185,09-07-2005 10:14,53,78,09-07-2005 10:14,2.99,0.5
5186,09-07-2005 10:18,276,527,09-07-2005 10:18,4.99,NULL
5187,09-07-2005 10:19,91,577,09-07-2005 10:19,1.99,NULL
5188,09-07-2005 10:22,34,719,09-07-2005 10:22,4.99,0.5
5189,09-07-2005 10:23,113,557,09-07-2005 10:23,2.99,NULL
5190,09-07-2005 10:25,532,479,09-07-2005 10:25,2.99,1
5191,09-07-2005 10:26,167,461,09-07-2005 10:26,0.99,1
5192,09-07-2005 10:27,410,271,09-07-2005 10:27,4.99,NULL
5193,09-07-2005 10:28,485,468,09-07-2005 10:28,2.99,1
5194,09-07-2005 10:31,202,834,09-07-2005 10:31,2.99,1
5195,09-07-2005 10:39,59,745,09-07-2005 10:39,8.99,1
5196,09-07-2005 10:43,536,493,09-07-2005 10:43,0.99,NULL
5197,09-07-2005 10:43,541,345,09-07-2005 10:43,4.99,NULL
5198,09-07-2005 10:49,101,49,09-07-2005 10:49,2.99,NULL
5199,09-07-2005 10:50,42,77,09-07-2005 10:50,4.99,NULL
5200,09-07-2005 10:52,125,988,09-07-2005 10:52,2.99,NULL
5201,09-07-2005 10:52,551,535,09-07-2005 10:52,1.99,1
5202,09-07-2005 10:53,321,748,09-07-2005 10:53,2.99,NULL
5203,09-07-2005 10:53,588,800,09-07-2005 10:53,2.99,1
5204,09-07-2005 10:54,432,389,09-07-2005 10:54,2.99,NULL
5205,09-07-2005 10:56,79,35,09-07-2005 10:56,2.99,0.5
5206,09-07-2005 11:11,517,151,09-07-2005 11:11,7.99,NULL
5207,09-07-2005 11:15,59,766,09-07-2005 11:15,3.99,1
5208,09-07-2005 11:16,560,410,09-07-2005 11:16,2.99,NULL
5209,09-07-2005 11:22,222,971,09-07-2005 11:22,8.99,1
5210,09-07-2005 11:24,355,985,09-07-2005 11:24,4.99,0.5
5211,09-07-2005 11:26,241,479,09-07-2005 11:26,0.99,1
5212,09-07-2005 11:37,400,711,09-07-2005 11:37,6.99,NULL
5213,09-07-2005 11:39,552,811,09-07-2005 11:39,7.99,1
5214,09-07-2005 11:43,290,361,09-07-2005 11:43,5.99,NULL
5215,09-07-2005 11:47,528,849,09-07-2005 11:47,3.99,NULL
5216,09-07-2005 11:54,515,358,09-07-2005 11:54,0.99,NULL
5217,09-07-2005 11:56,430,901,09-07-2005 11:56,5.99,1
5218,09-07-2005 11:57,83,249,09-07-2005 11:57,0.99,NULL
5219,09-07-2005 11:57,209,857,09-07-2005 11:57,5.99,1
5220,09-07-2005 11:59,435,564,09-07-2005 11:59,4.99,1
5221,09-07-2005 12:02,84,508,09-07-2005 12:02,5.99,NULL
5222,09-07-2005 12:05,400,551,09-07-2005 12:05,5.99,NULL
5223,09-07-2005 12:06,72,507,09-07-2005 12:06,4.99,NULL
5224,09-07-2005 12:07,311,62,09-07-2005 12:07,5.99,1
5225,09-07-2005 12:10,445,154,09-07-2005 12:10,2.99,NULL
5226,09-07-2005 12:10,218,687,09-07-2005 12:10,0.99,NULL
5227,09-07-2005 12:16,362,406,09-07-2005 12:16,4.99,1
5228,09-07-2005 12:26,195,135,09-07-2005 12:26,4.99,NULL
5229,09-07-2005 12:30,372,977,09-07-2005 12:30,4.99,NULL
5230,09-07-2005 12:30,51,811,09-07-2005 12:30,2.99,NULL
5231,09-07-2005 12:35,405,282,09-07-2005 12:35,0.99,NULL
5232,09-07-2005 12:35,175,736,09-07-2005 12:35,1.99,1
5233,09-07-2005 12:44,131,307,09-07-2005 12:44,4.99,NULL
5234,09-07-2005 12:44,398,911,09-07-2005 12:44,5.99,1
5235,09-07-2005 12:54,122,233,09-07-2005 12:54,6.99,NULL
5236,09-07-2005 12:56,519,270,09-07-2005 12:56,0.99,0.5
5237,09-07-2005 12:56,84,509,09-07-2005 12:56,0.99,NULL
5238,09-07-2005 13:11,100,725,09-07-2005 13:11,4.99,1
5239,09-07-2005 13:12,497,84,09-07-2005 13:12,4.99,NULL
5240,09-07-2005 13:14,350,303,09-07-2005 13:14,0.99,1
5241,09-07-2005 13:19,314,889,09-07-2005 13:19,4.99,1
5242,09-07-2005 13:20,12,186,09-07-2005 13:20,3.99,1
5243,09-07-2005 13:22,587,24,09-07-2005 13:22,3.99,NULL
5244,09-07-2005 13:24,1,814,09-07-2005 13:24,4.99,0.5
5245,09-07-2005 13:24,115,775,09-07-2005 13:24,4.99,NULL
5246,09-07-2005 13:25,276,776,09-07-2005 13:25,4.99,NULL
5247,09-07-2005 13:26,298,264,09-07-2005 13:26,2.99,NULL
5248,09-07-2005 13:29,279,55,09-07-2005 13:29,2.99,0.5
5249,09-07-2005 13:33,389,424,09-07-2005 13:33,0.99,1
5250,09-07-2005 13:35,384,467,09-07-2005 13:35,0.99,1
5251,09-07-2005 13:36,474,105,09-07-2005 13:36,0.99,NULL
5252,09-07-2005 13:40,335,566,09-07-2005 13:40,0.99,NULL
5253,09-07-2005 13:41,532,484,09-07-2005 13:41,7.99,1
5254,09-07-2005 13:50,263,142,09-07-2005 13:50,1.99,NULL
5255,09-07-2005 13:51,313,966,09-07-2005 13:51,5.99,1
5256,09-07-2005 13:55,273,919,09-07-2005 13:55,7.99,NULL
5257,09-07-2005 13:56,292,64,09-07-2005 13:56,0.99,NULL
5258,09-07-2005 13:56,207,687,09-07-2005 13:56,0.99,NULL
5259,09-07-2005 14:02,207,289,09-07-2005 14:02,4.99,NULL
5260,09-07-2005 14:05,75,690,09-07-2005 14:05,2.99,NULL
5261,09-07-2005 14:06,105,637,09-07-2005 14:06,4.99,NULL
5262,09-07-2005 14:08,240,243,09-07-2005 14:08,4.99,0.5
5263,09-07-2005 14:10,406,23,09-07-2005 14:10,0.99,NULL
5264,09-07-2005 14:11,545,728,09-07-2005 14:11,0.99,NULL
5265,09-07-2005 14:15,139,979,09-07-2005 14:15,7.99,NULL
5266,09-07-2005 14:17,222,525,09-07-2005 14:17,3.99,1
5267,09-07-2005 14:21,233,484,09-07-2005 14:21,5.99,0.5
5268,09-07-2005 14:22,119,241,09-07-2005 14:22,0.99,0.5
5269,09-07-2005 14:23,230,849,09-07-2005 14:23,2.99,NULL
5270,09-07-2005 14:23,128,333,09-07-2005 14:23,2.99,NULL
5271,09-07-2005 14:25,522,590,09-07-2005 14:25,6.99,NULL
5272,09-07-2005 14:26,90,339,09-07-2005 14:26,0.99,1
5273,09-07-2005 14:31,38,999,09-07-2005 14:31,2.99,NULL
5274,09-07-2005 14:34,108,1000,09-07-2005 14:34,6.99,NULL
5275,09-07-2005 14:34,249,159,09-07-2005 14:34,4.99,1
5276,09-07-2005 14:35,521,554,09-07-2005 14:35,2.99,1
5277,09-07-2005 14:40,332,440,09-07-2005 14:40,1.99,0.5
5278,09-07-2005 14:44,532,563,09-07-2005 14:44,4.99,1
5279,09-07-2005 14:46,64,155,09-07-2005 14:46,2.99,1
5280,09-07-2005 14:55,351,262,09-07-2005 14:55,0.99,1
5281,09-07-2005 14:55,71,429,09-07-2005 14:55,1.99,NULL
5282,09-07-2005 15:01,226,958,09-07-2005 15:01,2.99,NULL
5283,09-07-2005 15:07,295,140,09-07-2005 15:07,2.99,1
5284,09-07-2005 15:08,585,231,09-07-2005 15:08,2.99,NULL
5285,09-07-2005 15:10,468,147,09-07-2005 15:10,2.99,1
5286,09-07-2005 15:11,498,107,09-07-2005 15:11,2.99,NULL
5287,09-07-2005 15:11,523,683,09-07-2005 15:11,6.99,1
5288,09-07-2005 15:13,120,186,09-07-2005 15:13,1.99,NULL
5289,09-07-2005 15:14,30,945,09-07-2005 15:14,0.99,NULL
5290,09-07-2005 15:14,50,61,09-07-2005 15:14,4.99,NULL
5291,09-07-2005 15:15,194,301,09-07-2005 15:15,2.99,0.5
5292,09-07-2005 15:16,62,702,09-07-2005 15:16,2.99,NULL
5293,09-07-2005 15:17,542,631,09-07-2005 15:17,0.99,NULL
5294,09-07-2005 15:23,22,710,09-07-2005 15:23,6.99,NULL
5295,09-07-2005 15:25,86,974,09-07-2005 15:25,0.99,NULL
5296,09-07-2005 15:26,109,110,09-07-2005 15:26,2.99,NULL
5297,09-07-2005 15:32,202,753,09-07-2005 15:32,2.99,1
5298,09-07-2005 15:36,149,764,09-07-2005 15:36,10.99,NULL
5299,09-07-2005 15:38,469,966,09-07-2005 15:38,3.99,NULL
5300,09-07-2005 15:40,8,554,09-07-2005 15:40,2.99,NULL
5301,09-07-2005 15:42,459,55,09-07-2005 15:42,3.99,0.5
5302,09-07-2005 15:42,72,929,09-07-2005 15:42,4.99,NULL
5303,09-07-2005 15:44,350,782,09-07-2005 15:44,2.99,1
5304,09-07-2005 15:48,51,964,09-07-2005 15:48,5.99,NULL
5305,09-07-2005 15:55,309,135,09-07-2005 15:55,8.99,NULL
5306,09-07-2005 15:56,409,480,09-07-2005 15:56,5.99,NULL
5307,09-07-2005 15:57,32,624,09-07-2005 15:57,9.99,1
5308,09-07-2005 15:58,52,367,09-07-2005 15:58,0.99,NULL
5309,09-07-2005 16:00,338,877,09-07-2005 16:00,4.99,NULL
5310,09-07-2005 16:00,24,344,09-07-2005 16:00,0.99,NULL
5311,09-07-2005 16:02,107,220,09-07-2005 16:02,4.99,NULL
5312,09-07-2005 16:03,258,460,09-07-2005 16:03,5.99,NULL
5313,09-07-2005 16:04,52,410,09-07-2005 16:04,3.99,NULL
5314,09-07-2005 16:05,372,825,09-07-2005 16:05,2.99,NULL
5315,09-07-2005 16:09,134,127,09-07-2005 16:09,4.99,0.5
5316,09-07-2005 16:09,438,844,09-07-2005 16:09,4.99,NULL
5317,09-07-2005 16:10,14,591,09-07-2005 16:10,7.99,NULL
5318,09-07-2005 16:11,472,378,09-07-2005 16:11,2.99,1
5319,09-07-2005 16:17,282,414,09-07-2005 16:17,8.99,NULL
5320,09-07-2005 16:23,228,690,09-07-2005 16:23,4.99,NULL
5321,09-07-2005 16:26,245,735,09-07-2005 16:26,2.99,NULL
5322,09-07-2005 16:28,432,966,09-07-2005 16:28,6.99,NULL
5323,09-07-2005 16:34,35,287,09-07-2005 16:34,0.99,NULL
5324,09-07-2005 16:34,113,877,09-07-2005 16:34,2.99,NULL
5325,09-07-2005 16:35,492,593,09-07-2005 16:35,0.99,1
5326,09-07-2005 16:38,1,174,09-07-2005 16:38,4.99,0.5
5327,09-07-2005 16:39,547,798,09-07-2005 16:39,4.99,0.5
5328,09-07-2005 16:48,247,533,09-07-2005 16:48,6.99,NULL
5329,09-07-2005 16:49,402,356,09-07-2005 16:49,4.99,NULL
5330,09-07-2005 16:53,410,835,09-07-2005 16:53,5.99,NULL
5331,09-07-2005 16:54,447,911,09-07-2005 16:54,4.99,1
5332,09-07-2005 16:59,568,720,09-07-2005 16:59,2.99,NULL
5333,09-07-2005 16:59,419,463,09-07-2005 16:59,5.99,1
5334,09-07-2005 17:00,482,843,09-07-2005 17:00,4.99,NULL
5335,09-07-2005 17:00,588,512,09-07-2005 17:00,4.99,1
5336,09-07-2005 17:01,410,900,09-07-2005 17:01,2.99,NULL
5337,09-07-2005 17:03,343,906,09-07-2005 17:03,3.99,NULL
5338,09-07-2005 17:07,191,756,09-07-2005 17:07,2.99,1
5339,09-07-2005 17:09,380,153,09-07-2005 17:09,0.99,NULL
5340,09-07-2005 17:11,267,141,09-07-2005 17:11,6.99,1
5341,09-07-2005 17:13,8,554,09-07-2005 17:13,2.99,NULL
5342,09-07-2005 17:20,289,838,09-07-2005 17:20,8.99,NULL
5343,09-07-2005 17:23,485,18,09-07-2005 17:23,3.99,1
5344,09-07-2005 17:27,197,34,09-07-2005 17:27,0.99,1
5345,09-07-2005 17:28,348,670,09-07-2005 17:28,4.99,NULL
5346,09-07-2005 17:29,287,545,09-07-2005 17:29,1.99,1
5347,09-07-2005 17:31,246,285,09-07-2005 17:31,0.99,1
5348,09-07-2005 17:34,597,765,09-07-2005 17:34,4.99,NULL
5349,09-07-2005 17:35,161,689,09-07-2005 17:35,6.99,NULL
5350,09-07-2005 17:39,129,159,09-07-2005 17:39,4.99,1
5351,09-07-2005 17:40,112,814,09-07-2005 17:40,4.99,NULL
5352,09-07-2005 17:54,372,201,09-07-2005 17:54,2.99,NULL
5353,09-07-2005 18:04,196,657,09-07-2005 18:04,3.99,NULL
5354,09-07-2005 18:04,354,212,09-07-2005 18:04,4.99,1
5355,09-07-2005 18:07,100,536,09-07-2005 18:07,6.99,1
5356,09-07-2005 18:08,188,638,09-07-2005 18:08,2.99,NULL
5357,09-07-2005 18:08,411,433,09-07-2005 18:08,5.99,NULL
5358,09-07-2005 18:09,71,823,09-07-2005 18:09,3.99,NULL
5359,09-07-2005 18:10,453,960,09-07-2005 18:10,6.99,NULL
5360,09-07-2005 18:14,562,149,09-07-2005 18:14,0.99,NULL
5361,09-07-2005 18:15,279,444,09-07-2005 18:15,9.99,0.5
5362,09-07-2005 18:16,266,5,09-07-2005 18:16,5.99,NULL
5363,09-07-2005 18:18,425,471,09-07-2005 18:18,2.99,NULL
5364,09-07-2005 18:24,366,602,09-07-2005 18:24,0.99,0.5
5365,09-07-2005 18:27,527,976,09-07-2005 18:27,0.99,NULL
5366,09-07-2005 18:28,187,196,09-07-2005 18:28,0.99,NULL
5367,09-07-2005 18:39,485,317,09-07-2005 18:39,3.99,1
5368,09-07-2005 18:41,502,968,09-07-2005 18:41,5.99,1
5369,09-07-2005 18:42,538,340,09-07-2005 18:42,4.99,1
5370,09-07-2005 18:43,248,474,09-07-2005 18:43,2.99,NULL
5371,09-07-2005 18:47,425,172,09-07-2005 18:47,4.99,NULL
5372,09-07-2005 18:48,148,776,09-07-2005 18:48,4.99,NULL
5373,09-07-2005 18:48,428,212,09-07-2005 18:48,4.99,1
5374,09-07-2005 18:52,144,210,09-07-2005 18:52,8.99,NULL
5375,09-07-2005 18:52,558,308,09-07-2005 18:52,6.99,NULL
5376,09-07-2005 18:54,104,377,09-07-2005 18:54,1.99,NULL
5377,09-07-2005 19:04,578,685,09-07-2005 19:04,4.99,NULL
5378,09-07-2005 19:05,138,345,09-07-2005 19:05,0.99,1
5379,09-07-2005 19:08,475,457,09-07-2005 19:08,0.99,NULL
5380,09-07-2005 19:08,166,668,09-07-2005 19:08,4.99,NULL
5381,09-07-2005 19:11,332,665,09-07-2005 19:11,2.99,0.5
5382,09-07-2005 19:12,586,16,09-07-2005 19:12,2.99,NULL
5383,09-07-2005 19:14,14,124,09-07-2005 19:14,4.99,NULL
5384,09-07-2005 19:17,180,377,09-07-2005 19:17,0.99,NULL
5385,09-07-2005 19:18,112,935,09-07-2005 19:18,2.99,NULL
5386,09-07-2005 19:19,594,158,09-07-2005 19:19,2.99,1
5387,09-07-2005 19:25,244,973,09-07-2005 19:25,4.99,NULL
5388,09-07-2005 19:25,332,339,09-07-2005 19:25,0.99,0.5
5389,09-07-2005 19:25,484,849,09-07-2005 19:25,2.99,1
5390,09-07-2005 19:26,139,156,09-07-2005 19:26,6.99,NULL
5391,09-07-2005 19:28,132,89,09-07-2005 19:28,2.99,NULL
5392,09-07-2005 19:32,499,559,09-07-2005 19:32,2.99,NULL
5393,09-07-2005 19:35,446,310,09-07-2005 19:35,4.99,1
5394,09-07-2005 19:36,83,397,09-07-2005 19:36,6.99,NULL
5395,09-07-2005 19:42,131,968,09-07-2005 19:42,4.99,NULL
5396,09-07-2005 19:42,559,831,09-07-2005 19:42,1.99,0.5
5397,09-07-2005 19:43,191,956,09-07-2005 19:43,5.99,1
5398,09-07-2005 19:44,199,948,09-07-2005 19:44,2.99,1
5399,09-07-2005 19:52,67,58,09-07-2005 19:52,2.99,1
5400,09-07-2005 19:56,192,753,09-07-2005 19:56,2.99,1
5401,09-07-2005 19:59,43,95,09-07-2005 19:59,4.99,NULL
5402,09-07-2005 20:01,379,972,09-07-2005 20:01,4.99,1
5403,09-07-2005 20:07,36,870,09-07-2005 20:07,0.99,0.5
5404,09-07-2005 20:10,236,806,09-07-2005 20:10,2.99,NULL
5405,09-07-2005 20:11,45,174,09-07-2005 20:11,7.99,NULL
5406,09-07-2005 20:13,563,292,09-07-2005 20:13,0.99,NULL
5407,09-07-2005 20:16,475,795,09-07-2005 20:16,0.99,NULL
5408,09-07-2005 20:16,144,694,09-07-2005 20:16,7.99,NULL
5409,09-07-2005 20:17,446,773,09-07-2005 20:17,2.99,1
5410,09-07-2005 20:21,281,489,09-07-2005 20:21,5.99,1
5411,09-07-2005 20:23,304,935,09-07-2005 20:23,2.99,NULL
5412,09-07-2005 20:23,458,697,09-07-2005 20:23,2.99,NULL
5413,09-07-2005 20:28,167,446,09-07-2005 20:28,4.99,1
5414,09-07-2005 20:29,174,267,09-07-2005 20:29,4.99,NULL
5415,09-07-2005 20:30,475,964,09-07-2005 20:30,9.99,NULL
5416,09-07-2005 20:33,219,123,09-07-2005 20:33,4.99,NULL
5417,09-07-2005 20:34,265,780,09-07-2005 20:34,4.99,NULL
5418,09-07-2005 20:41,114,11,09-07-2005 20:41,0.99,NULL
5419,09-07-2005 20:47,226,331,09-07-2005 20:47,2.99,NULL
5420,09-07-2005 20:48,80,378,09-07-2005 20:48,3.99,NULL
5421,09-07-2005 20:49,33,531,09-07-2005 20:49,0.99,NULL
5422,09-07-2005 20:55,409,97,09-07-2005 20:55,0.99,NULL
5423,09-07-2005 20:56,440,425,09-07-2005 20:56,2.99,1
5424,09-07-2005 20:59,72,808,09-07-2005 20:59,0.99,NULL
5425,09-07-2005 21:02,37,116,09-07-2005 21:02,5.99,1
5426,09-07-2005 21:04,438,56,09-07-2005 21:04,4.99,NULL
5427,09-07-2005 21:12,499,702,09-07-2005 21:12,3.99,NULL
5428,09-07-2005 21:12,346,683,09-07-2005 21:12,4.99,1
5429,09-07-2005 21:14,105,540,09-07-2005 21:14,4.99,NULL
5430,09-07-2005 21:19,173,315,09-07-2005 21:19,2.99,NULL
5431,09-07-2005 21:21,213,610,09-07-2005 21:21,0.99,NULL
5432,09-07-2005 21:21,64,427,09-07-2005 21:21,0.99,1
5433,09-07-2005 21:22,349,588,09-07-2005 21:22,4.99,NULL
5434,09-07-2005 21:25,334,830,09-07-2005 21:25,0.99,NULL
5435,09-07-2005 21:28,273,633,09-07-2005 21:28,7.99,NULL
5436,09-07-2005 21:31,89,514,09-07-2005 21:31,2.99,NULL
5437,09-07-2005 21:32,26,773,09-07-2005 21:32,2.99,NULL
5438,09-07-2005 21:34,241,109,09-07-2005 21:34,4.99,1
5439,09-07-2005 21:39,58,434,09-07-2005 21:39,1.99,NULL
5440,09-07-2005 21:45,332,27,09-07-2005 21:45,0.99,0.5
5441,09-07-2005 21:52,7,854,09-07-2005 21:52,8.99,NULL
5442,09-07-2005 21:55,29,680,09-07-2005 21:55,10.99,0.5
5443,09-07-2005 21:56,137,647,09-07-2005 21:56,3.99,NULL
5444,09-07-2005 21:58,10,650,09-07-2005 21:58,0.99,0.5
5445,09-07-2005 21:59,578,122,09-07-2005 21:59,0.99,NULL
5446,09-07-2005 21:59,454,608,09-07-2005 21:59,2.99,NULL
5447,09-07-2005 22:09,473,555,09-07-2005 22:09,5.99,NULL
5448,09-07-2005 22:11,463,140,09-07-2005 22:11,0.99,NULL
5449,09-07-2005 22:12,261,204,09-07-2005 22:12,5.99,NULL
5450,09-07-2005 22:13,328,512,09-07-2005 22:13,4.99,NULL
5451,09-07-2005 22:22,39,764,09-07-2005 22:22,4.99,1
5452,09-07-2005 22:23,80,443,09-07-2005 22:23,4.99,NULL
5453,09-07-2005 22:24,106,387,09-07-2005 22:24,3.99,1
5454,09-07-2005 22:24,97,670,09-07-2005 22:24,4.99,NULL
5455,09-07-2005 22:28,464,426,09-07-2005 22:28,6.99,NULL
5456,09-07-2005 22:31,360,658,09-07-2005 22:31,2.99,NULL
5457,09-07-2005 22:33,433,910,09-07-2005 22:33,0.99,NULL
5458,09-07-2005 22:35,521,476,09-07-2005 22:35,4.99,1
5459,09-07-2005 22:43,168,402,09-07-2005 22:43,0.99,1
5460,09-07-2005 22:46,38,526,09-07-2005 22:46,2.99,NULL
5461,09-07-2005 22:48,244,11,09-07-2005 22:48,0.99,NULL
5462,09-07-2005 22:56,583,191,09-07-2005 22:56,0.99,NULL
5463,09-07-2005 22:57,374,131,09-07-2005 22:57,4.99,1
5464,09-07-2005 22:58,434,807,09-07-2005 22:58,2.99,NULL
5465,09-07-2005 23:01,503,158,09-07-2005 23:01,2.99,0.5
5466,09-07-2005 23:03,482,500,09-07-2005 23:03,4.99,NULL
5467,09-07-2005 23:05,543,83,09-07-2005 23:05,4.99,NULL
5468,09-07-2005 23:06,81,475,09-07-2005 23:06,0.99,NULL
5469,09-07-2005 23:08,475,476,09-07-2005 23:08,2.99,NULL
5470,09-07-2005 23:10,325,716,09-07-2005 23:10,5.99,1
5471,09-07-2005 23:11,347,890,09-07-2005 23:11,0.99,NULL
5472,09-07-2005 23:16,165,190,09-07-2005 23:16,4.99,1
5473,09-07-2005 23:19,51,932,09-07-2005 23:19,7.99,NULL
5474,09-07-2005 23:23,375,789,09-07-2005 23:23,2.99,NULL
5475,09-07-2005 23:31,219,159,09-07-2005 23:31,4.99,NULL
5476,09-07-2005 23:37,427,266,09-07-2005 23:37,2.99,1
5477,09-07-2005 23:43,542,222,09-07-2005 23:43,6.99,NULL
5478,09-07-2005 23:45,583,706,09-07-2005 23:45,5.99,NULL
5479,09-07-2005 23:47,250,49,09-07-2005 23:47,2.99,NULL
5480,09-07-2005 23:49,452,186,09-07-2005 23:49,0.99,NULL
5481,09-07-2005 23:51,479,122,09-07-2005 23:51,0.99,NULL
5482,09-07-2005 23:53,460,462,09-07-2005 23:53,3.99,NULL
5483,09-07-2005 23:54,89,951,09-07-2005 23:54,2.99,NULL
5484,09-07-2005 23:54,495,715,09-07-2005 23:54,7.99,1
5485,09-07-2005 23:55,173,857,09-07-2005 23:55,4.99,NULL
5486,09-07-2005 23:57,538,628,09-07-2005 23:57,2.99,1
5487,10-07-2005 0:01,341,253,10-07-2005 0:01,4.99,NULL
5488,10-07-2005 0:02,173,927,10-07-2005 0:02,2.99,NULL
5489,10-07-2005 0:07,490,504,10-07-2005 0:07,0.99,NULL
5490,10-07-2005 0:09,367,668,10-07-2005 0:09,4.99,1
5491,10-07-2005 0:09,49,437,10-07-2005 0:09,2.99,NULL
5492,10-07-2005 0:11,558,987,10-07-2005 0:11,3.99,NULL
5493,10-07-2005 0:11,539,443,10-07-2005 0:11,2.99,NULL
5494,10-07-2005 0:15,139,678,10-07-2005 0:15,6.99,NULL
5495,10-07-2005 0:16,257,476,10-07-2005 0:16,6.99,NULL
5496,10-07-2005 0:20,369,698,10-07-2005 0:20,7.99,NULL
5497,10-07-2005 0:23,92,977,10-07-2005 0:23,5.99,1
5498,10-07-2005 0:27,302,12,10-07-2005 0:27,0.99,1
5499,10-07-2005 0:27,127,333,10-07-2005 0:27,2.99,1
5500,10-07-2005 0:28,457,741,10-07-2005 0:28,0.99,NULL
5501,10-07-2005 0:33,372,867,10-07-2005 0:33,6.99,NULL
5502,10-07-2005 0:34,243,812,10-07-2005 0:34,0.99,NULL
5503,10-07-2005 0:35,262,850,10-07-2005 0:35,0.99,NULL
5504,10-07-2005 0:36,455,670,10-07-2005 0:36,6.99,NULL
5505,10-07-2005 0:38,253,199,10-07-2005 0:38,2.99,0.5
5506,10-07-2005 0:45,117,531,10-07-2005 0:45,5.99,1
5507,10-07-2005 0:49,399,157,10-07-2005 0:49,0.99,NULL
5508,10-07-2005 0:50,345,652,10-07-2005 0:50,3.99,NULL
5509,10-07-2005 0:54,102,253,10-07-2005 0:54,5.99,NULL
5510,10-07-2005 0:58,67,286,10-07-2005 0:58,2.99,1
5511,10-07-2005 1:00,301,804,10-07-2005 1:00,4.99,1
5512,10-07-2005 1:05,405,976,10-07-2005 1:05,1.99,NULL
5513,10-07-2005 1:05,356,560,10-07-2005 1:05,0.99,1
5514,10-07-2005 1:09,522,396,10-07-2005 1:09,6.99,NULL
5515,10-07-2005 1:12,39,825,10-07-2005 1:12,2.99,1
5516,10-07-2005 1:13,581,414,10-07-2005 1:13,4.99,NULL
5517,10-07-2005 1:15,42,807,10-07-2005 1:15,5.99,NULL
5518,10-07-2005 1:15,451,734,10-07-2005 1:15,8.99,NULL
5519,10-07-2005 1:18,85,290,10-07-2005 1:18,0.99,NULL
5520,10-07-2005 1:30,501,555,10-07-2005 1:30,1.99,NULL
5521,10-07-2005 1:31,182,427,10-07-2005 1:31,2.99,NULL
5522,10-07-2005 1:46,573,575,10-07-2005 1:46,9.99,NULL
5523,10-07-2005 1:47,125,483,10-07-2005 1:47,7.99,NULL
5524,10-07-2005 1:49,386,786,10-07-2005 1:49,0.99,NULL
5525,10-07-2005 2:03,241,690,10-07-2005 2:03,3.99,1
5526,10-07-2005 2:04,144,853,10-07-2005 2:04,7.99,NULL
5527,10-07-2005 2:06,554,975,10-07-2005 2:06,2.99,1
5528,10-07-2005 2:09,551,149,10-07-2005 2:09,0.99,1
5529,10-07-2005 2:11,590,361,10-07-2005 2:11,2.99,NULL
5530,10-07-2005 2:13,74,593,10-07-2005 2:13,2.99,1
5531,10-07-2005 2:13,173,656,10-07-2005 2:13,2.99,NULL
5532,10-07-2005 2:17,522,219,10-07-2005 2:17,4.99,NULL
5533,10-07-2005 2:19,270,562,10-07-2005 2:19,0.99,NULL
5534,10-07-2005 2:26,156,715,10-07-2005 2:26,4.99,NULL
5535,10-07-2005 2:27,394,354,10-07-2005 2:27,4.99,NULL
5536,10-07-2005 2:29,195,417,10-07-2005 2:29,0.99,NULL
5537,10-07-2005 2:35,254,387,10-07-2005 2:35,0.99,1
5538,10-07-2005 2:39,367,459,10-07-2005 2:39,4.99,1
5539,10-07-2005 2:42,90,707,10-07-2005 2:42,3.99,1
5540,10-07-2005 2:44,250,26,10-07-2005 2:44,0.99,NULL
5541,10-07-2005 2:44,135,269,10-07-2005 2:44,0.99,1
5542,10-07-2005 2:45,105,374,10-07-2005 2:45,2.99,NULL
5543,10-07-2005 2:48,71,327,10-07-2005 2:48,8.99,NULL
5544,10-07-2005 2:48,316,227,10-07-2005 2:48,7.99,1
5545,10-07-2005 2:50,236,23,10-07-2005 2:50,3.99,NULL
5546,10-07-2005 2:50,515,641,10-07-2005 2:50,2.99,NULL
5547,10-07-2005 2:52,519,313,10-07-2005 2:52,5.99,0.5
5548,10-07-2005 2:56,317,651,10-07-2005 2:56,0.99,NULL
5549,10-07-2005 2:58,163,589,10-07-2005 2:58,4.99,0.5
5550,10-07-2005 2:58,254,415,10-07-2005 2:58,5.99,1
5551,10-07-2005 3:01,44,921,10-07-2005 3:01,3.99,1
5552,10-07-2005 3:01,27,631,10-07-2005 3:01,0.99,NULL
5553,10-07-2005 3:03,6,367,10-07-2005 3:03,0.99,NULL
5554,10-07-2005 3:03,252,890,10-07-2005 3:03,2.99,NULL
5555,10-07-2005 3:08,79,559,10-07-2005 3:08,2.99,0.5
5556,10-07-2005 3:10,354,979,10-07-2005 3:10,4.99,1
5557,10-07-2005 3:10,346,313,10-07-2005 3:10,4.99,1
5558,10-07-2005 3:12,96,249,10-07-2005 3:12,0.99,NULL
5559,10-07-2005 3:13,496,896,10-07-2005 3:13,5.99,1
5560,10-07-2005 3:13,231,158,10-07-2005 3:13,5.99,1
5561,10-07-2005 3:15,369,234,10-07-2005 3:15,2.99,NULL
5562,10-07-2005 3:17,300,788,10-07-2005 3:17,2.99,1
5563,10-07-2005 3:21,362,488,10-07-2005 3:21,1.99,1
5564,10-07-2005 3:23,355,44,10-07-2005 3:23,5.99,0.5
5565,10-07-2005 3:29,14,739,10-07-2005 3:29,7.99,NULL
5566,10-07-2005 3:30,124,296,10-07-2005 3:30,2.99,0.5
5567,10-07-2005 3:36,147,353,10-07-2005 3:36,2.99,0.5
5568,10-07-2005 3:36,424,250,10-07-2005 3:36,0.99,1
5569,10-07-2005 3:38,69,621,10-07-2005 3:38,3.99,NULL
5570,10-07-2005 3:46,374,438,10-07-2005 3:46,6.99,1
5571,10-07-2005 3:48,76,242,10-07-2005 3:48,0.99,NULL
5572,10-07-2005 3:49,458,595,10-07-2005 3:49,0.99,NULL
5573,10-07-2005 3:50,170,648,10-07-2005 3:50,4.99,1
5574,10-07-2005 3:54,163,501,10-07-2005 3:54,10.99,0.5
5575,10-07-2005 3:55,107,503,10-07-2005 3:55,2.99,NULL
5576,10-07-2005 3:57,217,319,10-07-2005 3:57,2.99,1
5577,10-07-2005 3:58,266,827,10-07-2005 3:58,4.99,NULL
5578,10-07-2005 4:00,378,992,10-07-2005 4:00,1.99,1
5579,10-07-2005 4:04,203,210,10-07-2005 4:04,5.99,NULL
5580,10-07-2005 4:05,521,603,10-07-2005 4:05,6.99,1
5581,10-07-2005 4:06,306,756,10-07-2005 4:06,2.99,NULL
5582,10-07-2005 4:08,305,734,10-07-2005 4:08,4.99,NULL
5583,10-07-2005 4:08,391,274,10-07-2005 4:08,7.99,0.5
5584,10-07-2005 4:15,289,572,10-07-2005 4:15,4.99,NULL
5585,10-07-2005 4:15,63,771,10-07-2005 4:15,6.99,NULL
5586,10-07-2005 4:17,427,650,10-07-2005 4:17,5.99,1
5587,10-07-2005 4:17,531,980,10-07-2005 4:17,5.99,0.5
5588,10-07-2005 4:21,535,258,10-07-2005 4:21,0.99,NULL
5589,10-07-2005 4:22,296,804,10-07-2005 4:22,4.99,1
5590,10-07-2005 4:23,407,971,10-07-2005 4:23,9.99,NULL
5591,10-07-2005 4:25,374,83,10-07-2005 4:25,3.99,1
5592,10-07-2005 4:26,222,541,10-07-2005 4:26,6.99,1
5593,10-07-2005 4:33,287,154,10-07-2005 4:33,3.99,1
5594,10-07-2005 4:33,440,12,10-07-2005 4:33,0.99,1
5595,10-07-2005 4:33,572,59,10-07-2005 4:33,4.99,NULL
5596,10-07-2005 4:43,240,363,10-07-2005 4:43,0.99,0.5
5597,10-07-2005 4:47,576,927,10-07-2005 4:47,3.99,NULL
5598,10-07-2005 4:48,397,748,10-07-2005 4:48,4.99,1
5599,10-07-2005 4:52,391,670,10-07-2005 4:52,4.99,0.5
5600,10-07-2005 4:55,138,812,10-07-2005 4:55,1.99,1
5601,10-07-2005 4:56,511,673,10-07-2005 4:56,0.99,1
5602,10-07-2005 5:02,253,775,10-07-2005 5:02,4.99,0.5
5603,10-07-2005 5:04,74,288,10-07-2005 5:04,2.99,1
5604,10-07-2005 5:05,78,810,10-07-2005 5:05,0.99,1
5605,10-07-2005 5:06,273,650,10-07-2005 5:06,2.99,NULL
5606,10-07-2005 5:07,51,637,10-07-2005 5:07,4.99,NULL
5607,10-07-2005 5:08,52,925,10-07-2005 5:08,2.99,NULL
5608,10-07-2005 5:08,384,843,10-07-2005 5:08,4.99,1
5609,10-07-2005 5:09,492,341,10-07-2005 5:09,0.99,1
5610,10-07-2005 5:09,131,106,10-07-2005 5:09,2.99,NULL
5611,10-07-2005 5:13,424,621,10-07-2005 5:13,3.99,1
5612,10-07-2005 5:15,472,514,10-07-2005 5:15,3.99,1
5613,10-07-2005 5:15,220,986,10-07-2005 5:15,2.99,NULL
5614,10-07-2005 5:16,371,26,10-07-2005 5:16,0.99,NULL
5615,10-07-2005 5:18,173,331,10-07-2005 5:18,3.99,NULL
5616,10-07-2005 5:21,238,873,10-07-2005 5:21,5.99,1
5617,10-07-2005 5:28,342,504,10-07-2005 5:28,0.99,1
5618,10-07-2005 5:28,316,165,10-07-2005 5:28,5.99,1
5619,10-07-2005 5:29,204,22,10-07-2005 5:29,2.99,0.5
5620,10-07-2005 5:30,92,653,10-07-2005 5:30,7.99,1
5621,10-07-2005 5:34,310,120,10-07-2005 5:34,5.99,1
5622,10-07-2005 5:39,568,387,10-07-2005 5:39,0.99,NULL
5623,10-07-2005 5:41,229,975,10-07-2005 5:41,2.99,1
5624,10-07-2005 5:43,114,227,10-07-2005 5:43,4.99,NULL
5625,10-07-2005 5:44,114,380,10-07-2005 5:44,2.99,NULL
5626,10-07-2005 5:49,389,665,10-07-2005 5:49,3.99,1
5627,10-07-2005 5:51,136,55,10-07-2005 5:51,3.99,1
5628,10-07-2005 5:56,87,880,10-07-2005 5:56,3.99,NULL
5629,10-07-2005 6:02,546,89,10-07-2005 6:02,0.99,1
5630,10-07-2005 6:08,537,254,10-07-2005 6:08,2.99,NULL
5631,10-07-2005 6:15,595,454,10-07-2005 6:15,1.99,1
5632,10-07-2005 6:17,404,577,10-07-2005 6:17,3.99,0.5
5633,10-07-2005 6:22,480,235,10-07-2005 6:22,2.99,0.5
5634,10-07-2005 6:25,487,72,10-07-2005 6:25,3.99,1
5635,10-07-2005 6:28,222,319,10-07-2005 6:28,5.99,1
5636,10-07-2005 6:31,2,895,10-07-2005 6:31,2.99,NULL
5637,10-07-2005 6:31,45,970,10-07-2005 6:31,0.99,NULL
5638,10-07-2005 6:32,570,334,10-07-2005 6:32,4.99,NULL
5639,10-07-2005 6:33,249,535,10-07-2005 6:33,3.99,1
5640,10-07-2005 6:38,574,594,10-07-2005 6:38,2.99,0.5
5641,10-07-2005 6:43,50,780,10-07-2005 6:43,4.99,NULL
5642,10-07-2005 6:46,299,792,10-07-2005 6:46,2.99,0.5
5643,10-07-2005 6:49,34,174,10-07-2005 6:49,4.99,0.5
5644,10-07-2005 6:57,476,887,10-07-2005 6:57,4.99,NULL
5645,10-07-2005 6:58,333,348,10-07-2005 6:58,1.99,NULL
5646,10-07-2005 7:08,166,322,10-07-2005 7:08,2.99,NULL
5647,10-07-2005 7:08,128,321,10-07-2005 7:08,4.99,NULL
5648,10-07-2005 7:09,24,951,10-07-2005 7:09,0.99,NULL
5649,10-07-2005 7:15,336,298,10-07-2005 7:15,2.99,1
5650,10-07-2005 7:17,461,613,10-07-2005 7:17,0.99,NULL
5651,10-07-2005 7:17,239,68,10-07-2005 7:17,4.99,NULL
5652,10-07-2005 7:18,42,206,10-07-2005 7:18,3.99,NULL
5653,10-07-2005 7:21,28,204,10-07-2005 7:21,2.99,1
5654,10-07-2005 7:24,490,749,10-07-2005 7:24,4.99,NULL
5655,10-07-2005 7:31,113,760,10-07-2005 7:31,4.99,NULL
5656,10-07-2005 7:31,159,899,10-07-2005 7:31,0.99,NULL
5657,10-07-2005 7:33,508,946,10-07-2005 7:33,9.99,1
5658,10-07-2005 7:34,165,962,10-07-2005 7:34,4.99,1
5659,10-07-2005 7:45,9,928,10-07-2005 7:45,2.99,NULL
5660,10-07-2005 7:46,171,307,10-07-2005 7:46,5.99,NULL
5661,10-07-2005 7:53,108,409,10-07-2005 7:53,5.99,NULL
5662,10-07-2005 7:59,502,49,10-07-2005 7:59,2.99,1
5663,10-07-2005 8:01,530,677,10-07-2005 8:01,0.99,NULL
5664,10-07-2005 8:04,469,518,10-07-2005 8:04,6.99,NULL
5665,10-07-2005 8:10,415,261,10-07-2005 8:10,0.99,NULL
5666,10-07-2005 8:10,242,481,10-07-2005 8:10,5.99,1
5667,10-07-2005 8:11,336,149,10-07-2005 8:11,0.99,1
5668,10-07-2005 8:11,211,69,10-07-2005 8:11,5.99,1
5669,10-07-2005 8:12,323,260,10-07-2005 8:12,4.99,NULL
5670,10-07-2005 8:14,121,132,10-07-2005 8:14,0.99,1
5671,10-07-2005 8:18,268,288,10-07-2005 8:18,2.99,1
5672,10-07-2005 8:19,158,505,10-07-2005 8:19,2.99,NULL
5673,10-07-2005 8:21,117,875,10-07-2005 8:21,0.99,1
5674,10-07-2005 8:26,258,119,10-07-2005 8:26,0.99,NULL
5675,10-07-2005 8:31,376,462,10-07-2005 8:31,4.99,1
5676,10-07-2005 8:38,153,786,10-07-2005 8:38,0.99,NULL
5677,10-07-2005 8:41,105,580,10-07-2005 8:41,4.99,NULL
5678,10-07-2005 8:42,96,952,10-07-2005 8:42,4.99,NULL
5679,10-07-2005 8:44,138,86,10-07-2005 8:44,4.99,1
5680,10-07-2005 8:47,199,767,10-07-2005 8:47,5.99,1
5681,10-07-2005 8:48,50,908,10-07-2005 8:48,9.99,NULL
5682,10-07-2005 8:51,302,4,10-07-2005 8:51,2.99,1
5683,10-07-2005 8:52,285,969,10-07-2005 8:52,9.99,0.5
5684,10-07-2005 8:59,132,20,10-07-2005 8:59,5.99,NULL
5685,10-07-2005 9:01,170,320,10-07-2005 9:01,7.99,1
5686,10-07-2005 9:06,521,157,10-07-2005 9:06,0.99,1
5687,10-07-2005 9:07,363,468,10-07-2005 9:07,3.99,NULL
5688,10-07-2005 9:16,598,666,10-07-2005 9:16,5.99,NULL
5689,10-07-2005 9:24,381,377,10-07-2005 9:24,0.99,NULL
5690,10-07-2005 9:26,362,293,10-07-2005 9:26,5.99,1
5691,10-07-2005 9:29,466,772,10-07-2005 9:29,4.99,1
5692,10-07-2005 9:32,244,11,10-07-2005 9:32,0.99,NULL
5693,10-07-2005 9:35,208,468,10-07-2005 9:35,2.99,1
5694,10-07-2005 9:40,57,762,10-07-2005 9:40,0.99,NULL
5695,10-07-2005 9:43,459,97,10-07-2005 9:43,0.99,0.5
5696,10-07-2005 9:44,96,25,10-07-2005 9:44,2.99,NULL
5697,10-07-2005 9:44,515,207,10-07-2005 9:44,4.99,NULL
5698,10-07-2005 9:47,46,139,10-07-2005 9:47,4.99,1
5699,10-07-2005 9:48,211,213,10-07-2005 9:48,3.99,1
5700,10-07-2005 9:49,87,863,10-07-2005 9:49,4.99,NULL
5701,10-07-2005 9:56,91,523,10-07-2005 9:56,0.99,NULL
5702,10-07-2005 10:00,324,735,10-07-2005 10:00,2.99,1
5703,10-07-2005 10:04,132,348,10-07-2005 10:04,0.99,NULL
5704,10-07-2005 10:06,591,456,10-07-2005 10:06,5.99,1
5705,10-07-2005 10:09,300,878,10-07-2005 10:09,10.99,1
5706,10-07-2005 10:21,255,810,10-07-2005 10:21,1.99,NULL
5707,10-07-2005 10:26,581,154,10-07-2005 10:26,4.99,NULL
5708,10-07-2005 10:29,484,123,10-07-2005 10:29,6.99,1
5709,10-07-2005 10:31,302,160,10-07-2005 10:31,0.99,1
5710,10-07-2005 10:32,265,624,10-07-2005 10:32,9.99,NULL
5711,10-07-2005 10:37,481,869,10-07-2005 10:37,2.99,NULL
5712,10-07-2005 10:40,304,763,10-07-2005 10:40,4.99,NULL
5713,10-07-2005 10:46,572,269,10-07-2005 10:46,6.99,NULL
5714,10-07-2005 10:46,17,810,10-07-2005 10:46,3.99,1
5715,10-07-2005 10:48,132,357,10-07-2005 10:48,1.99,NULL
5716,10-07-2005 10:59,102,748,10-07-2005 10:59,2.99,NULL
5717,10-07-2005 11:02,15,116,10-07-2005 11:02,2.99,1
5718,10-07-2005 11:03,20,813,10-07-2005 11:03,2.99,NULL
5719,10-07-2005 11:07,94,456,10-07-2005 11:07,4.99,NULL
5720,10-07-2005 11:09,339,125,10-07-2005 11:09,3.99,1
5721,10-07-2005 11:09,5,511,10-07-2005 11:09,0.99,NULL
5722,10-07-2005 11:10,556,634,10-07-2005 11:10,0.99,NULL
5723,10-07-2005 11:14,33,131,10-07-2005 11:14,4.99,NULL
5724,10-07-2005 11:18,289,786,10-07-2005 11:18,0.99,NULL
5725,10-07-2005 11:21,426,936,10-07-2005 11:21,3.99,1
5726,10-07-2005 11:22,131,784,10-07-2005 11:22,2.99,NULL
5727,10-07-2005 11:25,550,734,10-07-2005 11:25,4.99,1
5728,10-07-2005 11:26,335,138,10-07-2005 11:26,2.99,NULL
5729,10-07-2005 11:27,188,898,10-07-2005 11:27,5.99,NULL
5730,10-07-2005 11:28,301,414,10-07-2005 11:28,2.99,1
5731,10-07-2005 11:31,440,649,10-07-2005 11:31,2.99,1
5732,10-07-2005 11:36,597,621,10-07-2005 11:36,2.99,NULL
5733,10-07-2005 11:37,415,833,10-07-2005 11:37,0.99,NULL
5734,10-07-2005 11:37,447,89,10-07-2005 11:37,0.99,1
5735,10-07-2005 11:39,65,717,10-07-2005 11:39,3.99,NULL
5736,10-07-2005 11:45,27,260,10-07-2005 11:45,4.99,NULL
5737,10-07-2005 11:50,218,247,10-07-2005 11:50,0.99,NULL
5738,10-07-2005 11:50,187,44,10-07-2005 11:50,8.99,NULL
5739,10-07-2005 11:51,219,35,10-07-2005 11:51,7.99,NULL
5740,10-07-2005 11:51,325,464,10-07-2005 11:51,2.99,1
5741,10-07-2005 11:55,513,444,10-07-2005 11:55,7.99,NULL
5742,10-07-2005 11:56,596,866,10-07-2005 11:56,3.99,NULL
5743,10-07-2005 11:57,297,129,10-07-2005 11:57,8.99,1
5744,10-07-2005 12:08,437,302,10-07-2005 12:08,2.99,NULL
5745,10-07-2005 12:10,305,9,10-07-2005 12:10,8.99,NULL
5746,10-07-2005 12:15,82,676,10-07-2005 12:15,4.99,NULL
5747,10-07-2005 12:15,583,995,10-07-2005 12:15,7.99,NULL
5748,10-07-2005 12:19,99,353,10-07-2005 12:19,2.99,NULL
5749,10-07-2005 12:20,304,383,10-07-2005 12:20,3.99,NULL
5750,10-07-2005 12:20,330,844,10-07-2005 12:20,5.99,NULL
5751,10-07-2005 12:25,479,86,10-07-2005 12:25,4.99,NULL
5752,10-07-2005 12:27,86,971,10-07-2005 12:27,8.99,NULL
5753,10-07-2005 12:29,444,794,10-07-2005 12:29,2.99,NULL
5754,10-07-2005 12:32,291,35,10-07-2005 12:32,2.99,NULL
5755,10-07-2005 12:38,2,606,10-07-2005 12:38,6.99,NULL
5756,10-07-2005 12:39,183,26,10-07-2005 12:39,0.99,1
5757,10-07-2005 12:40,101,397,10-07-2005 12:40,2.99,NULL
5758,10-07-2005 12:42,363,112,10-07-2005 12:42,6.99,NULL
5759,10-07-2005 12:43,591,177,10-07-2005 12:43,6.99,1
5760,10-07-2005 12:44,154,234,10-07-2005 12:44,2.99,1
5761,10-07-2005 12:45,287,382,10-07-2005 12:45,0.99,1
5762,10-07-2005 12:48,217,394,10-07-2005 12:48,3.99,1
5763,10-07-2005 12:58,397,165,10-07-2005 12:58,4.99,1
5764,10-07-2005 12:58,245,341,10-07-2005 12:58,4.99,NULL
5765,10-07-2005 13:03,293,574,10-07-2005 13:03,3.99,NULL
5766,10-07-2005 13:07,406,1,10-07-2005 13:07,0.99,NULL
5767,10-07-2005 13:13,32,629,10-07-2005 13:13,0.99,1
5768,10-07-2005 13:15,196,77,10-07-2005 13:15,4.99,NULL
5769,10-07-2005 13:17,141,882,10-07-2005 13:17,0.99,0.5
5770,10-07-2005 13:21,71,203,10-07-2005 13:21,4.99,NULL
5771,10-07-2005 13:26,153,722,10-07-2005 13:26,0.99,NULL
5772,10-07-2005 13:27,21,793,10-07-2005 13:27,3.99,0.5
5773,10-07-2005 13:31,180,722,10-07-2005 13:31,0.99,NULL
5774,10-07-2005 13:31,113,73,10-07-2005 13:31,5.99,NULL
5775,10-07-2005 13:34,325,469,10-07-2005 13:34,4.99,1
5776,10-07-2005 13:35,568,785,10-07-2005 13:35,4.99,NULL
5777,10-07-2005 13:38,40,863,10-07-2005 13:38,2.99,NULL
5778,10-07-2005 13:41,324,970,10-07-2005 13:41,0.99,1
5779,10-07-2005 13:45,244,720,10-07-2005 13:45,4.99,NULL
5780,10-07-2005 13:46,516,37,10-07-2005 13:46,3.99,NULL
5781,10-07-2005 13:49,167,700,10-07-2005 13:49,2.99,1
5782,10-07-2005 13:52,440,552,10-07-2005 13:52,0.99,1
5783,10-07-2005 13:55,385,733,10-07-2005 13:55,2.99,0.5
5784,10-07-2005 14:03,422,504,10-07-2005 14:03,1.99,1
5785,10-07-2005 14:06,211,29,10-07-2005 14:06,4.99,1
5786,10-07-2005 14:06,350,496,10-07-2005 14:06,1.99,1
5787,10-07-2005 14:08,44,239,10-07-2005 14:08,8.99,1
5788,10-07-2005 14:10,63,372,10-07-2005 14:10,4.99,NULL
5789,10-07-2005 14:11,571,571,10-07-2005 14:11,4.99,NULL
5790,10-07-2005 14:15,235,369,10-07-2005 14:15,4.99,NULL
5791,10-07-2005 14:16,319,614,10-07-2005 14:16,8.99,NULL
5792,10-07-2005 14:22,92,920,10-07-2005 14:22,6.99,1
5793,10-07-2005 14:33,268,643,10-07-2005 14:33,2.99,1
5794,10-07-2005 14:34,198,257,10-07-2005 14:34,4.99,NULL
5795,10-07-2005 14:36,304,863,10-07-2005 14:36,0.99,NULL
5796,10-07-2005 14:42,286,356,10-07-2005 14:42,4.99,NULL
5797,10-07-2005 14:43,384,409,10-07-2005 14:43,4.99,1
5798,10-07-2005 14:45,107,73,10-07-2005 14:45,3.99,NULL
5799,10-07-2005 14:53,520,668,10-07-2005 14:53,4.99,1
5800,10-07-2005 14:58,411,539,10-07-2005 14:58,2.99,NULL
5801,10-07-2005 14:59,439,768,10-07-2005 14:59,5.99,NULL
5802,10-07-2005 15:02,520,499,10-07-2005 15:02,10.99,1
5803,10-07-2005 15:05,244,432,10-07-2005 15:05,3.99,NULL
5804,10-07-2005 15:06,137,468,10-07-2005 15:06,2.99,NULL
5805,10-07-2005 15:08,532,777,10-07-2005 15:08,8.99,1
5806,10-07-2005 15:11,108,6,10-07-2005 15:11,4.99,NULL
5807,10-07-2005 15:16,301,453,10-07-2005 15:16,2.99,1
5808,10-07-2005 15:17,170,502,10-07-2005 15:17,2.99,1
5809,10-07-2005 15:19,461,380,10-07-2005 15:19,2.99,NULL
5810,10-07-2005 15:22,482,312,10-07-2005 15:22,8.99,NULL
5811,10-07-2005 15:27,441,873,10-07-2005 15:27,0.99,NULL
5812,10-07-2005 15:27,581,367,10-07-2005 15:27,2.99,NULL
5813,10-07-2005 15:34,512,209,10-07-2005 15:34,3.99,NULL
5814,10-07-2005 15:46,71,556,10-07-2005 15:46,4.99,NULL
5815,10-07-2005 15:48,22,644,10-07-2005 15:48,2.99,NULL
5816,10-07-2005 15:48,382,379,10-07-2005 15:48,0.99,NULL
5817,10-07-2005 15:49,28,656,10-07-2005 15:49,5.99,1
5818,10-07-2005 15:51,334,859,10-07-2005 15:51,5.99,NULL
5819,10-07-2005 15:56,347,754,10-07-2005 15:56,2.99,NULL
5820,10-07-2005 16:04,485,330,10-07-2005 16:04,4.99,1
5821,10-07-2005 16:07,302,31,10-07-2005 16:07,4.99,1
5822,10-07-2005 16:10,38,304,10-07-2005 16:10,2.99,NULL
5823,10-07-2005 16:19,483,409,10-07-2005 16:19,4.99,0.5
5824,10-07-2005 16:19,449,432,10-07-2005 16:19,2.99,0.5
5825,10-07-2005 16:20,444,841,10-07-2005 16:20,2.99,NULL
5826,10-07-2005 16:21,254,893,10-07-2005 16:21,7.99,1
5827,10-07-2005 16:22,290,286,10-07-2005 16:22,2.99,NULL
5828,10-07-2005 16:27,156,657,10-07-2005 16:27,2.99,NULL
5829,10-07-2005 16:29,118,746,10-07-2005 16:29,1.99,NULL
5830,10-07-2005 16:34,59,513,10-07-2005 16:34,4.99,1
5831,10-07-2005 16:34,43,181,10-07-2005 16:34,2.99,NULL
5832,10-07-2005 16:34,63,521,10-07-2005 16:34,4.99,NULL
5833,10-07-2005 16:39,187,838,10-07-2005 16:39,6.99,NULL
5834,10-07-2005 16:44,360,17,10-07-2005 16:44,1.99,NULL
5835,10-07-2005 16:44,11,174,10-07-2005 16:44,5.99,0.5
5836,10-07-2005 16:49,310,401,10-07-2005 16:49,0.99,1
5837,10-07-2005 16:57,478,360,10-07-2005 16:57,4.99,NULL
5838,10-07-2005 17:04,202,356,10-07-2005 17:04,2.99,1
5839,10-07-2005 17:08,367,56,10-07-2005 17:08,2.99,1
5840,10-07-2005 17:09,72,239,10-07-2005 17:09,4.99,NULL
5841,10-07-2005 17:11,525,273,10-07-2005 17:11,2.99,NULL
5842,10-07-2005 17:11,247,28,10-07-2005 17:11,4.99,NULL
5843,10-07-2005 17:14,599,353,10-07-2005 17:14,2.99,1
5844,10-07-2005 17:14,147,132,10-07-2005 17:14,0.99,0.5
5845,10-07-2005 17:23,334,632,10-07-2005 17:23,4.99,NULL
5846,10-07-2005 17:25,233,208,10-07-2005 17:25,2.99,0.5
5847,10-07-2005 17:27,220,962,10-07-2005 17:27,2.99,NULL
5848,10-07-2005 17:28,409,993,10-07-2005 17:28,2.99,NULL
5849,10-07-2005 17:32,44,356,10-07-2005 17:32,6.99,1
5850,10-07-2005 17:36,531,875,10-07-2005 17:36,0.99,0.5
5851,10-07-2005 17:40,510,859,10-07-2005 17:40,4.99,1
5852,10-07-2005 17:43,484,850,10-07-2005 17:43,0.99,1
5853,10-07-2005 17:45,520,664,10-07-2005 17:45,3.99,1
5854,10-07-2005 17:47,547,222,10-07-2005 17:47,4.99,0.5
5855,10-07-2005 17:54,166,536,10-07-2005 17:54,7.99,NULL
5856,10-07-2005 17:57,314,111,10-07-2005 17:57,0.99,1
5857,10-07-2005 17:59,29,280,10-07-2005 17:59,1.99,0.5
5858,10-07-2005 18:00,257,640,10-07-2005 18:00,4.99,NULL
5859,10-07-2005 18:02,220,26,10-07-2005 18:02,0.99,NULL
5860,10-07-2005 18:08,180,851,10-07-2005 18:08,3.99,NULL
5861,10-07-2005 18:14,277,849,10-07-2005 18:14,0.99,NULL
5862,10-07-2005 18:20,157,450,10-07-2005 18:20,4.99,NULL
5863,10-07-2005 18:25,419,560,10-07-2005 18:25,0.99,1
5864,10-07-2005 18:29,437,957,10-07-2005 18:29,6.99,NULL
5865,10-07-2005 18:31,126,303,10-07-2005 18:31,0.99,1
5866,10-07-2005 18:35,484,101,10-07-2005 18:35,6.99,1
5867,10-07-2005 18:39,321,159,10-07-2005 18:39,8.99,NULL
5868,10-07-2005 18:39,429,100,10-07-2005 18:39,4.99,0.5
5869,10-07-2005 18:40,40,466,10-07-2005 18:40,5.99,NULL
5870,10-07-2005 18:40,438,333,10-07-2005 18:40,2.99,NULL
5871,10-07-2005 18:46,307,724,10-07-2005 18:46,3.99,1
5872,10-07-2005 18:54,364,60,10-07-2005 18:54,10.99,NULL
5873,10-07-2005 19:02,354,692,10-07-2005 19:02,3.99,1
5874,10-07-2005 19:02,131,488,10-07-2005 19:02,3.99,NULL
5875,10-07-2005 19:06,575,215,10-07-2005 19:06,8.99,NULL
5876,10-07-2005 19:07,578,972,10-07-2005 19:07,4.99,NULL
5877,10-07-2005 19:08,537,331,10-07-2005 19:08,5.99,NULL
5878,10-07-2005 19:09,271,833,10-07-2005 19:09,1.99,1
5879,10-07-2005 19:12,430,843,10-07-2005 19:12,6.99,1
5880,10-07-2005 19:14,482,79,10-07-2005 19:14,2.99,NULL
5881,10-07-2005 19:19,25,53,10-07-2005 19:19,2.99,NULL
5882,10-07-2005 19:20,319,621,10-07-2005 19:20,2.99,NULL
5883,10-07-2005 19:25,17,619,10-07-2005 19:25,3.99,1
5884,10-07-2005 19:31,498,204,10-07-2005 19:31,0.99,NULL
5885,10-07-2005 19:33,331,687,10-07-2005 19:33,1.99,NULL
5886,10-07-2005 19:36,215,201,10-07-2005 19:36,2.99,NULL
5887,10-07-2005 19:45,532,571,10-07-2005 19:45,2.99,1
5888,10-07-2005 19:52,268,354,10-07-2005 19:52,6.99,1
5889,10-07-2005 19:54,491,372,10-07-2005 19:54,4.99,0.5
5890,10-07-2005 20:00,535,320,10-07-2005 20:00,8.99,NULL
5891,10-07-2005 20:01,184,949,10-07-2005 20:01,0.99,NULL
5892,10-07-2005 20:02,333,941,10-07-2005 20:02,4.99,NULL
5893,10-07-2005 20:05,439,368,10-07-2005 20:05,2.99,NULL
5894,10-07-2005 20:09,194,489,10-07-2005 20:09,3.99,0.5
5895,10-07-2005 20:13,164,491,10-07-2005 20:13,3.99,0.5
5896,10-07-2005 20:15,357,160,10-07-2005 20:15,0.99,NULL
5897,10-07-2005 20:16,413,162,10-07-2005 20:16,7.99,1
5898,10-07-2005 20:18,538,716,10-07-2005 20:18,2.99,1
5899,10-07-2005 20:21,388,305,10-07-2005 20:21,2.99,NULL
5900,10-07-2005 20:21,419,241,10-07-2005 20:21,3.99,1
5901,10-07-2005 20:22,165,17,10-07-2005 20:22,6.99,1
5902,10-07-2005 20:31,228,598,10-07-2005 20:31,0.99,NULL
5903,10-07-2005 20:39,573,304,10-07-2005 20:39,2.99,NULL
5904,10-07-2005 20:39,531,77,10-07-2005 20:39,4.99,0.5
5905,10-07-2005 20:41,10,850,10-07-2005 20:41,2.99,0.5
5906,10-07-2005 20:41,323,114,10-07-2005 20:41,1.99,NULL
5907,10-07-2005 20:41,168,969,10-07-2005 20:41,5.99,1
5908,10-07-2005 20:44,156,176,10-07-2005 20:44,0.99,NULL
5909,10-07-2005 20:46,44,506,10-07-2005 20:46,4.99,1
5910,10-07-2005 20:51,464,232,10-07-2005 20:51,4.99,NULL
5911,10-07-2005 20:51,420,899,10-07-2005 20:51,0.99,NULL
5912,10-07-2005 20:58,351,264,10-07-2005 20:58,3.99,1
5913,10-07-2005 20:58,277,608,10-07-2005 20:58,2.99,NULL
5914,10-07-2005 21:01,372,579,10-07-2005 21:01,7.99,NULL
5915,10-07-2005 21:12,66,538,10-07-2005 21:12,0.99,NULL
5916,10-07-2005 21:26,35,489,10-07-2005 21:26,5.99,NULL
5917,10-07-2005 21:30,74,639,10-07-2005 21:30,4.99,1
5918,10-07-2005 21:32,34,24,10-07-2005 21:32,5.99,0.5
5919,10-07-2005 21:32,92,35,10-07-2005 21:32,2.99,1
5920,10-07-2005 21:33,221,412,10-07-2005 21:33,5.99,NULL
5921,10-07-2005 21:35,7,856,10-07-2005 21:35,7.99,NULL
5922,10-07-2005 21:36,271,305,10-07-2005 21:36,2.99,1
5923,10-07-2005 21:40,401,395,10-07-2005 21:40,0.99,0.5
5924,10-07-2005 21:41,191,137,10-07-2005 21:41,5.99,1
5925,10-07-2005 21:41,503,814,10-07-2005 21:41,6.99,0.5
5926,10-07-2005 21:53,282,623,10-07-2005 21:53,6.99,NULL
5927,10-07-2005 21:57,70,175,10-07-2005 21:57,5.99,NULL
5928,10-07-2005 21:58,50,897,10-07-2005 21:58,6.99,NULL
5929,10-07-2005 21:59,54,937,10-07-2005 21:59,2.99,0.5
5930,10-07-2005 21:59,254,508,10-07-2005 21:59,4.99,1
5931,10-07-2005 22:04,341,488,10-07-2005 22:04,0.99,NULL
5932,10-07-2005 22:05,523,490,10-07-2005 22:05,2.99,1
5933,10-07-2005 22:06,419,953,10-07-2005 22:06,0.99,1
5934,10-07-2005 22:07,576,838,10-07-2005 22:07,4.99,NULL
5935,10-07-2005 22:11,258,739,10-07-2005 22:11,9.99,NULL
5936,10-07-2005 22:14,522,425,10-07-2005 22:14,0.99,NULL
5937,10-07-2005 22:16,580,346,10-07-2005 22:16,6.99,NULL
5938,10-07-2005 22:17,236,621,10-07-2005 22:17,3.99,NULL
5939,10-07-2005 22:30,207,981,10-07-2005 22:30,0.99,NULL
5940,10-07-2005 22:31,292,725,10-07-2005 22:31,4.99,NULL
5941,10-07-2005 22:40,43,109,10-07-2005 22:40,4.99,NULL
5942,10-07-2005 22:47,317,627,10-07-2005 22:47,7.99,NULL
5943,10-07-2005 22:48,255,663,10-07-2005 22:48,0.99,NULL
5944,10-07-2005 22:51,432,852,10-07-2005 22:51,4.99,NULL
5945,10-07-2005 22:52,374,94,10-07-2005 22:52,2.99,1
5946,10-07-2005 22:57,308,356,10-07-2005 22:57,2.99,NULL
5947,10-07-2005 23:07,331,73,10-07-2005 23:07,5.99,NULL
5948,10-07-2005 23:12,57,717,10-07-2005 23:12,2.99,NULL
5949,10-07-2005 23:13,496,961,10-07-2005 23:13,4.99,1
5950,10-07-2005 23:13,585,941,10-07-2005 23:13,4.99,NULL
5951,10-07-2005 23:14,589,549,10-07-2005 23:14,0.99,NULL
5952,10-07-2005 23:18,595,747,10-07-2005 23:18,1.99,1
5953,10-07-2005 23:21,386,220,10-07-2005 23:21,2.99,NULL
5954,10-07-2005 23:22,32,576,10-07-2005 23:22,2.99,1
5955,10-07-2005 23:22,409,183,10-07-2005 23:22,7.99,NULL
5956,10-07-2005 23:23,499,556,10-07-2005 23:23,4.99,NULL
5957,10-07-2005 23:24,210,553,10-07-2005 23:24,0.99,NULL
5958,10-07-2005 23:31,430,760,10-07-2005 23:31,6.99,1
5959,10-07-2005 23:35,436,696,10-07-2005 23:35,0.99,NULL
5960,10-07-2005 23:38,239,849,10-07-2005 23:38,0.99,NULL
5961,10-07-2005 23:43,21,773,10-07-2005 23:43,2.99,0.5
5962,10-07-2005 23:45,507,285,10-07-2005 23:45,0.99,0.5
5963,10-07-2005 23:47,35,970,10-07-2005 23:47,0.99,NULL
5964,10-07-2005 23:47,456,868,10-07-2005 23:47,0.99,NULL
5965,10-07-2005 23:51,348,978,10-07-2005 23:51,0.99,NULL
5966,10-07-2005 23:59,384,450,10-07-2005 23:59,2.99,1
5967,11-07-2005 0:02,215,460,11-07-2005 0:02,8.99,NULL
5968,11-07-2005 0:03,554,721,11-07-2005 0:03,5.99,1
5969,11-07-2005 0:03,433,908,11-07-2005 0:03,8.99,NULL
5970,11-07-2005 0:04,94,331,11-07-2005 0:04,4.99,NULL
5971,11-07-2005 0:05,84,473,11-07-2005 0:05,5.99,NULL
5972,11-07-2005 0:08,30,1000,11-07-2005 0:08,7.99,NULL
5973,11-07-2005 0:09,165,266,11-07-2005 0:09,0.99,1
5974,11-07-2005 0:10,517,869,11-07-2005 0:10,5.99,NULL
5975,11-07-2005 0:14,15,657,11-07-2005 0:14,2.99,1
5976,11-07-2005 0:16,505,369,11-07-2005 0:16,9.99,NULL
5977,11-07-2005 0:16,484,873,11-07-2005 0:16,5.99,1
5978,11-07-2005 0:16,508,375,11-07-2005 0:16,6.99,1
5979,11-07-2005 0:17,251,378,11-07-2005 0:17,2.99,NULL
5980,11-07-2005 0:18,309,385,11-07-2005 0:18,4.99,NULL
5981,11-07-2005 0:19,241,465,11-07-2005 0:19,4.99,1
5982,11-07-2005 0:24,403,506,11-07-2005 0:24,4.99,1
5983,11-07-2005 0:34,127,78,11-07-2005 0:34,2.99,1
5984,11-07-2005 0:44,178,615,11-07-2005 0:44,2.99,1
5985,11-07-2005 0:51,506,245,11-07-2005 0:51,0.99,NULL
5986,11-07-2005 0:54,171,354,11-07-2005 0:54,4.99,NULL
5987,11-07-2005 0:55,447,223,11-07-2005 0:55,2.99,1
5988,11-07-2005 0:55,158,31,11-07-2005 0:55,4.99,NULL
5989,11-07-2005 0:57,283,152,11-07-2005 0:57,2.99,1
5990,11-07-2005 1:03,432,342,11-07-2005 1:03,4.99,NULL
5991,11-07-2005 1:03,590,791,11-07-2005 1:03,4.99,NULL
5992,11-07-2005 1:06,54,916,11-07-2005 1:06,2.99,0.5
5993,11-07-2005 1:06,529,785,11-07-2005 1:06,4.99,1
5994,11-07-2005 1:14,295,933,11-07-2005 1:14,4.99,1
5995,11-07-2005 1:15,360,949,11-07-2005 1:15,3.99,NULL
5996,11-07-2005 1:18,223,927,11-07-2005 1:18,2.99,NULL
5997,11-07-2005 1:19,128,774,11-07-2005 1:19,4.99,NULL
5998,11-07-2005 1:20,250,319,11-07-2005 1:20,2.99,NULL
5999,11-07-2005 1:21,450,47,11-07-2005 1:21,7.99,NULL
6000,11-07-2005 1:23,371,433,11-07-2005 1:23,2.99,NULL
6001,11-07-2005 1:24,45,387,11-07-2005 1:24,0.99,NULL
6002,11-07-2005 1:27,45,967,11-07-2005 1:27,2.99,NULL
6003,11-07-2005 1:28,527,67,11-07-2005 1:28,3.99,NULL
6004,11-07-2005 1:34,204,381,11-07-2005 1:34,4.99,0.5
6005,11-07-2005 1:36,78,176,11-07-2005 1:36,0.99,1
6006,11-07-2005 1:38,399,914,11-07-2005 1:38,2.99,NULL
6007,11-07-2005 1:43,289,960,11-07-2005 1:43,3.99,NULL
6008,11-07-2005 1:51,216,272,11-07-2005 1:51,6.99,1
6009,11-07-2005 1:51,470,110,11-07-2005 1:51,3.99,NULL
6010,11-07-2005 1:52,285,168,11-07-2005 1:52,0.99,0.5
6011,11-07-2005 1:54,527,851,11-07-2005 1:54,4.99,NULL
6012,11-07-2005 2:00,258,572,11-07-2005 2:00,4.99,NULL
6013,11-07-2005 2:02,543,826,11-07-2005 2:02,4.99,NULL
6014,11-07-2005 2:02,397,820,11-07-2005 2:02,2.99,1
6015,11-07-2005 2:04,596,67,11-07-2005 2:04,2.99,NULL
6016,11-07-2005 2:04,296,141,11-07-2005 2:04,4.99,1
6017,11-07-2005 2:05,596,891,11-07-2005 2:05,0.99,NULL
6018,11-07-2005 2:06,500,994,11-07-2005 2:06,4.99,NULL
6019,11-07-2005 2:08,9,763,11-07-2005 2:08,4.99,NULL
6020,11-07-2005 2:08,71,430,11-07-2005 2:08,0.99,NULL
6021,11-07-2005 2:10,173,861,11-07-2005 2:10,4.99,NULL
6022,11-07-2005 2:15,469,531,11-07-2005 2:15,0.99,NULL
6023,11-07-2005 2:15,456,831,11-07-2005 2:15,0.99,NULL
6024,11-07-2005 2:16,271,643,11-07-2005 2:16,2.99,1
6025,11-07-2005 2:18,113,728,11-07-2005 2:18,0.99,NULL
6026,11-07-2005 2:21,409,858,11-07-2005 2:21,4.99,NULL
6027,11-07-2005 2:26,513,990,11-07-2005 2:26,4.99,NULL
6028,11-07-2005 2:31,450,172,11-07-2005 2:31,4.99,NULL
6029,11-07-2005 2:36,520,442,11-07-2005 2:36,2.99,1
6030,11-07-2005 2:37,36,19,11-07-2005 2:37,0.99,0.5
6031,11-07-2005 2:42,224,334,11-07-2005 2:42,4.99,1
6032,11-07-2005 2:49,28,830,11-07-2005 2:49,0.99,1
6033,11-07-2005 2:59,322,619,11-07-2005 2:59,2.99,NULL
6034,11-07-2005 3:00,324,378,11-07-2005 3:00,2.99,1
6035,11-07-2005 3:01,176,761,11-07-2005 3:01,2.99,NULL
6036,11-07-2005 3:02,297,559,11-07-2005 3:02,2.99,1
6037,11-07-2005 3:06,386,411,11-07-2005 3:06,4.99,NULL
6038,11-07-2005 3:10,243,341,11-07-2005 3:10,3.99,NULL
6039,11-07-2005 3:12,137,385,11-07-2005 3:12,6.99,NULL
6040,11-07-2005 3:14,511,467,11-07-2005 3:14,0.99,1
6041,11-07-2005 3:14,551,618,11-07-2005 3:14,0.99,1
6042,11-07-2005 3:17,5,465,11-07-2005 3:17,8.99,NULL
6043,11-07-2005 3:18,430,727,11-07-2005 3:18,0.99,1
6044,11-07-2005 3:18,481,281,11-07-2005 3:18,0.99,NULL
6045,11-07-2005 3:21,39,436,11-07-2005 3:21,2.99,1
6046,11-07-2005 3:21,569,420,11-07-2005 3:21,5.99,1
6047,11-07-2005 3:27,235,901,11-07-2005 3:27,2.99,NULL
6048,11-07-2005 3:32,154,218,11-07-2005 3:32,0.99,1
6049,11-07-2005 3:32,236,566,11-07-2005 3:32,0.99,NULL
6050,11-07-2005 3:34,527,181,11-07-2005 3:34,2.99,NULL
6051,11-07-2005 3:46,435,587,11-07-2005 3:46,4.99,1
6052,11-07-2005 3:51,75,194,11-07-2005 3:51,0.99,NULL
6053,11-07-2005 3:51,237,622,11-07-2005 3:51,4.99,NULL
6054,11-07-2005 3:58,354,261,11-07-2005 3:58,0.99,1
6055,11-07-2005 3:59,125,130,11-07-2005 3:59,0.99,NULL
6056,11-07-2005 4:01,145,675,11-07-2005 4:01,2.99,NULL
6057,11-07-2005 4:03,187,295,11-07-2005 4:03,3.99,NULL
6058,11-07-2005 4:03,498,823,11-07-2005 4:03,2.99,NULL
6059,11-07-2005 4:03,394,314,11-07-2005 4:03,4.99,NULL
6060,11-07-2005 4:06,342,691,11-07-2005 4:06,4.99,1
6061,11-07-2005 4:06,392,406,11-07-2005 4:06,0.99,NULL
6062,11-07-2005 4:11,408,727,11-07-2005 4:11,0.99,NULL
6063,11-07-2005 4:16,519,374,11-07-2005 4:16,0.99,0.5
6064,11-07-2005 4:23,297,59,11-07-2005 4:23,6.99,1
6065,11-07-2005 4:25,562,226,11-07-2005 4:25,6.99,NULL
6066,11-07-2005 4:32,155,409,11-07-2005 4:32,5.99,NULL
6067,11-07-2005 4:34,186,455,11-07-2005 4:34,4.99,1
6068,11-07-2005 4:41,265,506,11-07-2005 4:41,4.99,NULL
6069,11-07-2005 4:44,553,57,11-07-2005 4:44,2.99,NULL
6070,11-07-2005 4:47,267,366,11-07-2005 4:47,0.99,1
6071,11-07-2005 4:50,179,199,11-07-2005 4:50,6.99,1
6072,11-07-2005 4:52,339,389,11-07-2005 4:52,6.99,1
6073,11-07-2005 4:54,466,922,11-07-2005 4:54,6.99,1
6074,11-07-2005 4:59,259,631,11-07-2005 4:59,0.99,1
6075,11-07-2005 5:03,283,467,11-07-2005 5:03,0.99,1
6076,11-07-2005 5:05,143,389,11-07-2005 5:05,6.99,0.5
6077,11-07-2005 5:06,542,465,11-07-2005 5:06,5.99,NULL
6078,11-07-2005 5:06,91,869,11-07-2005 5:06,4.99,NULL
6079,11-07-2005 5:07,119,327,11-07-2005 5:07,7.99,0.5
6080,11-07-2005 5:08,115,589,11-07-2005 5:08,2.99,NULL
6081,11-07-2005 5:11,72,494,11-07-2005 5:11,0.99,NULL
6082,11-07-2005 5:12,82,243,11-07-2005 5:12,6.99,NULL
6083,11-07-2005 5:12,285,698,11-07-2005 5:12,3.99,0.5
6084,11-07-2005 5:16,479,294,11-07-2005 5:16,7.99,NULL
6085,11-07-2005 5:24,155,70,11-07-2005 5:24,4.99,NULL
6086,11-07-2005 5:29,420,329,11-07-2005 5:29,3.99,NULL
6087,11-07-2005 5:29,155,44,11-07-2005 5:29,4.99,NULL
6088,11-07-2005 5:40,498,831,11-07-2005 5:40,1.99,NULL
6089,11-07-2005 5:45,580,726,11-07-2005 5:45,2.99,NULL
6090,11-07-2005 5:47,241,15,11-07-2005 5:47,6.99,1
6091,11-07-2005 5:49,383,127,11-07-2005 5:49,4.99,NULL
6092,11-07-2005 5:51,75,461,11-07-2005 5:51,3.99,NULL
6093,11-07-2005 5:52,117,408,11-07-2005 5:52,9.99,1
6094,11-07-2005 5:54,285,589,11-07-2005 5:54,4.99,0.5
6095,11-07-2005 6:06,501,159,11-07-2005 6:06,7.99,NULL
6096,11-07-2005 6:18,420,596,11-07-2005 6:18,4.99,NULL
6097,11-07-2005 6:21,416,67,11-07-2005 6:21,2.99,NULL
6098,11-07-2005 6:23,525,662,11-07-2005 6:23,7.99,NULL
6099,11-07-2005 6:24,469,845,11-07-2005 6:24,4.99,NULL
6100,11-07-2005 6:40,16,764,11-07-2005 6:40,4.99,NULL
6101,11-07-2005 6:50,508,574,11-07-2005 6:50,4.99,1
6102,11-07-2005 6:53,146,938,11-07-2005 6:53,7.99,NULL
6103,11-07-2005 6:59,540,58,11-07-2005 6:59,2.99,NULL
6104,11-07-2005 7:01,389,773,11-07-2005 7:01,2.99,1
6105,11-07-2005 7:03,595,767,11-07-2005 7:03,6.99,1
6106,11-07-2005 7:05,185,595,11-07-2005 7:05,2.99,0.5
6107,11-07-2005 7:07,304,832,11-07-2005 7:07,0.99,NULL
6108,11-07-2005 7:19,572,936,11-07-2005 7:19,2.99,NULL
6109,11-07-2005 7:20,163,787,11-07-2005 7:20,0.99,0.5
6110,11-07-2005 7:23,405,118,11-07-2005 7:23,2.99,NULL
6111,11-07-2005 7:26,300,767,11-07-2005 7:26,4.99,1
6112,11-07-2005 7:28,366,289,11-07-2005 7:28,6.99,0.5
6113,11-07-2005 7:31,115,970,11-07-2005 7:31,2.99,NULL
6114,11-07-2005 7:33,404,105,11-07-2005 7:33,1.99,0.5
6115,11-07-2005 7:36,27,748,11-07-2005 7:36,0.99,NULL
6116,11-07-2005 7:37,381,55,11-07-2005 7:37,2.99,NULL
6117,11-07-2005 7:39,135,573,11-07-2005 7:39,3.99,1
6118,11-07-2005 7:43,13,661,11-07-2005 7:43,8.99,0.5
6119,11-07-2005 7:44,472,932,11-07-2005 7:44,6.99,1
6120,11-07-2005 7:49,268,726,11-07-2005 7:49,3.99,1
6121,11-07-2005 7:55,347,352,11-07-2005 7:55,1.99,NULL
6122,11-07-2005 7:58,32,478,11-07-2005 7:58,3.99,1
6123,11-07-2005 8:02,200,299,11-07-2005 8:02,0.99,NULL
6124,11-07-2005 8:02,368,439,11-07-2005 8:02,4.99,0.5
6125,11-07-2005 8:03,307,532,11-07-2005 8:03,6.99,1
6126,11-07-2005 8:06,230,239,11-07-2005 8:06,4.99,NULL
6127,11-07-2005 8:06,355,64,11-07-2005 8:06,0.99,0.5
6128,11-07-2005 8:15,18,445,11-07-2005 8:15,2.99,NULL
6129,11-07-2005 8:15,222,847,11-07-2005 8:15,2.99,1
6130,11-07-2005 8:19,538,559,11-07-2005 8:19,2.99,1
6131,11-07-2005 8:22,107,729,11-07-2005 8:22,2.99,NULL
6132,11-07-2005 8:24,319,709,11-07-2005 8:24,2.99,NULL
6133,11-07-2005 8:25,107,434,11-07-2005 8:25,0.99,NULL
6134,11-07-2005 8:28,305,708,11-07-2005 8:28,7.99,NULL
6135,11-07-2005 8:32,325,182,11-07-2005 8:32,4.99,1
6136,11-07-2005 8:34,346,45,11-07-2005 8:34,4.99,1
6137,11-07-2005 8:34,67,442,11-07-2005 8:34,2.99,1
6138,11-07-2005 8:36,438,392,11-07-2005 8:36,4.99,NULL
6139,11-07-2005 8:39,206,673,11-07-2005 8:39,3.99,1
6140,11-07-2005 8:40,363,603,11-07-2005 8:40,4.99,NULL
6141,11-07-2005 8:52,228,493,11-07-2005 8:52,1.99,NULL
6142,11-07-2005 8:54,136,376,11-07-2005 8:54,3.99,1
6143,11-07-2005 9:02,169,231,11-07-2005 9:02,3.99,1
6144,11-07-2005 9:02,554,240,11-07-2005 9:02,2.99,1
6145,11-07-2005 9:07,540,300,11-07-2005 9:07,7.99,NULL
6146,11-07-2005 9:09,11,740,11-07-2005 9:09,6.99,0.5
6147,11-07-2005 9:13,35,202,11-07-2005 9:13,5.99,NULL
6148,11-07-2005 9:14,410,941,11-07-2005 9:14,4.99,NULL
6149,11-07-2005 9:19,26,945,11-07-2005 9:19,1.99,NULL
6150,11-07-2005 9:23,418,246,11-07-2005 9:23,4.99,NULL
6151,11-07-2005 9:25,476,78,11-07-2005 9:25,2.99,NULL
6152,11-07-2005 9:25,361,122,11-07-2005 9:25,0.99,NULL
6153,11-07-2005 9:31,47,21,11-07-2005 9:31,9.99,1
6154,11-07-2005 9:32,368,596,11-07-2005 9:32,5.99,0.5
6155,11-07-2005 9:45,229,172,11-07-2005 9:45,4.99,1
6156,11-07-2005 9:45,297,68,11-07-2005 9:45,4.99,1
6157,11-07-2005 9:48,133,979,11-07-2005 9:48,4.99,NULL
6158,11-07-2005 9:50,92,862,11-07-2005 9:50,0.99,1
6159,11-07-2005 9:55,225,25,11-07-2005 9:55,2.99,1
6160,11-07-2005 10:08,110,596,11-07-2005 10:08,4.99,1
6161,11-07-2005 10:11,524,805,11-07-2005 10:11,4.99,NULL
6162,11-07-2005 10:12,79,172,11-07-2005 10:12,5.99,0.5
6163,11-07-2005 10:13,1,294,11-07-2005 10:13,7.99,0.5
6164,11-07-2005 10:16,47,604,11-07-2005 10:16,0.99,1
6165,11-07-2005 10:17,9,774,11-07-2005 10:17,5.99,NULL
6166,11-07-2005 10:19,503,215,11-07-2005 10:19,4.99,0.5
6167,11-07-2005 10:21,200,716,11-07-2005 10:21,2.99,NULL
6168,11-07-2005 10:21,77,64,11-07-2005 10:21,0.99,1
6169,11-07-2005 10:25,148,610,11-07-2005 10:25,1.99,NULL
6170,11-07-2005 10:29,580,62,11-07-2005 10:29,2.99,NULL
6171,11-07-2005 10:29,491,99,11-07-2005 10:29,2.99,0.5
6172,11-07-2005 10:32,219,769,11-07-2005 10:32,4.99,NULL
6173,11-07-2005 10:33,419,924,11-07-2005 10:33,0.99,1
6174,11-07-2005 10:36,7,687,11-07-2005 10:36,1.99,NULL
6175,11-07-2005 10:44,195,666,11-07-2005 10:44,4.99,NULL
6176,11-07-2005 10:48,279,650,11-07-2005 10:48,0.99,0.5
6177,11-07-2005 10:53,589,70,11-07-2005 10:53,4.99,NULL
6178,11-07-2005 10:59,91,609,11-07-2005 10:59,2.99,NULL
6179,11-07-2005 10:59,42,800,11-07-2005 10:59,2.99,NULL
6180,11-07-2005 11:06,351,962,11-07-2005 11:06,3.99,1
6181,11-07-2005 11:10,200,961,11-07-2005 11:10,4.99,NULL
6182,11-07-2005 11:11,540,561,11-07-2005 11:11,2.99,NULL
6183,11-07-2005 11:14,402,188,11-07-2005 11:14,2.99,NULL
6184,11-07-2005 11:19,146,251,11-07-2005 11:19,6.99,NULL
6185,11-07-2005 11:25,294,944,11-07-2005 11:25,5.99,NULL
6186,11-07-2005 11:26,128,452,11-07-2005 11:26,2.99,NULL
6187,11-07-2005 11:28,500,735,11-07-2005 11:28,2.99,NULL
6188,11-07-2005 11:31,114,43,11-07-2005 11:31,2.99,NULL
6189,11-07-2005 11:36,552,832,11-07-2005 11:36,4.99,1
6190,11-07-2005 11:36,321,562,11-07-2005 11:36,2.99,NULL
6191,11-07-2005 11:37,480,756,11-07-2005 11:37,2.99,0.5
6192,11-07-2005 11:44,314,999,11-07-2005 11:44,5.99,1
6193,11-07-2005 11:46,189,103,11-07-2005 11:46,5.99,NULL
6194,11-07-2005 11:51,83,234,11-07-2005 11:51,2.99,NULL
6195,11-07-2005 12:00,319,912,11-07-2005 12:00,4.99,NULL
6196,11-07-2005 12:05,429,222,11-07-2005 12:05,7.99,0.5
6197,11-07-2005 12:09,596,902,11-07-2005 12:09,4.99,NULL
6198,11-07-2005 12:12,470,735,11-07-2005 12:12,2.99,NULL
6199,11-07-2005 12:16,80,944,11-07-2005 12:16,5.99,NULL
6200,11-07-2005 12:16,137,717,11-07-2005 12:16,0.99,NULL
6201,11-07-2005 12:18,559,989,11-07-2005 12:18,4.99,0.5
6202,11-07-2005 12:24,373,311,11-07-2005 12:24,3.99,NULL
6203,11-07-2005 12:28,408,224,11-07-2005 12:28,4.99,NULL
6204,11-07-2005 12:29,362,563,11-07-2005 12:29,4.99,1
6205,11-07-2005 12:31,303,755,11-07-2005 12:31,4.99,NULL
6206,11-07-2005 12:32,459,301,11-07-2005 12:32,0.99,0.5
6207,11-07-2005 12:34,143,708,11-07-2005 12:34,4.99,0.5
6208,11-07-2005 12:34,31,147,11-07-2005 12:34,3.99,1
6209,11-07-2005 12:36,219,679,11-07-2005 12:36,2.99,NULL
6210,11-07-2005 12:36,209,206,11-07-2005 12:36,0.99,1
6211,11-07-2005 12:39,6,592,11-07-2005 12:39,5.99,NULL
6212,11-07-2005 12:40,337,863,11-07-2005 12:40,0.99,0.5
6213,11-07-2005 12:43,23,109,11-07-2005 12:43,2.99,NULL
6214,11-07-2005 12:49,49,279,11-07-2005 12:49,4.99,NULL
6215,11-07-2005 12:52,390,71,11-07-2005 12:52,4.99,NULL
6216,11-07-2005 12:57,387,781,11-07-2005 12:57,4.99,NULL
6217,11-07-2005 13:13,177,243,11-07-2005 13:13,9.99,NULL
6218,11-07-2005 13:14,410,177,11-07-2005 13:14,5.99,NULL
6219,11-07-2005 13:18,303,8,11-07-2005 13:18,4.99,NULL
6220,11-07-2005 13:22,421,374,11-07-2005 13:22,0.99,1
6221,11-07-2005 13:24,393,370,11-07-2005 13:24,2.99,1
6222,11-07-2005 13:25,386,448,11-07-2005 13:25,2.99,NULL
6223,11-07-2005 13:27,192,821,11-07-2005 13:27,0.99,1
6224,11-07-2005 13:42,475,721,11-07-2005 13:42,4.99,NULL
6225,11-07-2005 13:45,204,544,11-07-2005 13:45,2.99,0.5
6226,11-07-2005 13:48,134,605,11-07-2005 13:48,2.99,0.5
6227,11-07-2005 13:56,210,361,11-07-2005 13:56,4.99,NULL
6228,11-07-2005 13:58,367,494,11-07-2005 13:58,2.99,1
6229,11-07-2005 13:59,399,689,11-07-2005 13:59,6.99,NULL
6230,11-07-2005 14:02,490,489,11-07-2005 14:02,2.99,NULL
6231,11-07-2005 14:02,122,555,11-07-2005 14:02,0.99,NULL
6232,11-07-2005 14:08,590,546,11-07-2005 14:08,4.99,NULL
6233,11-07-2005 14:10,378,816,11-07-2005 14:10,1.99,1
6234,11-07-2005 14:16,232,639,11-07-2005 14:16,5.99,NULL
6235,11-07-2005 14:17,379,583,11-07-2005 14:17,7.99,1
6236,11-07-2005 14:18,338,835,11-07-2005 14:18,2.99,NULL
6237,11-07-2005 14:19,166,479,11-07-2005 14:19,0.99,NULL
6238,11-07-2005 14:20,23,820,11-07-2005 14:20,2.99,NULL
6239,11-07-2005 14:20,132,893,11-07-2005 14:20,6.99,NULL
6240,11-07-2005 14:32,524,139,11-07-2005 14:32,6.99,NULL
6241,11-07-2005 14:40,74,972,11-07-2005 14:40,7.99,1
6242,11-07-2005 14:45,245,146,11-07-2005 14:45,2.99,NULL
6243,11-07-2005 14:53,26,758,11-07-2005 14:53,2.99,NULL
6244,11-07-2005 14:53,383,341,11-07-2005 14:53,0.99,NULL
6245,11-07-2005 14:56,241,114,11-07-2005 14:56,2.99,1
6246,11-07-2005 14:57,172,518,11-07-2005 14:57,7.99,0.5
6247,11-07-2005 15:00,589,550,11-07-2005 15:00,3.99,NULL
6248,11-07-2005 15:01,6,590,11-07-2005 15:01,7.99,NULL
6249,11-07-2005 15:02,30,945,11-07-2005 15:02,0.99,NULL
6250,11-07-2005 15:02,458,891,11-07-2005 15:02,3.99,NULL
6251,11-07-2005 15:06,230,863,11-07-2005 15:06,2.99,NULL
6252,11-07-2005 15:06,295,285,11-07-2005 15:06,2.99,1
6253,11-07-2005 15:07,570,312,11-07-2005 15:07,4.99,NULL
6254,11-07-2005 15:10,20,443,11-07-2005 15:10,2.99,NULL
6255,11-07-2005 15:11,319,320,11-07-2005 15:11,4.99,NULL
6256,11-07-2005 15:19,307,105,11-07-2005 15:19,0.99,1
6257,11-07-2005 15:23,492,716,11-07-2005 15:23,2.99,1
6258,11-07-2005 15:24,417,137,11-07-2005 15:24,6.99,NULL
6259,11-07-2005 15:25,84,660,11-07-2005 15:25,2.99,NULL
6260,11-07-2005 15:26,454,938,11-07-2005 15:26,4.99,NULL
6261,11-07-2005 15:28,386,152,11-07-2005 15:28,2.99,NULL
6262,11-07-2005 15:33,355,898,11-07-2005 15:33,6.99,0.5
6263,11-07-2005 15:33,336,521,11-07-2005 15:33,4.99,1
6264,11-07-2005 15:42,565,923,11-07-2005 15:42,2.99,NULL
6265,11-07-2005 15:43,477,857,11-07-2005 15:43,2.99,NULL
6266,11-07-2005 15:45,397,209,11-07-2005 15:45,2.99,1
6267,11-07-2005 15:53,20,465,11-07-2005 15:53,6.99,NULL
6268,11-07-2005 15:55,125,255,11-07-2005 15:55,6.99,NULL
6269,11-07-2005 15:58,167,854,11-07-2005 15:58,4.99,1
6270,11-07-2005 15:59,292,501,11-07-2005 15:59,8.99,NULL
6271,11-07-2005 16:01,467,275,11-07-2005 16:01,6.99,NULL
6272,11-07-2005 16:03,240,681,11-07-2005 16:03,0.99,0.5
6273,11-07-2005 16:08,152,525,11-07-2005 16:08,0.99,1
6274,11-07-2005 16:09,472,657,11-07-2005 16:09,5.99,1
6275,11-07-2005 16:12,333,786,11-07-2005 16:12,0.99,NULL
6276,11-07-2005 16:15,284,397,11-07-2005 16:15,5.99,NULL
6277,11-07-2005 16:19,92,876,11-07-2005 16:19,6.99,1
6278,11-07-2005 16:20,558,483,11-07-2005 16:20,7.99,NULL
6279,11-07-2005 16:26,49,277,11-07-2005 16:26,6.99,NULL
6280,11-07-2005 16:36,33,882,11-07-2005 16:36,0.99,NULL
6281,11-07-2005 16:38,236,183,11-07-2005 16:38,4.99,NULL
6282,11-07-2005 16:46,60,973,11-07-2005 16:46,5.99,1
6283,11-07-2005 16:47,402,730,11-07-2005 16:47,3.99,NULL
6284,11-07-2005 16:51,177,645,11-07-2005 16:51,2.99,NULL
6285,11-07-2005 16:52,444,463,11-07-2005 16:52,2.99,NULL
6286,11-07-2005 16:55,140,239,11-07-2005 16:55,4.99,NULL
6287,11-07-2005 17:00,93,7,11-07-2005 17:00,4.99,1
6288,11-07-2005 17:01,357,710,11-07-2005 17:01,8.99,NULL
6289,11-07-2005 17:06,99,698,11-07-2005 17:06,2.99,NULL
6290,11-07-2005 17:12,66,578,11-07-2005 17:12,8.99,NULL
6291,11-07-2005 17:16,262,687,11-07-2005 17:16,0.99,NULL
6292,11-07-2005 17:23,505,956,11-07-2005 17:23,4.99,NULL
6293,11-07-2005 17:24,471,926,11-07-2005 17:24,2.99,NULL
6294,11-07-2005 17:25,463,377,11-07-2005 17:25,0.99,NULL
6295,11-07-2005 17:30,7,305,11-07-2005 17:30,2.99,NULL
6296,11-07-2005 17:34,484,914,11-07-2005 17:34,2.99,1
6297,11-07-2005 17:37,69,601,11-07-2005 17:37,4.99,NULL
6298,11-07-2005 17:42,256,852,11-07-2005 17:42,0.99,NULL
6299,11-07-2005 17:45,324,897,11-07-2005 17:45,4.99,1
6300,11-07-2005 17:50,283,281,11-07-2005 17:50,1.99,1
6301,11-07-2005 17:54,275,772,11-07-2005 17:54,5.99,NULL
6302,11-07-2005 17:55,391,707,11-07-2005 17:55,3.99,0.5
6303,11-07-2005 17:55,236,185,11-07-2005 17:55,2.99,NULL
6304,11-07-2005 18:02,579,911,11-07-2005 18:02,4.99,NULL
6305,11-07-2005 18:02,337,338,11-07-2005 18:02,7.99,0.5
6306,11-07-2005 18:04,208,109,11-07-2005 18:04,6.99,1
6307,11-07-2005 18:04,345,878,11-07-2005 18:04,7.99,NULL
6308,11-07-2005 18:08,472,693,11-07-2005 18:08,5.99,1
6309,11-07-2005 18:13,232,234,11-07-2005 18:13,2.99,NULL
6310,11-07-2005 18:14,537,673,11-07-2005 18:14,2.99,NULL
6311,11-07-2005 18:18,373,388,11-07-2005 18:18,0.99,NULL
6312,11-07-2005 18:19,417,473,11-07-2005 18:19,4.99,NULL
6313,11-07-2005 18:29,283,652,11-07-2005 18:29,0.99,1
6314,11-07-2005 18:32,55,897,11-07-2005 18:32,7.99,1
6315,11-07-2005 18:42,374,132,11-07-2005 18:42,0.99,1
6316,11-07-2005 18:44,526,415,11-07-2005 18:44,7.99,NULL
6317,11-07-2005 18:47,225,914,11-07-2005 18:47,2.99,1
6318,11-07-2005 18:48,425,445,11-07-2005 18:48,2.99,NULL
6319,11-07-2005 18:50,233,818,11-07-2005 18:50,4.99,0.5
6320,11-07-2005 18:50,511,97,11-07-2005 18:50,0.99,1
6321,11-07-2005 18:51,388,582,11-07-2005 18:51,2.99,NULL
6322,11-07-2005 18:58,403,895,11-07-2005 18:58,2.99,1
6323,11-07-2005 19:02,346,298,11-07-2005 19:02,2.99,1
6324,11-07-2005 19:02,386,142,11-07-2005 19:02,3.99,NULL
6325,11-07-2005 19:06,542,994,11-07-2005 19:06,5.99,NULL
6326,11-07-2005 19:06,563,462,11-07-2005 19:06,2.99,NULL
6327,11-07-2005 19:07,146,202,11-07-2005 19:07,4.99,NULL
6328,11-07-2005 19:09,260,223,11-07-2005 19:09,2.99,1
6329,11-07-2005 19:10,352,606,11-07-2005 19:10,5.99,NULL
6330,11-07-2005 19:15,119,855,11-07-2005 19:15,0.99,0.5
6331,11-07-2005 19:17,295,299,11-07-2005 19:17,3.99,1
6332,11-07-2005 19:19,538,377,11-07-2005 19:19,0.99,1
6333,11-07-2005 19:20,285,572,11-07-2005 19:20,4.99,0.5
6334,11-07-2005 19:20,168,211,11-07-2005 19:20,5.99,1
6335,11-07-2005 19:25,396,605,11-07-2005 19:25,2.99,0.5
6336,11-07-2005 19:30,471,272,11-07-2005 19:30,8.99,NULL
6337,11-07-2005 19:30,47,864,11-07-2005 19:30,3.99,1
6338,11-07-2005 19:39,54,369,11-07-2005 19:39,7.99,0.5
6339,11-07-2005 19:45,145,524,11-07-2005 19:45,1.99,NULL
6340,11-07-2005 19:46,264,518,11-07-2005 19:46,8.99,0.5
6341,11-07-2005 19:48,448,783,11-07-2005 19:48,2.99,NULL
6342,11-07-2005 19:48,403,403,11-07-2005 19:48,4.99,1
6343,11-07-2005 19:51,147,114,11-07-2005 19:51,0.99,0.5
6344,11-07-2005 20:04,78,676,11-07-2005 20:04,4.99,1
6345,11-07-2005 20:05,532,944,11-07-2005 20:05,7.99,1
6346,11-07-2005 20:08,445,886,11-07-2005 20:08,0.99,NULL
6347,11-07-2005 20:18,178,694,11-07-2005 20:18,4.99,1
6348,11-07-2005 20:21,66,4,11-07-2005 20:21,5.99,NULL
6349,11-07-2005 20:25,216,347,11-07-2005 20:25,7.99,1
6350,11-07-2005 20:30,225,625,11-07-2005 20:30,2.99,1
6351,11-07-2005 20:31,507,403,11-07-2005 20:31,6.99,0.5
6352,11-07-2005 20:34,235,253,11-07-2005 20:34,4.99,NULL
6353,11-07-2005 20:48,130,153,11-07-2005 20:48,3.99,1
6354,11-07-2005 20:54,176,704,11-07-2005 20:54,6.99,NULL
6355,11-07-2005 20:56,482,542,11-07-2005 20:56,8.99,NULL
6356,11-07-2005 20:57,149,580,11-07-2005 20:57,4.99,NULL
6357,11-07-2005 20:58,252,142,11-07-2005 20:58,0.99,NULL
6358,11-07-2005 21:03,567,988,11-07-2005 21:03,2.99,1
6359,11-07-2005 21:06,30,361,11-07-2005 21:06,2.99,NULL
6360,11-07-2005 21:07,338,676,11-07-2005 21:07,4.99,NULL
6361,11-07-2005 21:09,561,638,11-07-2005 21:09,2.99,NULL
6362,11-07-2005 21:09,358,926,11-07-2005 21:09,2.99,1
6363,11-07-2005 21:13,344,906,11-07-2005 21:13,5.99,NULL
6364,11-07-2005 21:14,160,901,11-07-2005 21:14,6.99,1
6365,11-07-2005 21:17,566,993,11-07-2005 21:17,2.99,0.5
6366,11-07-2005 21:18,366,869,11-07-2005 21:18,4.99,0.5
6367,11-07-2005 21:18,357,320,11-07-2005 21:18,4.99,NULL
6368,11-07-2005 21:19,588,803,11-07-2005 21:19,4.99,1
6369,11-07-2005 21:23,252,242,11-07-2005 21:23,0.99,NULL
6370,11-07-2005 21:28,99,309,11-07-2005 21:28,3.99,NULL
6371,11-07-2005 21:31,265,936,11-07-2005 21:31,4.99,NULL
6372,11-07-2005 21:35,64,162,11-07-2005 21:35,2.99,1
6373,11-07-2005 21:35,115,233,11-07-2005 21:35,0.99,NULL
6374,11-07-2005 21:36,244,59,11-07-2005 21:36,4.99,NULL
6375,11-07-2005 21:39,8,421,11-07-2005 21:39,4.99,NULL
6376,11-07-2005 21:40,263,398,11-07-2005 21:40,4.99,NULL
6377,11-07-2005 21:41,118,875,11-07-2005 21:41,0.99,NULL
6378,11-07-2005 21:45,145,696,11-07-2005 21:45,0.99,NULL
6379,11-07-2005 21:51,287,115,11-07-2005 21:51,3.99,1
6380,11-07-2005 21:55,172,741,11-07-2005 21:55,0.99,0.5
6381,11-07-2005 21:58,340,567,11-07-2005 21:58,4.99,1
6382,11-07-2005 21:58,336,708,11-07-2005 21:58,6.99,1
6383,11-07-2005 22:06,486,930,11-07-2005 22:06,4.99,NULL
6384,11-07-2005 22:07,313,109,11-07-2005 22:07,2.99,1
6385,11-07-2005 22:07,69,397,11-07-2005 22:07,6.99,NULL
6386,11-07-2005 22:14,593,138,11-07-2005 22:14,2.99,NULL
6387,11-07-2005 22:15,384,376,11-07-2005 22:15,0.99,1
6388,11-07-2005 22:17,525,767,11-07-2005 22:17,6.99,NULL
6389,11-07-2005 22:18,274,490,11-07-2005 22:18,3.99,1
6390,11-07-2005 22:19,77,672,11-07-2005 22:19,2.99,1
6391,11-07-2005 22:23,264,379,11-07-2005 22:23,0.99,0.5
6392,11-07-2005 22:25,468,963,11-07-2005 22:25,0.99,1
6393,11-07-2005 22:28,164,833,11-07-2005 22:28,0.99,0.5
6394,11-07-2005 22:29,52,563,11-07-2005 22:29,7.99,NULL
6395,11-07-2005 22:29,264,672,11-07-2005 22:29,2.99,0.5
6396,11-07-2005 22:31,507,523,11-07-2005 22:31,1.99,0.5
6397,11-07-2005 22:34,287,529,11-07-2005 22:34,2.99,1
6398,11-07-2005 22:34,296,308,11-07-2005 22:34,5.99,1
6399,11-07-2005 22:39,288,442,11-07-2005 22:39,2.99,NULL
6400,11-07-2005 22:43,536,724,11-07-2005 22:43,5.99,NULL
6401,11-07-2005 22:44,35,312,11-07-2005 22:44,4.99,NULL
6402,11-07-2005 22:46,66,564,11-07-2005 22:46,3.99,NULL
6403,11-07-2005 22:46,238,228,11-07-2005 22:46,0.99,1
6404,11-07-2005 22:49,526,263,11-07-2005 22:49,4.99,NULL
6405,11-07-2005 22:53,357,868,11-07-2005 22:53,2.99,NULL
6406,11-07-2005 22:55,392,970,11-07-2005 22:55,2.99,NULL
6407,11-07-2005 23:02,140,169,11-07-2005 23:02,9.99,NULL
6408,11-07-2005 23:03,350,437,11-07-2005 23:03,3.99,1
6409,11-07-2005 23:05,537,845,11-07-2005 23:05,4.99,NULL
6410,11-07-2005 23:08,560,250,11-07-2005 23:08,4.99,NULL
6411,11-07-2005 23:10,124,948,11-07-2005 23:10,2.99,0.5
6412,11-07-2005 23:19,220,832,11-07-2005 23:19,0.99,NULL
6413,11-07-2005 23:26,251,972,11-07-2005 23:26,6.99,NULL
6414,11-07-2005 23:26,502,177,11-07-2005 23:26,7.99,1
6415,11-07-2005 23:27,84,908,11-07-2005 23:27,9.99,NULL
6416,11-07-2005 23:29,158,236,11-07-2005 23:29,2.99,NULL
6417,11-07-2005 23:35,80,667,11-07-2005 23:35,6.99,NULL
6418,11-07-2005 23:36,185,681,11-07-2005 23:36,1.99,0.5
6419,11-07-2005 23:36,311,805,11-07-2005 23:36,4.99,1
6420,11-07-2005 23:38,206,971,11-07-2005 23:38,6.99,1
6421,11-07-2005 23:45,479,978,11-07-2005 23:45,1.99,NULL
6422,11-07-2005 23:46,257,166,11-07-2005 23:46,5.99,NULL
6423,11-07-2005 23:47,427,199,11-07-2005 23:47,6.99,1
6424,11-07-2005 23:49,359,667,11-07-2005 23:49,9.99,NULL
6425,11-07-2005 23:54,339,545,11-07-2005 23:54,0.99,1
6426,11-07-2005 23:56,495,111,11-07-2005 23:56,7.99,1
6427,11-07-2005 23:57,122,233,11-07-2005 23:57,0.99,NULL
6428,12-07-2005 0:01,187,951,12-07-2005 0:01,2.99,NULL
6429,12-07-2005 0:02,342,28,12-07-2005 0:02,8.99,1
6430,12-07-2005 0:03,390,39,12-07-2005 0:03,0.99,NULL
6431,12-07-2005 0:03,458,760,12-07-2005 0:03,5.99,NULL
6432,12-07-2005 0:09,293,216,12-07-2005 0:09,9.99,NULL
6433,12-07-2005 0:12,101,299,12-07-2005 0:12,5.99,NULL
6434,12-07-2005 0:14,102,323,12-07-2005 0:14,5.99,NULL
6435,12-07-2005 0:16,561,427,12-07-2005 0:16,0.99,NULL
6436,12-07-2005 0:18,122,822,12-07-2005 0:18,0.99,NULL
6437,12-07-2005 0:20,355,991,12-07-2005 0:20,2.99,0.5
6438,12-07-2005 0:23,211,91,12-07-2005 0:23,0.99,1
6439,12-07-2005 0:23,406,759,12-07-2005 0:23,2.99,NULL
6440,12-07-2005 0:25,269,464,12-07-2005 0:25,2.99,NULL
6441,12-07-2005 0:27,505,545,12-07-2005 0:27,0.99,NULL
6442,12-07-2005 0:29,360,282,12-07-2005 0:29,0.99,NULL
6443,12-07-2005 0:35,155,199,12-07-2005 0:35,2.99,NULL
6444,12-07-2005 0:36,168,479,12-07-2005 0:36,0.99,1
6445,12-07-2005 0:37,385,127,12-07-2005 0:37,4.99,0.5
6446,12-07-2005 0:44,473,793,12-07-2005 0:44,2.99,NULL
6447,12-07-2005 0:45,482,861,12-07-2005 0:45,7.99,NULL
6448,12-07-2005 0:45,160,585,12-07-2005 0:45,1.99,1
6449,12-07-2005 0:48,117,961,12-07-2005 0:48,6.99,1
6450,12-07-2005 0:49,32,526,12-07-2005 0:49,2.99,1
6451,12-07-2005 0:52,381,226,12-07-2005 0:52,4.99,NULL
6452,12-07-2005 0:57,388,22,12-07-2005 0:57,2.99,NULL
6453,12-07-2005 0:59,169,551,12-07-2005 0:59,4.99,1
6454,12-07-2005 1:00,446,877,12-07-2005 1:00,0.99,1
6455,12-07-2005 1:01,277,928,12-07-2005 1:01,2.99,NULL
6456,12-07-2005 1:05,387,57,12-07-2005 1:05,6.99,NULL
6457,12-07-2005 1:06,64,651,12-07-2005 1:06,0.99,1
6458,12-07-2005 1:08,138,616,12-07-2005 1:08,2.99,1
6459,12-07-2005 1:12,557,877,12-07-2005 1:12,0.99,NULL
6460,12-07-2005 1:13,371,525,12-07-2005 1:13,1.99,NULL
6461,12-07-2005 1:14,135,391,12-07-2005 1:14,3.99,1
6462,12-07-2005 1:15,414,989,12-07-2005 1:15,7.99,NULL
6463,12-07-2005 1:16,391,644,12-07-2005 1:16,2.99,0.5
6464,12-07-2005 1:16,303,681,12-07-2005 1:16,4.99,NULL
6465,12-07-2005 1:17,207,445,12-07-2005 1:17,5.99,NULL
6466,12-07-2005 1:21,235,739,12-07-2005 1:21,4.99,NULL
6467,12-07-2005 1:22,457,448,12-07-2005 1:22,7.99,NULL
6468,12-07-2005 1:27,541,995,12-07-2005 1:27,7.99,NULL
6469,12-07-2005 1:29,147,838,12-07-2005 1:29,4.99,0.5
6470,12-07-2005 1:29,240,366,12-07-2005 1:29,0.99,0.5
6471,12-07-2005 1:31,397,487,12-07-2005 1:31,4.99,1
6472,12-07-2005 1:33,183,827,12-07-2005 1:33,4.99,1
6473,12-07-2005 1:35,594,116,12-07-2005 1:35,6.99,1
6474,12-07-2005 1:36,43,69,12-07-2005 1:36,3.99,NULL
6475,12-07-2005 1:36,74,443,12-07-2005 1:36,2.99,1
6476,12-07-2005 1:37,28,218,12-07-2005 1:37,0.99,1
6477,12-07-2005 1:38,181,175,12-07-2005 1:38,4.99,NULL
6478,12-07-2005 1:41,483,568,12-07-2005 1:41,4.99,0.5
6479,12-07-2005 1:49,558,568,12-07-2005 1:49,9.99,NULL
6480,12-07-2005 1:49,309,676,12-07-2005 1:49,4.99,NULL
6481,12-07-2005 1:50,128,522,12-07-2005 1:50,6.99,NULL
6482,12-07-2005 1:50,57,898,12-07-2005 1:50,4.99,NULL
6483,12-07-2005 1:59,263,234,12-07-2005 1:59,2.99,NULL
6484,12-07-2005 2:04,556,891,12-07-2005 2:04,2.99,NULL
6485,12-07-2005 2:07,319,271,12-07-2005 2:07,6.99,NULL
6486,12-07-2005 2:09,75,873,12-07-2005 2:09,0.99,NULL
6487,12-07-2005 2:17,277,871,12-07-2005 2:17,5.99,NULL
6488,12-07-2005 2:20,169,865,12-07-2005 2:20,9.99,1
6489,12-07-2005 2:22,268,395,12-07-2005 2:22,1.99,1
6490,12-07-2005 2:28,548,486,12-07-2005 2:28,4.99,NULL
6491,12-07-2005 2:28,415,615,12-07-2005 2:28,5.99,NULL
6492,12-07-2005 2:28,590,103,12-07-2005 2:28,4.99,NULL
6493,12-07-2005 2:40,184,4,12-07-2005 2:40,2.99,NULL
6494,12-07-2005 2:42,57,249,12-07-2005 2:42,1.99,NULL
6495,12-07-2005 2:57,19,532,12-07-2005 2:57,4.99,NULL
6496,12-07-2005 2:57,139,776,12-07-2005 2:57,6.99,NULL
6497,12-07-2005 3:04,222,206,12-07-2005 3:04,0.99,1
6498,12-07-2005 3:05,48,55,12-07-2005 3:05,3.99,1
6499,12-07-2005 3:11,474,695,12-07-2005 3:11,7.99,NULL
6500,12-07-2005 3:11,577,987,12-07-2005 3:11,2.99,NULL
6501,12-07-2005 3:11,219,625,12-07-2005 3:11,1.99,NULL
6502,12-07-2005 3:15,40,358,12-07-2005 3:15,0.99,NULL
6503,12-07-2005 3:18,120,292,12-07-2005 3:18,0.99,NULL
6504,12-07-2005 3:19,535,829,12-07-2005 3:19,2.99,NULL
6505,12-07-2005 3:27,415,869,12-07-2005 3:27,3.99,NULL
6506,12-07-2005 3:28,423,85,12-07-2005 3:28,1.99,0.5
6507,12-07-2005 3:33,118,538,12-07-2005 3:33,1.99,NULL
6508,12-07-2005 3:34,597,322,12-07-2005 3:34,2.99,NULL
6509,12-07-2005 3:35,427,540,12-07-2005 3:35,2.99,1
6510,12-07-2005 3:35,446,201,12-07-2005 3:35,4.99,1
6511,12-07-2005 3:39,322,298,12-07-2005 3:39,3.99,NULL
6512,12-07-2005 3:42,68,371,12-07-2005 3:42,4.99,1
6513,12-07-2005 3:44,393,586,12-07-2005 3:44,0.99,1
6514,12-07-2005 3:47,73,778,12-07-2005 3:47,9.99,NULL
6515,12-07-2005 3:50,261,154,12-07-2005 3:50,2.99,NULL
6516,12-07-2005 3:51,291,190,12-07-2005 3:51,4.99,NULL
6517,12-07-2005 3:52,387,42,12-07-2005 3:52,5.99,NULL
6518,12-07-2005 3:59,288,592,12-07-2005 3:59,3.99,NULL
6519,12-07-2005 4:00,598,901,12-07-2005 4:00,4.99,NULL
6520,12-07-2005 4:05,270,336,12-07-2005 4:05,4.99,NULL
6521,12-07-2005 4:06,49,725,12-07-2005 4:06,7.99,NULL
6522,12-07-2005 4:11,142,855,12-07-2005 4:11,0.99,NULL
6523,12-07-2005 4:14,574,402,12-07-2005 4:14,2.99,0.5
6524,12-07-2005 4:14,376,321,12-07-2005 4:14,6.99,1
6525,12-07-2005 4:17,103,308,12-07-2005 4:17,5.99,NULL
6526,12-07-2005 4:21,225,374,12-07-2005 4:21,3.99,1
6527,12-07-2005 4:23,65,118,12-07-2005 4:23,0.99,NULL
6528,12-07-2005 4:29,598,837,12-07-2005 4:29,4.99,NULL
6529,12-07-2005 4:31,503,235,12-07-2005 4:31,2.99,0.5
6530,12-07-2005 4:33,75,747,12-07-2005 4:33,0.99,NULL
6531,12-07-2005 4:35,510,920,12-07-2005 4:35,1.99,1
6532,12-07-2005 4:38,225,514,12-07-2005 4:38,2.99,1
6533,12-07-2005 4:39,366,843,12-07-2005 4:39,6.99,0.5
6534,12-07-2005 4:39,577,513,12-07-2005 4:39,2.99,NULL
6535,12-07-2005 4:43,446,417,12-07-2005 4:43,0.99,1
6536,12-07-2005 4:44,289,771,12-07-2005 4:44,7.99,NULL
6537,12-07-2005 4:46,207,741,12-07-2005 4:46,0.99,NULL
6538,12-07-2005 4:50,529,433,12-07-2005 4:50,6.99,1
6539,12-07-2005 4:50,259,491,12-07-2005 4:50,3.99,1
6540,12-07-2005 4:51,156,207,12-07-2005 4:51,6.99,NULL
6541,12-07-2005 4:53,529,390,12-07-2005 4:53,5.99,1
6542,12-07-2005 4:53,359,528,12-07-2005 4:53,2.99,NULL
6543,12-07-2005 4:54,264,562,12-07-2005 4:54,0.99,0.5
6544,12-07-2005 4:56,97,270,12-07-2005 4:56,0.99,NULL
6545,12-07-2005 4:56,376,972,12-07-2005 4:56,8.99,1
6546,12-07-2005 4:57,105,86,12-07-2005 4:57,4.99,NULL
6547,12-07-2005 4:57,262,583,12-07-2005 4:57,7.99,NULL
6548,12-07-2005 5:00,488,544,12-07-2005 5:00,5.99,NULL
6549,12-07-2005 5:02,493,590,12-07-2005 5:02,7.99,0.5
6550,12-07-2005 5:03,112,471,12-07-2005 5:03,2.99,NULL
6551,12-07-2005 5:03,567,63,12-07-2005 5:03,0.99,1
6552,12-07-2005 5:05,493,167,12-07-2005 5:05,4.99,0.5
6553,12-07-2005 5:06,265,252,12-07-2005 5:06,5.99,NULL
6554,12-07-2005 5:07,178,601,12-07-2005 5:07,5.99,1
6555,12-07-2005 5:08,188,284,12-07-2005 5:08,4.99,NULL
6556,12-07-2005 5:10,570,851,12-07-2005 5:10,0.99,NULL
6557,12-07-2005 5:12,116,315,12-07-2005 5:12,4.99,NULL
6558,12-07-2005 5:16,164,474,12-07-2005 5:16,2.99,0.5
6559,12-07-2005 5:20,353,101,12-07-2005 5:20,1.99,NULL
6560,12-07-2005 5:22,54,96,12-07-2005 5:22,2.99,0.5
6561,12-07-2005 5:24,528,998,12-07-2005 5:24,0.99,NULL
6562,12-07-2005 5:26,27,865,12-07-2005 5:26,5.99,NULL
6563,12-07-2005 5:34,438,18,12-07-2005 5:34,3.99,NULL
6564,12-07-2005 5:34,210,504,12-07-2005 5:34,1.99,NULL
6565,12-07-2005 5:39,35,603,12-07-2005 5:39,4.99,NULL
6566,12-07-2005 5:42,178,396,12-07-2005 5:42,6.99,1
6567,12-07-2005 5:43,198,295,12-07-2005 5:43,4.99,NULL
6568,12-07-2005 5:45,13,914,12-07-2005 5:45,2.99,0.5
6569,12-07-2005 5:47,183,166,12-07-2005 5:47,4.99,1
6570,12-07-2005 5:50,217,451,12-07-2005 5:50,4.99,1
6571,12-07-2005 5:51,140,810,12-07-2005 5:51,0.99,NULL
6572,12-07-2005 5:56,35,686,12-07-2005 5:56,4.99,NULL
6573,12-07-2005 6:03,239,728,12-07-2005 6:03,0.99,NULL
6574,12-07-2005 6:04,115,135,12-07-2005 6:04,5.99,NULL
6575,12-07-2005 6:12,598,309,12-07-2005 6:12,0.99,NULL
6576,12-07-2005 6:13,362,75,12-07-2005 6:13,4.99,1
6577,12-07-2005 6:15,439,912,12-07-2005 6:15,2.99,NULL
6578,12-07-2005 6:15,229,501,12-07-2005 6:15,4.99,1
6580,12-07-2005 6:26,31,338,12-07-2005 6:26,4.99,1
6581,12-07-2005 6:26,468,460,12-07-2005 6:26,4.99,1
6582,12-07-2005 6:28,420,450,12-07-2005 6:28,4.99,NULL
6583,12-07-2005 6:42,462,510,12-07-2005 6:42,4.99,1
6584,12-07-2005 6:43,472,391,12-07-2005 6:43,2.99,1
6585,12-07-2005 6:50,136,448,12-07-2005 6:50,8.99,1
6586,12-07-2005 6:56,93,845,12-07-2005 6:56,4.99,1
6587,12-07-2005 6:56,419,54,12-07-2005 6:56,3.99,1
6588,12-07-2005 6:57,420,278,12-07-2005 6:57,4.99,NULL
6589,12-07-2005 7:06,424,349,12-07-2005 7:06,2.99,1
6590,12-07-2005 7:08,442,238,12-07-2005 7:08,4.99,1
6591,12-07-2005 7:13,509,624,12-07-2005 7:13,5.99,1
6592,12-07-2005 7:19,273,763,12-07-2005 7:19,8.99,NULL
6593,12-07-2005 7:21,356,755,12-07-2005 7:21,4.99,1
6594,12-07-2005 7:25,517,973,12-07-2005 7:25,4.99,NULL
6595,12-07-2005 7:25,458,284,12-07-2005 7:25,7.99,NULL
6596,12-07-2005 7:32,409,199,12-07-2005 7:32,2.99,NULL
6597,12-07-2005 7:37,479,218,12-07-2005 7:37,0.99,NULL
6598,12-07-2005 7:38,532,445,12-07-2005 7:38,4.99,1
6599,12-07-2005 7:41,519,948,12-07-2005 7:41,3.99,0.5
6600,12-07-2005 7:41,389,730,12-07-2005 7:41,3.99,1
6601,12-07-2005 7:44,464,358,12-07-2005 7:44,3.99,NULL
6602,12-07-2005 7:50,214,519,12-07-2005 7:50,7.99,NULL
6603,12-07-2005 7:52,425,784,12-07-2005 7:52,2.99,NULL
6604,12-07-2005 7:57,365,179,12-07-2005 7:57,4.99,0.5
6605,12-07-2005 8:01,547,635,12-07-2005 8:01,0.99,0.5
6606,12-07-2005 8:03,178,616,12-07-2005 8:03,2.99,1
6607,12-07-2005 8:08,562,74,12-07-2005 8:08,8.99,NULL
6608,12-07-2005 8:16,244,782,12-07-2005 8:16,2.99,NULL
6609,12-07-2005 8:19,133,733,12-07-2005 8:19,3.99,NULL
6610,12-07-2005 8:20,353,140,12-07-2005 8:20,3.99,NULL
6611,12-07-2005 8:20,286,351,12-07-2005 8:20,2.99,NULL
6612,12-07-2005 8:28,152,53,12-07-2005 8:28,2.99,1
6613,12-07-2005 8:30,460,749,12-07-2005 8:30,4.99,NULL
6614,12-07-2005 8:33,144,659,12-07-2005 8:33,7.99,NULL
6615,12-07-2005 8:36,438,5,12-07-2005 8:36,4.99,NULL
6616,12-07-2005 8:37,179,398,12-07-2005 8:37,7.99,1
6617,12-07-2005 8:39,248,498,12-07-2005 8:39,2.99,NULL
6618,12-07-2005 8:41,327,928,12-07-2005 8:41,2.99,0.5
6619,12-07-2005 8:50,305,885,12-07-2005 8:50,0.99,NULL
6620,12-07-2005 8:51,337,514,12-07-2005 8:51,2.99,0.5
6621,12-07-2005 8:57,561,482,12-07-2005 8:57,0.99,NULL
6622,12-07-2005 9:04,325,948,12-07-2005 9:04,0.99,1
6623,12-07-2005 9:05,302,964,12-07-2005 9:05,7.99,1
6624,12-07-2005 9:05,335,861,12-07-2005 9:05,7.99,NULL
6625,12-07-2005 9:06,443,160,12-07-2005 9:06,5.99,1
6626,12-07-2005 9:16,269,527,12-07-2005 9:16,5.99,NULL
6627,12-07-2005 9:16,565,136,12-07-2005 9:16,2.99,NULL
6628,12-07-2005 9:18,211,636,12-07-2005 9:18,4.99,1
6629,12-07-2005 9:18,582,625,12-07-2005 9:18,5.99,NULL
6630,12-07-2005 9:30,462,402,12-07-2005 9:30,0.99,1
6631,12-07-2005 9:31,204,509,12-07-2005 9:31,0.99,0.5
6632,12-07-2005 9:33,442,644,12-07-2005 9:33,2.99,1
6633,12-07-2005 9:35,150,638,12-07-2005 9:35,2.99,NULL
6634,12-07-2005 9:37,50,646,12-07-2005 9:37,0.99,NULL
6635,12-07-2005 9:47,273,114,12-07-2005 9:47,1.99,NULL
6636,12-07-2005 9:49,441,720,12-07-2005 9:49,2.99,NULL
6637,12-07-2005 9:57,164,625,12-07-2005 9:57,4.99,0.5
6638,12-07-2005 9:58,87,46,12-07-2005 9:58,4.99,NULL
6639,12-07-2005 10:00,587,743,12-07-2005 10:00,0.99,NULL
6640,12-07-2005 10:27,148,614,12-07-2005 10:27,8.99,NULL
6641,12-07-2005 10:33,334,468,12-07-2005 10:33,5.99,NULL
6642,12-07-2005 10:37,441,45,12-07-2005 10:37,4.99,NULL
6643,12-07-2005 10:39,88,39,12-07-2005 10:39,1.99,NULL
6644,12-07-2005 10:39,285,586,12-07-2005 10:39,0.99,0.5
6645,12-07-2005 10:39,73,626,12-07-2005 10:39,2.99,NULL
6646,12-07-2005 10:41,508,885,12-07-2005 10:41,0.99,1
6647,12-07-2005 10:43,8,401,12-07-2005 10:43,0.99,NULL
6648,12-07-2005 10:46,356,157,12-07-2005 10:46,0.99,1
6649,12-07-2005 10:51,57,13,12-07-2005 10:51,4.99,NULL
6650,12-07-2005 10:57,526,349,12-07-2005 10:57,2.99,NULL
6651,12-07-2005 10:57,447,19,12-07-2005 10:57,0.99,1
6652,12-07-2005 10:59,518,476,12-07-2005 10:59,2.99,0.5
6653,12-07-2005 11:06,25,133,12-07-2005 11:06,4.99,NULL
6654,12-07-2005 11:06,458,629,12-07-2005 11:06,1.99,NULL
6655,12-07-2005 11:08,100,858,12-07-2005 11:08,4.99,1
6656,12-07-2005 11:09,330,494,12-07-2005 11:09,0.99,NULL
6657,12-07-2005 11:11,553,809,12-07-2005 11:11,0.99,NULL
6658,12-07-2005 11:13,27,37,12-07-2005 11:13,4.99,NULL
6659,12-07-2005 11:18,134,494,12-07-2005 11:18,0.99,0.5
6660,12-07-2005 11:20,598,99,12-07-2005 11:20,3.99,NULL
6661,12-07-2005 11:20,315,515,12-07-2005 11:20,4.99,NULL
6662,12-07-2005 11:21,99,320,12-07-2005 11:21,4.99,NULL
6663,12-07-2005 11:27,5,951,12-07-2005 11:27,3.99,NULL
6664,12-07-2005 11:28,351,1000,12-07-2005 11:28,4.99,1
6665,12-07-2005 11:29,587,640,12-07-2005 11:29,6.99,NULL
6666,12-07-2005 11:32,314,702,12-07-2005 11:32,2.99,1
6667,12-07-2005 11:36,50,48,12-07-2005 11:36,8.99,NULL
6668,12-07-2005 11:37,199,328,12-07-2005 11:37,2.99,1
6669,12-07-2005 11:39,355,311,12-07-2005 11:39,4.99,0.5
6670,12-07-2005 11:44,249,682,12-07-2005 11:44,7.99,1
6671,12-07-2005 11:48,526,213,12-07-2005 11:48,3.99,NULL
6672,12-07-2005 11:49,439,83,12-07-2005 11:49,2.99,NULL
6673,12-07-2005 11:50,322,434,12-07-2005 11:50,0.99,NULL
6674,12-07-2005 11:51,399,521,12-07-2005 11:51,4.99,NULL
6675,12-07-2005 11:53,523,460,12-07-2005 11:53,4.99,1
6676,12-07-2005 11:53,571,499,12-07-2005 11:53,8.99,NULL
6677,12-07-2005 11:58,516,521,12-07-2005 11:58,6.99,NULL
6678,12-07-2005 11:58,330,761,12-07-2005 11:58,2.99,NULL
6679,12-07-2005 12:01,586,800,12-07-2005 12:01,2.99,NULL
6680,12-07-2005 12:01,43,634,12-07-2005 12:01,0.99,NULL
6681,12-07-2005 12:04,368,188,12-07-2005 12:04,2.99,0.5
6682,12-07-2005 12:12,339,433,12-07-2005 12:12,7.99,1
6683,12-07-2005 12:14,244,753,12-07-2005 12:14,2.99,NULL
6684,12-07-2005 12:14,583,619,12-07-2005 12:14,6.99,NULL
6685,12-07-2005 12:16,5,314,12-07-2005 12:16,4.99,NULL
6686,12-07-2005 12:18,6,833,12-07-2005 12:18,0.99,NULL
6687,12-07-2005 12:19,128,600,12-07-2005 12:19,2.99,NULL
6688,12-07-2005 12:22,246,518,12-07-2005 12:22,4.99,1
6689,12-07-2005 12:22,525,344,12-07-2005 12:22,1.99,NULL
6690,12-07-2005 12:23,447,925,12-07-2005 12:23,1.99,1
6691,12-07-2005 12:26,192,89,12-07-2005 12:26,0.99,1
6692,12-07-2005 12:35,372,622,12-07-2005 12:35,4.99,NULL
6693,12-07-2005 12:37,573,438,12-07-2005 12:37,7.99,NULL
6694,12-07-2005 12:39,204,127,12-07-2005 12:39,6.99,0.5
6695,12-07-2005 12:39,550,679,12-07-2005 12:39,2.99,1
6696,12-07-2005 12:44,273,67,12-07-2005 12:44,2.99,NULL
6697,12-07-2005 12:44,103,47,12-07-2005 12:44,6.99,NULL
6698,12-07-2005 12:45,64,966,12-07-2005 12:45,1.99,1
6699,12-07-2005 12:45,565,748,12-07-2005 12:45,0.99,NULL
6700,12-07-2005 12:47,184,673,12-07-2005 12:47,6.99,NULL
6701,12-07-2005 12:47,454,752,12-07-2005 12:47,0.99,NULL
6702,12-07-2005 12:48,164,52,12-07-2005 12:48,0.99,0.5
6703,12-07-2005 12:50,470,10,12-07-2005 12:50,4.99,NULL
6704,12-07-2005 12:50,595,349,12-07-2005 12:50,6.99,1
6705,12-07-2005 12:53,363,929,12-07-2005 12:53,4.99,NULL
6706,12-07-2005 12:59,267,993,12-07-2005 12:59,3.99,1
6707,12-07-2005 13:07,80,90,12-07-2005 13:07,1.99,NULL
6708,12-07-2005 13:10,82,82,12-07-2005 13:10,6.99,NULL
6709,12-07-2005 13:20,322,881,12-07-2005 13:20,4.99,NULL
6710,12-07-2005 13:23,462,175,12-07-2005 13:23,7.99,1
6711,12-07-2005 13:23,257,486,12-07-2005 13:23,5.99,NULL
6712,12-07-2005 13:24,226,1000,12-07-2005 13:24,9.99,NULL
6713,12-07-2005 13:27,557,917,12-07-2005 13:27,3.99,NULL
6714,12-07-2005 13:29,370,424,12-07-2005 13:29,0.99,1
6715,12-07-2005 13:32,386,139,12-07-2005 13:32,4.99,NULL
6716,12-07-2005 13:34,367,610,12-07-2005 13:34,0.99,1
6717,12-07-2005 13:35,273,115,12-07-2005 13:35,5.99,NULL
6718,12-07-2005 13:38,541,494,12-07-2005 13:38,2.99,NULL
6719,12-07-2005 13:40,330,162,12-07-2005 13:40,2.99,NULL
6720,12-07-2005 13:41,151,594,12-07-2005 13:41,0.99,1
6721,12-07-2005 13:42,462,614,12-07-2005 13:42,6.99,1
6722,12-07-2005 13:44,211,687,12-07-2005 13:44,1.99,1
6723,12-07-2005 13:44,499,588,12-07-2005 13:44,4.99,NULL
6724,12-07-2005 13:45,262,545,12-07-2005 13:45,3.99,NULL
6725,12-07-2005 13:47,213,181,12-07-2005 13:47,2.99,NULL
6726,12-07-2005 13:48,97,981,12-07-2005 13:48,0.99,NULL
6727,12-07-2005 13:54,407,830,12-07-2005 13:54,0.99,NULL
6728,12-07-2005 13:56,414,458,12-07-2005 13:56,0.99,NULL
6729,12-07-2005 13:58,455,547,12-07-2005 13:58,4.99,NULL
6730,12-07-2005 13:58,532,341,12-07-2005 13:58,3.99,1
6731,12-07-2005 13:58,593,184,12-07-2005 13:58,2.99,NULL
6732,12-07-2005 13:58,299,416,12-07-2005 13:58,0.99,0.5
6733,12-07-2005 14:04,585,323,12-07-2005 14:04,6.99,NULL
6734,12-07-2005 14:04,446,486,12-07-2005 14:04,6.99,1
6735,12-07-2005 14:08,428,61,12-07-2005 14:08,5.99,1
6736,12-07-2005 14:16,342,116,12-07-2005 14:16,2.99,1
6737,12-07-2005 14:16,304,70,12-07-2005 14:16,4.99,NULL
6738,12-07-2005 14:17,366,266,12-07-2005 14:17,5.99,0.5
6739,12-07-2005 14:22,71,271,12-07-2005 14:22,5.99,NULL
6740,12-07-2005 14:22,139,531,12-07-2005 14:22,0.99,NULL
6741,12-07-2005 14:24,359,54,12-07-2005 14:24,0.99,NULL
6742,12-07-2005 14:25,558,922,12-07-2005 14:25,4.99,NULL
6743,12-07-2005 14:29,261,34,12-07-2005 14:29,0.99,NULL
6744,12-07-2005 14:30,64,562,12-07-2005 14:30,0.99,1
6745,12-07-2005 14:30,524,294,12-07-2005 14:30,4.99,NULL
6746,12-07-2005 14:33,537,687,12-07-2005 14:33,0.99,NULL
6747,12-07-2005 14:33,126,797,12-07-2005 14:33,0.99,1
6748,12-07-2005 14:39,540,798,12-07-2005 14:39,6.99,NULL
6749,12-07-2005 14:43,334,636,12-07-2005 14:43,4.99,NULL
6750,12-07-2005 14:49,459,841,12-07-2005 14:49,3.99,0.5
6751,12-07-2005 14:50,312,380,12-07-2005 14:50,2.99,NULL
6752,12-07-2005 14:53,453,744,12-07-2005 14:53,4.99,NULL
6753,12-07-2005 14:55,147,569,12-07-2005 14:55,2.99,0.5
6754,12-07-2005 14:59,114,320,12-07-2005 14:59,4.99,NULL
6755,12-07-2005 15:07,126,557,12-07-2005 15:07,6.99,1
6756,12-07-2005 15:08,531,260,12-07-2005 15:08,4.99,0.5
6757,12-07-2005 15:09,558,119,12-07-2005 15:09,0.99,NULL
6758,12-07-2005 15:13,546,892,12-07-2005 15:13,9.99,1
6759,12-07-2005 15:14,49,791,12-07-2005 15:14,4.99,NULL
6760,12-07-2005 15:16,502,112,12-07-2005 15:16,8.99,1
6761,12-07-2005 15:17,7,796,12-07-2005 15:17,3.99,NULL
6762,12-07-2005 15:25,262,844,12-07-2005 15:25,7.99,NULL
6763,12-07-2005 15:26,314,738,12-07-2005 15:26,3.99,1
6764,12-07-2005 15:29,396,963,12-07-2005 15:29,4.99,0.5
6765,12-07-2005 15:30,433,563,12-07-2005 15:30,5.99,NULL
6766,12-07-2005 15:32,171,789,12-07-2005 15:32,2.99,NULL
6767,12-07-2005 15:46,208,395,12-07-2005 15:46,1.99,1
6768,12-07-2005 15:47,151,748,12-07-2005 15:47,3.99,1
6769,12-07-2005 15:48,63,367,12-07-2005 15:48,3.99,NULL
6770,12-07-2005 15:49,360,451,12-07-2005 15:49,5.99,NULL
6771,12-07-2005 15:54,396,247,12-07-2005 15:54,2.99,0.5
6772,12-07-2005 15:55,89,834,12-07-2005 15:55,2.99,NULL
6773,12-07-2005 15:55,12,735,12-07-2005 15:55,2.99,1
6774,12-07-2005 15:56,171,191,12-07-2005 15:56,0.99,NULL
6775,12-07-2005 16:01,383,639,12-07-2005 16:01,4.99,NULL
6776,12-07-2005 16:02,348,524,12-07-2005 16:02,2.99,NULL
6777,12-07-2005 16:04,351,891,12-07-2005 16:04,5.99,1
6778,12-07-2005 16:06,381,983,12-07-2005 16:06,2.99,NULL
6779,12-07-2005 16:10,404,976,12-07-2005 16:10,0.99,0.5
6780,12-07-2005 16:18,121,277,12-07-2005 16:18,4.99,1
6781,12-07-2005 16:21,533,828,12-07-2005 16:21,2.99,1
6782,12-07-2005 16:23,199,601,12-07-2005 16:23,4.99,1
6783,12-07-2005 16:27,506,793,12-07-2005 16:27,2.99,NULL
6784,12-07-2005 16:28,578,44,12-07-2005 16:28,4.99,NULL
6785,12-07-2005 16:30,69,972,12-07-2005 16:30,6.99,NULL
6786,12-07-2005 16:32,546,437,12-07-2005 16:32,2.99,1
6787,12-07-2005 16:33,342,324,12-07-2005 16:33,7.99,1
6788,12-07-2005 16:33,460,257,12-07-2005 16:33,5.99,NULL
6789,12-07-2005 16:34,76,430,12-07-2005 16:34,0.99,NULL
6790,12-07-2005 16:34,400,980,12-07-2005 16:34,5.99,NULL
6791,12-07-2005 16:35,144,327,12-07-2005 16:35,9.99,NULL
6792,12-07-2005 16:37,571,113,12-07-2005 16:37,8.99,NULL
6793,12-07-2005 16:37,148,21,12-07-2005 16:37,10.99,NULL
6794,12-07-2005 16:38,233,176,12-07-2005 16:38,2.99,0.5
6795,12-07-2005 16:41,245,326,12-07-2005 16:41,5.99,NULL
6796,12-07-2005 16:44,291,51,12-07-2005 16:44,2.99,NULL
6797,12-07-2005 16:47,469,336,12-07-2005 16:47,4.99,NULL
6798,12-07-2005 16:49,115,61,12-07-2005 16:49,6.99,NULL
6799,12-07-2005 16:52,42,609,12-07-2005 16:52,2.99,NULL
6800,12-07-2005 17:03,599,818,12-07-2005 17:03,9.99,1
6801,12-07-2005 17:09,500,191,12-07-2005 17:09,3.99,NULL
6802,12-07-2005 17:14,298,646,12-07-2005 17:14,0.99,NULL
6803,12-07-2005 17:21,490,587,12-07-2005 17:21,4.99,NULL
6804,12-07-2005 17:22,269,341,12-07-2005 17:22,4.99,NULL
6805,12-07-2005 17:23,262,382,12-07-2005 17:23,6.99,NULL
6806,12-07-2005 17:31,179,142,12-07-2005 17:31,2.99,1
6807,12-07-2005 17:33,376,146,12-07-2005 17:33,2.99,1
6808,12-07-2005 17:36,263,79,12-07-2005 17:36,1.99,NULL
6809,12-07-2005 17:51,168,757,12-07-2005 17:51,3.99,1
6810,12-07-2005 17:54,485,615,12-07-2005 17:54,4.99,1
6811,12-07-2005 17:54,107,345,12-07-2005 17:54,5.99,NULL
6812,12-07-2005 18:03,553,481,12-07-2005 18:03,6.99,NULL
6813,12-07-2005 18:03,54,27,12-07-2005 18:03,0.99,0.5
6814,12-07-2005 18:11,579,406,12-07-2005 18:11,1.99,NULL
6815,12-07-2005 18:14,468,710,12-07-2005 18:14,5.99,1
6816,12-07-2005 18:18,290,649,12-07-2005 18:18,4.99,NULL
6817,12-07-2005 18:19,135,40,12-07-2005 18:19,3.99,1
6818,12-07-2005 18:20,153,227,12-07-2005 18:20,9.99,NULL
6819,12-07-2005 18:21,198,277,12-07-2005 18:21,4.99,NULL
6820,12-07-2005 18:21,243,50,12-07-2005 18:21,2.99,NULL
6821,12-07-2005 18:22,363,135,12-07-2005 18:22,2.99,NULL
6822,12-07-2005 18:23,300,349,12-07-2005 18:23,5.99,1
6823,12-07-2005 18:24,557,174,12-07-2005 18:24,4.99,NULL
6824,12-07-2005 18:26,579,189,12-07-2005 18:26,6.99,NULL
6825,12-07-2005 18:28,281,509,12-07-2005 18:28,0.99,1
6826,12-07-2005 18:32,408,373,12-07-2005 18:32,2.99,NULL
6827,12-07-2005 18:33,283,334,12-07-2005 18:33,4.99,1
6828,12-07-2005 18:38,502,193,12-07-2005 18:38,2.99,1
6829,12-07-2005 18:38,361,911,12-07-2005 18:38,4.99,NULL
6830,12-07-2005 18:42,578,423,12-07-2005 18:42,0.99,NULL
6831,12-07-2005 18:44,163,205,12-07-2005 18:44,1.99,0.5
6832,12-07-2005 18:51,220,98,12-07-2005 18:51,8.99,NULL
6833,12-07-2005 18:53,301,203,12-07-2005 18:53,6.99,1
6834,12-07-2005 18:53,533,200,12-07-2005 18:53,0.99,1
6835,12-07-2005 18:58,367,316,12-07-2005 18:58,5.99,1
6836,12-07-2005 18:58,113,602,12-07-2005 18:58,0.99,NULL
6837,12-07-2005 18:59,533,267,12-07-2005 18:59,9.99,1
6838,12-07-2005 19:01,354,765,12-07-2005 19:01,4.99,1
6839,12-07-2005 19:03,357,851,12-07-2005 19:03,0.99,NULL
6840,12-07-2005 19:03,323,303,12-07-2005 19:03,3.99,NULL
6841,12-07-2005 19:04,108,489,12-07-2005 19:04,0.99,NULL
6842,12-07-2005 19:07,366,741,12-07-2005 19:07,0.99,0.5
6843,12-07-2005 19:14,561,163,12-07-2005 19:14,4.99,NULL
6844,12-07-2005 19:14,482,706,12-07-2005 19:14,5.99,NULL
6845,12-07-2005 19:20,414,840,12-07-2005 19:20,0.99,NULL
6846,12-07-2005 19:20,18,270,12-07-2005 19:20,0.99,NULL
6847,12-07-2005 19:22,63,77,12-07-2005 19:22,8.99,NULL
6848,12-07-2005 19:24,433,387,12-07-2005 19:24,0.99,NULL
6849,12-07-2005 19:29,479,938,12-07-2005 19:29,8.99,NULL
6850,12-07-2005 19:30,433,253,12-07-2005 19:30,4.99,NULL
6851,12-07-2005 19:32,280,143,12-07-2005 19:32,0.99,NULL
6852,12-07-2005 19:33,75,471,12-07-2005 19:33,2.99,NULL
6853,12-07-2005 19:38,299,872,12-07-2005 19:38,7.99,0.5
6854,12-07-2005 19:38,151,697,12-07-2005 19:38,0.99,1
6855,12-07-2005 19:46,24,583,12-07-2005 19:46,4.99,NULL
6856,12-07-2005 19:50,275,945,12-07-2005 19:50,0.99,NULL
6857,12-07-2005 19:53,196,93,12-07-2005 19:53,4.99,NULL
6858,12-07-2005 19:53,516,244,12-07-2005 19:53,6.99,NULL
6859,12-07-2005 19:53,321,893,12-07-2005 19:53,5.99,NULL
6860,12-07-2005 19:54,91,638,12-07-2005 19:54,2.99,NULL
6861,12-07-2005 19:56,83,78,12-07-2005 19:56,2.99,NULL
6862,12-07-2005 19:58,231,762,12-07-2005 19:58,0.99,1
6863,12-07-2005 19:58,484,51,12-07-2005 19:58,6.99,1
6864,12-07-2005 19:59,38,487,12-07-2005 19:59,5.99,NULL
6865,12-07-2005 20:02,175,313,12-07-2005 20:02,7.99,1
6866,12-07-2005 20:03,312,544,12-07-2005 20:03,2.99,NULL
6867,12-07-2005 20:06,190,737,12-07-2005 20:06,3.99,NULL
6868,12-07-2005 20:10,306,158,12-07-2005 20:10,2.99,NULL
6869,12-07-2005 20:12,278,775,12-07-2005 20:12,4.99,0.5
6870,12-07-2005 20:13,13,681,12-07-2005 20:13,0.99,0.5
6871,12-07-2005 20:13,204,789,12-07-2005 20:13,2.99,0.5
6872,12-07-2005 20:15,86,715,12-07-2005 20:15,7.99,NULL
6873,12-07-2005 20:20,161,174,12-07-2005 20:20,4.99,NULL
6874,12-07-2005 20:20,539,979,12-07-2005 20:20,5.99,NULL
6875,12-07-2005 20:23,172,749,12-07-2005 20:23,5.99,0.5
6876,12-07-2005 20:32,531,7,12-07-2005 20:32,4.99,0.5
6877,12-07-2005 20:32,231,864,12-07-2005 20:32,1.99,1
6878,12-07-2005 20:37,363,530,12-07-2005 20:37,4.99,NULL
6879,12-07-2005 20:37,416,414,12-07-2005 20:37,7.99,NULL
6880,12-07-2005 20:41,229,322,12-07-2005 20:41,2.99,1
6881,12-07-2005 20:46,346,548,12-07-2005 20:46,8.99,1
6882,12-07-2005 20:50,166,540,12-07-2005 20:50,2.99,NULL
6883,12-07-2005 20:50,596,103,12-07-2005 20:50,4.99,NULL
6884,12-07-2005 20:52,17,795,12-07-2005 20:52,1.99,1
6885,12-07-2005 20:56,159,865,12-07-2005 20:56,4.99,NULL
6886,12-07-2005 20:58,429,989,12-07-2005 20:58,6.99,0.5
6887,12-07-2005 21:00,542,980,12-07-2005 21:00,9.99,NULL
6888,12-07-2005 21:01,490,413,12-07-2005 21:01,2.99,NULL
6889,12-07-2005 21:01,198,641,12-07-2005 21:01,4.99,NULL
6890,12-07-2005 21:03,473,556,12-07-2005 21:03,4.99,NULL
6891,12-07-2005 21:07,507,700,12-07-2005 21:07,2.99,0.5
6892,12-07-2005 21:10,138,344,12-07-2005 21:10,0.99,1
6893,12-07-2005 21:20,377,572,12-07-2005 21:20,7.99,0.5
6894,12-07-2005 21:20,315,297,12-07-2005 21:20,4.99,NULL
6895,12-07-2005 21:23,599,645,12-07-2005 21:23,2.99,1
6896,12-07-2005 21:25,111,281,12-07-2005 21:25,2.99,NULL
6897,12-07-2005 21:30,13,37,12-07-2005 21:30,2.99,0.5
6898,12-07-2005 21:39,557,376,12-07-2005 21:39,0.99,NULL
6899,12-07-2005 21:44,483,779,12-07-2005 21:44,9.99,0.5
6900,12-07-2005 21:45,292,25,12-07-2005 21:45,6.99,NULL
6901,12-07-2005 21:46,158,1000,12-07-2005 21:46,5.99,NULL
6902,12-07-2005 21:57,485,70,12-07-2005 21:57,4.99,1
6903,12-07-2005 21:58,517,807,12-07-2005 21:58,0.99,NULL
6904,12-07-2005 22:02,465,502,12-07-2005 22:02,3.99,NULL
6905,12-07-2005 22:02,25,166,12-07-2005 22:02,2.99,NULL
6906,12-07-2005 22:03,335,314,12-07-2005 22:03,0.99,NULL
6907,12-07-2005 22:03,575,553,12-07-2005 22:03,2.99,NULL
6908,12-07-2005 22:08,529,694,12-07-2005 22:08,7.99,1
6909,12-07-2005 22:09,174,167,12-07-2005 22:09,4.99,NULL
6910,12-07-2005 22:11,546,285,12-07-2005 22:11,6.99,1
6911,12-07-2005 22:14,361,200,12-07-2005 22:14,0.99,NULL
6912,12-07-2005 22:17,471,370,12-07-2005 22:17,5.99,NULL
6913,12-07-2005 22:18,443,123,12-07-2005 22:18,4.99,1
6914,12-07-2005 22:26,361,110,12-07-2005 22:26,1.99,NULL
6915,12-07-2005 22:28,559,274,12-07-2005 22:28,2.99,0.5
6916,12-07-2005 22:29,88,729,12-07-2005 22:29,4.99,NULL
6917,12-07-2005 22:30,23,668,12-07-2005 22:30,5.99,NULL
6918,12-07-2005 22:30,140,890,12-07-2005 22:30,2.99,NULL
6919,12-07-2005 22:32,540,249,12-07-2005 22:32,0.99,NULL
6920,12-07-2005 22:32,109,500,12-07-2005 22:32,6.99,NULL
6921,12-07-2005 22:39,265,730,12-07-2005 22:39,6.99,NULL
6922,12-07-2005 22:39,371,247,12-07-2005 22:39,0.99,NULL
6923,12-07-2005 22:40,490,579,12-07-2005 22:40,8.99,NULL
6924,26-07-2005 22:51,502,278,26-07-2005 22:51,8.99,1
6925,26-07-2005 22:52,42,641,26-07-2005 22:52,0.99,NULL
6926,26-07-2005 22:52,354,282,26-07-2005 22:52,0.99,1
6927,26-07-2005 22:56,470,985,26-07-2005 22:56,10.99,NULL
6928,26-07-2005 22:56,487,788,26-07-2005 22:56,2.99,1
6929,26-07-2005 22:59,508,734,26-07-2005 22:59,8.99,1
6930,26-07-2005 23:00,393,655,26-07-2005 23:00,8.99,1
6931,26-07-2005 23:02,333,614,26-07-2005 23:02,4.99,NULL
6932,26-07-2005 23:08,463,986,26-07-2005 23:08,6.99,NULL
6933,26-07-2005 23:09,385,294,26-07-2005 23:09,4.99,0.5
6934,26-07-2005 23:11,107,100,26-07-2005 23:11,6.99,NULL
6935,26-07-2005 23:13,435,609,26-07-2005 23:13,2.99,1
6936,26-07-2005 23:13,538,12,26-07-2005 23:13,0.99,1
6937,26-07-2005 23:15,592,383,26-07-2005 23:15,0.99,NULL
6938,26-07-2005 23:16,427,447,26-07-2005 23:16,7.99,1
6939,26-07-2005 23:17,354,62,26-07-2005 23:17,5.99,1
6940,26-07-2005 23:18,149,847,26-07-2005 23:18,5.99,NULL
6941,26-07-2005 23:18,441,346,26-07-2005 23:18,5.99,NULL
6942,26-07-2005 23:27,470,267,26-07-2005 23:27,5.99,NULL
6943,26-07-2005 23:28,21,531,26-07-2005 23:28,1.99,0.5
6944,26-07-2005 23:34,373,258,26-07-2005 23:34,4.99,NULL
6945,26-07-2005 23:35,560,356,26-07-2005 23:35,2.99,NULL
6946,26-07-2005 23:40,181,403,26-07-2005 23:40,8.99,NULL
6947,26-07-2005 23:42,200,166,26-07-2005 23:42,3.99,NULL
6948,26-07-2005 23:43,228,679,26-07-2005 23:43,2.99,NULL
6949,26-07-2005 23:44,103,349,26-07-2005 23:44,2.99,NULL
6950,26-07-2005 23:45,503,44,26-07-2005 23:45,4.99,0.5
6951,26-07-2005 23:47,98,735,26-07-2005 23:47,2.99,NULL
6952,26-07-2005 23:51,290,934,26-07-2005 23:51,4.99,NULL
6953,26-07-2005 23:52,306,639,26-07-2005 23:52,4.99,NULL
6954,26-07-2005 23:55,584,247,26-07-2005 23:55,0.99,NULL
6955,26-07-2005 23:55,469,245,26-07-2005 23:55,3.99,NULL
6956,26-07-2005 23:55,240,549,26-07-2005 23:55,4.99,0.5
6957,27-07-2005 00:00,518,483,27-07-2005 00:00,2.99,0.5
6958,27-07-2005 00:02,333,142,27-07-2005 00:02,0.99,NULL
6959,27-07-2005 00:07,452,353,27-07-2005 00:07,2.99,NULL
6960,27-07-2005 00:08,421,43,27-07-2005 00:08,3.99,1
6961,27-07-2005 00:10,38,477,27-07-2005 00:10,0.99,NULL
6962,27-07-2005 00:10,245,982,27-07-2005 00:10,0.99,NULL
6963,27-07-2005 00:13,489,932,27-07-2005 00:13,4.99,0.5
6964,27-07-2005 00:15,404,336,27-07-2005 00:15,4.99,0.5
6965,27-07-2005 00:15,185,15,27-07-2005 00:15,2.99,0.5
6966,27-07-2005 00:15,45,346,27-07-2005 00:15,9.99,NULL
6967,27-07-2005 00:16,296,253,27-07-2005 00:16,6.99,1
6968,27-07-2005 00:16,370,363,27-07-2005 00:16,0.99,1
6969,27-07-2005 00:23,579,580,27-07-2005 00:23,8.99,NULL
6970,27-07-2005 00:26,418,4,27-07-2005 00:26,4.99,NULL
6971,27-07-2005 00:26,366,765,27-07-2005 00:26,4.99,0.5
6972,27-07-2005 00:31,434,374,27-07-2005 00:31,0.99,NULL
6973,27-07-2005 00:32,564,999,27-07-2005 00:32,2.99,1
6974,27-07-2005 00:39,122,643,27-07-2005 00:39,7.99,NULL
6975,27-07-2005 00:39,527,732,27-07-2005 00:39,1.99,NULL
6976,27-07-2005 00:40,41,680,27-07-2005 00:40,4.99,NULL
6977,27-07-2005 00:40,429,775,27-07-2005 00:40,6.99,0.5
6978,27-07-2005 00:47,132,796,27-07-2005 00:47,1.99,NULL
6979,27-07-2005 00:49,141,224,27-07-2005 00:49,4.99,0.5
6980,27-07-2005 00:50,164,250,27-07-2005 00:50,3.99,0.5
6981,27-07-2005 00:51,362,32,27-07-2005 00:51,4.99,1
6982,27-07-2005 00:53,284,841,27-07-2005 00:53,2.99,NULL
6983,27-07-2005 00:55,443,382,27-07-2005 00:55,2.99,1
6984,27-07-2005 00:56,297,525,27-07-2005 00:56,2.99,1
6985,27-07-2005 00:57,448,398,27-07-2005 00:57,4.99,NULL
6986,27-07-2005 00:59,262,456,27-07-2005 00:59,4.99,NULL
6987,27-07-2005 00:59,334,689,27-07-2005 00:59,2.99,NULL
6988,27-07-2005 01:00,316,165,27-07-2005 01:00,4.99,1
6989,27-07-2005 01:00,120,879,27-07-2005 01:00,4.99,NULL
6990,27-07-2005 01:02,146,886,27-07-2005 01:02,0.99,NULL
6991,27-07-2005 01:03,307,71,27-07-2005 01:03,10.99,1
6992,27-07-2005 01:04,106,748,27-07-2005 01:04,0.99,1
6993,27-07-2005 01:05,154,683,27-07-2005 01:05,4.99,1
6994,27-07-2005 01:08,400,940,27-07-2005 01:08,2.99,NULL
6995,27-07-2005 01:12,66,356,27-07-2005 01:12,2.99,NULL
6996,27-07-2005 01:13,236,710,27-07-2005 01:13,4.99,NULL
6997,27-07-2005 01:14,342,461,27-07-2005 01:14,0.99,1
6998,27-07-2005 01:16,300,172,27-07-2005 01:16,4.99,1
6999,27-07-2005 01:21,224,3,27-07-2005 01:21,2.99,1
7000,27-07-2005 01:23,31,440,27-07-2005 01:23,1.99,1
7001,27-07-2005 01:25,240,320,27-07-2005 01:25,4.99,0.5
7002,27-07-2005 01:26,349,902,27-07-2005 01:26,4.99,NULL
7003,27-07-2005 01:32,161,138,27-07-2005 01:32,2.99,NULL
7004,27-07-2005 01:36,314,966,27-07-2005 01:36,4.99,1
7005,27-07-2005 01:38,446,532,27-07-2005 01:38,5.99,1
7006,27-07-2005 01:42,264,771,27-07-2005 01:42,8.99,0.5
7007,27-07-2005 01:43,257,911,27-07-2005 01:43,4.99,NULL
7008,27-07-2005 01:44,12,799,27-07-2005 01:44,0.99,1
7009,27-07-2005 01:45,414,348,27-07-2005 01:45,0.99,NULL
7010,27-07-2005 01:56,590,662,27-07-2005 01:56,4.99,NULL
7011,27-07-2005 01:58,254,890,27-07-2005 01:58,0.99,1
7012,27-07-2005 02:01,239,170,27-07-2005 02:01,8.99,NULL
7013,27-07-2005 02:03,463,855,27-07-2005 02:03,0.99,NULL
7014,27-07-2005 02:14,524,156,27-07-2005 02:14,8.99,NULL
7015,27-07-2005 02:15,34,83,27-07-2005 02:15,2.99,0.5
7016,27-07-2005 02:15,423,312,27-07-2005 02:15,5.99,0.5
7017,27-07-2005 02:16,176,165,27-07-2005 02:16,4.99,NULL
7018,27-07-2005 02:20,451,240,27-07-2005 02:20,2.99,NULL
7019,27-07-2005 02:20,491,841,27-07-2005 02:20,3.99,0.5
7020,27-07-2005 02:24,506,864,27-07-2005 02:24,0.99,NULL
7021,27-07-2005 02:26,380,590,27-07-2005 02:26,8.99,NULL
7022,27-07-2005 02:31,243,373,27-07-2005 02:31,2.99,NULL
7023,27-07-2005 02:32,303,913,27-07-2005 02:32,4.99,NULL
7024,27-07-2005 02:36,252,683,27-07-2005 02:36,4.99,NULL
7025,27-07-2005 02:40,176,772,27-07-2005 02:40,2.99,NULL
7026,27-07-2005 02:48,493,758,27-07-2005 02:48,2.99,0.5
7027,27-07-2005 02:50,61,723,27-07-2005 02:50,7.99,NULL
7028,27-07-2005 02:54,179,183,27-07-2005 02:54,6.99,1
7029,27-07-2005 02:57,389,627,27-07-2005 02:57,4.99,1
7030,27-07-2005 03:01,550,282,27-07-2005 03:01,0.99,1
7031,27-07-2005 03:02,530,314,27-07-2005 03:02,3.99,NULL
7032,27-07-2005 03:03,269,745,27-07-2005 03:03,4.99,NULL
7033,27-07-2005 03:03,352,615,27-07-2005 03:03,2.99,NULL
7034,27-07-2005 03:03,281,373,27-07-2005 03:03,2.99,1
7035,27-07-2005 03:06,90,532,27-07-2005 03:06,5.99,1
7036,27-07-2005 03:06,70,563,27-07-2005 03:06,4.99,NULL
7037,27-07-2005 03:06,171,693,27-07-2005 03:06,3.99,NULL
7038,27-07-2005 03:07,518,415,27-07-2005 03:07,3.99,0.5
7039,27-07-2005 03:11,99,415,27-07-2005 03:11,4.99,NULL
7040,27-07-2005 03:17,524,103,27-07-2005 03:17,4.99,NULL
7041,27-07-2005 03:18,379,915,27-07-2005 03:18,4.99,1
7042,27-07-2005 03:20,188,89,27-07-2005 03:20,0.99,NULL
7043,27-07-2005 03:24,493,749,27-07-2005 03:24,7.99,0.5
7044,27-07-2005 03:27,147,18,27-07-2005 03:27,0.99,0.5
7045,27-07-2005 03:27,64,388,27-07-2005 03:27,0.99,1
7046,27-07-2005 03:27,349,818,27-07-2005 03:27,4.99,NULL
7047,27-07-2005 03:31,236,628,27-07-2005 03:31,4.99,NULL
7048,27-07-2005 03:31,581,811,27-07-2005 03:31,7.99,NULL
7049,27-07-2005 03:32,332,667,27-07-2005 03:32,7.99,0.5
7050,27-07-2005 03:33,55,251,27-07-2005 03:33,4.99,1
7051,27-07-2005 03:34,184,289,27-07-2005 03:34,4.99,NULL
7052,27-07-2005 03:36,75,832,27-07-2005 03:36,2.99,NULL
7053,27-07-2005 03:38,408,31,27-07-2005 03:38,4.99,NULL
7054,27-07-2005 03:43,179,584,27-07-2005 03:43,4.99,1
7055,27-07-2005 03:45,154,938,27-07-2005 03:45,4.99,1
7056,27-07-2005 03:46,233,175,27-07-2005 03:46,8.99,0.5
7057,27-07-2005 03:50,320,266,27-07-2005 03:50,4.99,NULL
7058,27-07-2005 03:50,90,157,27-07-2005 03:50,1.99,1
7059,27-07-2005 03:51,578,25,27-07-2005 03:51,5.99,NULL
7060,27-07-2005 03:51,479,854,27-07-2005 03:51,7.99,NULL
7061,27-07-2005 03:51,145,193,27-07-2005 03:51,2.99,NULL
7062,27-07-2005 03:52,469,50,27-07-2005 03:52,6.99,NULL
7063,27-07-2005 03:52,58,460,27-07-2005 03:52,9.99,NULL
7064,27-07-2005 03:53,320,914,27-07-2005 03:53,3.99,NULL
7065,27-07-2005 03:53,536,781,27-07-2005 03:53,4.99,NULL
7066,27-07-2005 03:53,185,406,27-07-2005 03:53,4.99,0.5
7067,27-07-2005 03:55,60,191,27-07-2005 03:55,0.99,1
7068,27-07-2005 03:57,568,975,27-07-2005 03:57,2.99,NULL
7069,27-07-2005 03:59,343,450,27-07-2005 03:59,6.99,NULL
7070,27-07-2005 04:01,280,911,27-07-2005 04:01,4.99,NULL
7071,27-07-2005 04:01,61,951,27-07-2005 04:01,1.99,NULL
7072,27-07-2005 04:02,260,851,27-07-2005 04:02,0.99,1
7073,27-07-2005 04:03,92,845,27-07-2005 04:03,4.99,1
7074,27-07-2005 04:06,165,305,27-07-2005 04:06,2.99,1
7075,27-07-2005 04:11,530,965,27-07-2005 04:11,1.99,NULL
7076,27-07-2005 04:12,333,619,27-07-2005 04:12,6.99,NULL
7077,27-07-2005 04:13,155,698,27-07-2005 04:13,3.99,NULL
7078,27-07-2005 04:16,545,986,27-07-2005 04:16,5.99,NULL
7079,27-07-2005 04:21,356,949,27-07-2005 04:21,2.99,1
7080,27-07-2005 04:25,466,155,27-07-2005 04:25,2.99,1
7081,27-07-2005 04:25,420,101,27-07-2005 04:25,2.99,NULL
7082,27-07-2005 04:27,64,443,27-07-2005 04:27,2.99,1
7083,27-07-2005 04:28,575,585,27-07-2005 04:28,0.99,NULL
7084,27-07-2005 04:34,32,172,27-07-2005 04:34,6.99,1
7085,27-07-2005 04:35,223,571,27-07-2005 04:35,5.99,NULL
7086,27-07-2005 04:39,595,645,27-07-2005 04:39,4.99,1
7087,27-07-2005 04:42,22,256,27-07-2005 04:42,4.99,NULL
7088,27-07-2005 04:42,88,82,27-07-2005 04:42,5.99,NULL
7089,27-07-2005 04:43,446,303,27-07-2005 04:43,0.99,1
7090,27-07-2005 04:43,218,765,27-07-2005 04:43,4.99,NULL
7091,27-07-2005 04:44,322,570,27-07-2005 04:44,4.99,NULL
7092,27-07-2005 04:46,345,313,27-07-2005 04:46,6.99,NULL
7093,27-07-2005 04:47,574,673,27-07-2005 04:47,1.99,0.5
7094,27-07-2005 04:47,373,191,27-07-2005 04:47,0.99,NULL
7095,27-07-2005 04:51,551,226,27-07-2005 04:51,9.99,1
7096,27-07-2005 04:54,3,563,27-07-2005 04:54,5.99,NULL
7097,27-07-2005 04:56,487,57,27-07-2005 04:56,2.99,1
7098,27-07-2005 05:01,359,560,27-07-2005 05:01,0.99,NULL
7099,27-07-2005 05:03,6,689,27-07-2005 05:03,2.99,NULL
7100,27-07-2005 05:05,413,918,27-07-2005 05:05,4.99,1
7101,27-07-2005 05:06,221,437,27-07-2005 05:06,2.99,NULL
7102,27-07-2005 05:07,411,241,27-07-2005 05:07,1.99,NULL
7103,27-07-2005 05:08,403,369,27-07-2005 05:08,4.99,1
7104,27-07-2005 05:15,217,23,27-07-2005 05:15,2.99,1
7105,27-07-2005 05:15,15,190,27-07-2005 05:15,4.99,1
7106,27-07-2005 05:21,201,309,27-07-2005 05:21,0.99,NULL
7107,27-07-2005 05:22,104,410,27-07-2005 05:22,2.99,NULL
7108,27-07-2005 05:28,355,596,27-07-2005 05:28,4.99,0.5
7109,27-07-2005 05:28,406,361,27-07-2005 05:28,5.99,NULL
7110,27-07-2005 05:30,157,724,27-07-2005 05:30,2.99,NULL
7111,27-07-2005 05:38,473,276,27-07-2005 05:38,4.99,NULL
7112,27-07-2005 05:38,101,883,27-07-2005 05:38,5.99,NULL
7113,27-07-2005 05:41,534,428,27-07-2005 05:41,2.99,1
7114,27-07-2005 05:42,121,850,27-07-2005 05:42,0.99,1
7115,27-07-2005 05:42,359,790,27-07-2005 05:42,0.99,NULL
7116,27-07-2005 05:46,209,381,27-07-2005 05:46,6.99,1
7117,27-07-2005 05:48,326,609,27-07-2005 05:48,2.99,NULL
7118,27-07-2005 05:53,591,127,27-07-2005 05:53,8.99,1
7119,27-07-2005 05:55,102,377,27-07-2005 05:55,0.99,NULL
7120,27-07-2005 05:56,98,91,27-07-2005 05:56,3.99,NULL
7121,27-07-2005 05:58,252,280,27-07-2005 05:58,0.99,NULL
7122,27-07-2005 06:03,172,370,27-07-2005 06:03,6.99,0.5
7123,27-07-2005 06:08,232,26,27-07-2005 06:08,5.99,NULL
7124,27-07-2005 06:09,34,756,27-07-2005 06:09,2.99,0.5
7125,27-07-2005 06:11,460,174,27-07-2005 06:11,6.99,NULL
7126,27-07-2005 06:13,582,711,27-07-2005 06:13,4.99,NULL
7127,27-07-2005 06:13,486,61,27-07-2005 06:13,4.99,NULL
7128,27-07-2005 06:14,529,29,27-07-2005 06:14,3.99,1
7129,27-07-2005 06:18,221,418,27-07-2005 06:18,0.99,NULL
7130,27-07-2005 06:23,81,92,27-07-2005 06:23,4.99,NULL
7131,27-07-2005 06:25,585,621,27-07-2005 06:25,2.99,NULL
7132,27-07-2005 06:28,227,703,27-07-2005 06:28,7.99,NULL
7133,27-07-2005 06:29,496,657,27-07-2005 06:29,2.99,1
7134,27-07-2005 06:33,574,235,27-07-2005 06:33,2.99,0.5
7135,27-07-2005 06:34,172,649,27-07-2005 06:34,2.99,0.5
7136,27-07-2005 06:38,6,418,27-07-2005 06:38,2.99,NULL
7137,27-07-2005 06:40,483,863,27-07-2005 06:40,0.99,0.5
7138,27-07-2005 06:47,31,311,27-07-2005 06:47,3.99,1
7139,27-07-2005 06:52,575,185,27-07-2005 06:52,2.99,NULL
7140,27-07-2005 06:54,35,441,27-07-2005 06:54,4.99,NULL
7141,27-07-2005 06:55,423,783,27-07-2005 06:55,2.99,0.5
7142,27-07-2005 06:55,396,379,27-07-2005 06:55,0.99,0.5
7143,27-07-2005 06:56,91,631,27-07-2005 06:56,0.99,NULL
7144,27-07-2005 07:00,485,984,27-07-2005 07:00,4.99,1
7145,27-07-2005 07:01,109,797,27-07-2005 07:01,0.99,NULL
7146,27-07-2005 07:02,323,485,27-07-2005 07:02,7.99,NULL
7147,27-07-2005 07:02,192,220,27-07-2005 07:02,2.99,1
7148,27-07-2005 07:04,354,387,27-07-2005 07:04,0.99,1
7149,27-07-2005 07:10,242,852,27-07-2005 07:10,3.99,1
7150,27-07-2005 07:11,191,101,27-07-2005 07:11,6.99,1
7151,27-07-2005 07:14,289,279,27-07-2005 07:14,4.99,NULL
7152,27-07-2005 07:15,370,508,27-07-2005 07:15,7.99,1
7153,27-07-2005 07:15,41,583,27-07-2005 07:15,4.99,NULL
7154,27-07-2005 07:16,518,439,27-07-2005 07:16,4.99,0.5
7155,27-07-2005 07:18,23,37,27-07-2005 07:18,7.99,NULL
7156,27-07-2005 07:19,154,7,27-07-2005 07:19,4.99,1
7157,27-07-2005 07:20,423,298,27-07-2005 07:20,4.99,0.5
7158,27-07-2005 07:23,38,531,27-07-2005 07:23,4.99,NULL
7159,27-07-2005 07:24,158,270,27-07-2005 07:24,2.99,NULL
7160,27-07-2005 07:26,71,852,27-07-2005 07:26,0.99,NULL
7161,27-07-2005 07:26,572,83,27-07-2005 07:26,4.99,NULL
7162,27-07-2005 07:32,289,486,27-07-2005 07:32,4.99,NULL
7163,27-07-2005 07:36,38,803,27-07-2005 07:36,5.99,NULL
7164,27-07-2005 07:36,284,116,27-07-2005 07:36,6.99,NULL
7165,27-07-2005 07:36,243,111,27-07-2005 07:36,0.99,NULL
7166,27-07-2005 07:36,562,302,27-07-2005 07:36,3.99,NULL
7167,27-07-2005 07:37,380,54,27-07-2005 07:37,2.99,NULL
7168,27-07-2005 07:51,252,1,27-07-2005 07:51,0.99,NULL
7169,27-07-2005 07:51,559,160,27-07-2005 07:51,1.99,0.5
7170,27-07-2005 07:58,140,81,27-07-2005 07:58,4.99,NULL
7171,27-07-2005 07:58,406,957,27-07-2005 07:58,4.99,NULL
7172,27-07-2005 07:59,362,525,27-07-2005 07:59,1.99,1
7173,27-07-2005 07:59,592,39,27-07-2005 07:59,0.99,NULL
7174,27-07-2005 08:00,570,10,27-07-2005 08:00,4.99,NULL
7175,27-07-2005 08:03,190,123,27-07-2005 08:03,4.99,NULL
7176,27-07-2005 08:04,257,51,27-07-2005 08:04,2.99,NULL
7177,27-07-2005 08:07,133,835,27-07-2005 08:07,2.99,NULL
7178,27-07-2005 08:09,31,414,27-07-2005 08:09,2.99,1
7179,27-07-2005 08:10,537,514,27-07-2005 08:10,2.99,NULL
7180,27-07-2005 08:14,215,101,27-07-2005 08:14,1.99,NULL
7181,27-07-2005 08:14,130,611,27-07-2005 08:14,4.99,1
7182,27-07-2005 08:15,97,705,27-07-2005 08:15,5.99,NULL
7183,27-07-2005 08:18,302,743,27-07-2005 08:18,0.99,1
7184,27-07-2005 08:22,457,504,27-07-2005 08:22,1.99,NULL
7185,27-07-2005 08:23,121,509,27-07-2005 08:23,0.99,1
7186,27-07-2005 08:26,584,872,27-07-2005 08:26,2.99,NULL
7187,27-07-2005 08:27,169,599,27-07-2005 08:27,6.99,1
7188,27-07-2005 08:32,259,476,27-07-2005 08:32,2.99,1
7189,27-07-2005 08:35,151,966,27-07-2005 08:35,0.99,1
7190,27-07-2005 08:36,372,294,27-07-2005 08:36,4.99,NULL
7191,27-07-2005 08:36,495,935,27-07-2005 08:36,2.99,1
7192,27-07-2005 08:36,532,944,27-07-2005 08:36,4.99,1
7193,27-07-2005 08:37,237,391,27-07-2005 08:37,2.99,NULL
7194,27-07-2005 08:39,172,57,27-07-2005 08:39,3.99,0.5
7195,27-07-2005 08:47,157,158,27-07-2005 08:47,2.99,NULL
7196,27-07-2005 08:49,118,657,27-07-2005 08:49,2.99,NULL
7197,27-07-2005 08:49,577,457,27-07-2005 08:49,0.99,NULL
7198,27-07-2005 08:50,520,932,27-07-2005 08:50,5.99,1
7199,27-07-2005 08:53,292,806,27-07-2005 08:53,5.99,NULL
7200,27-07-2005 08:57,78,963,27-07-2005 08:57,1.99,1
7201,27-07-2005 08:57,598,106,27-07-2005 08:57,6.99,NULL
7202,27-07-2005 09:00,560,22,27-07-2005 09:00,4.99,NULL
7203,27-07-2005 09:01,492,367,27-07-2005 09:01,2.99,1
7204,27-07-2005 09:02,531,552,27-07-2005 09:02,2.99,0.5
7205,27-07-2005 09:06,36,621,27-07-2005 09:06,6.99,0.5
7206,27-07-2005 09:07,373,820,27-07-2005 09:07,3.99,NULL
7207,27-07-2005 09:13,51,74,27-07-2005 09:13,5.99,NULL
7208,27-07-2005 09:16,138,333,27-07-2005 09:16,2.99,1
7209,27-07-2005 09:16,49,824,27-07-2005 09:16,4.99,NULL
7210,27-07-2005 09:19,176,433,27-07-2005 09:19,2.99,NULL
7211,27-07-2005 09:20,285,972,27-07-2005 09:20,6.99,0.5
7212,27-07-2005 09:21,591,638,27-07-2005 09:21,2.99,1
7213,27-07-2005 09:22,502,622,27-07-2005 09:22,3.99,1
7214,27-07-2005 09:23,309,174,27-07-2005 09:23,5.99,NULL
7215,27-07-2005 09:24,473,595,27-07-2005 09:24,2.99,NULL
7216,27-07-2005 09:27,292,394,27-07-2005 09:27,2.99,NULL
7217,27-07-2005 09:31,20,580,27-07-2005 09:31,4.99,NULL
7218,27-07-2005 09:34,530,536,27-07-2005 09:34,4.99,NULL
7219,27-07-2005 09:35,512,880,27-07-2005 09:35,2.99,NULL
7220,27-07-2005 09:35,79,846,27-07-2005 09:35,9.99,0.5
7221,27-07-2005 09:37,579,836,27-07-2005 09:37,2.99,NULL
7222,27-07-2005 09:38,206,506,27-07-2005 09:38,4.99,1
7223,27-07-2005 09:42,325,575,27-07-2005 09:42,9.99,1
7224,27-07-2005 09:44,106,593,27-07-2005 09:44,3.99,1
7225,27-07-2005 09:47,306,137,27-07-2005 09:47,6.99,NULL
7226,27-07-2005 09:47,370,768,27-07-2005 09:47,6.99,1
7227,27-07-2005 09:53,164,173,27-07-2005 09:53,6.99,0.5
7228,27-07-2005 09:55,481,369,27-07-2005 09:55,4.99,NULL
7229,27-07-2005 10:00,182,218,27-07-2005 10:00,0.99,NULL
7230,27-07-2005 10:01,245,254,27-07-2005 10:01,4.99,NULL
7231,27-07-2005 10:01,86,357,27-07-2005 10:01,2.99,NULL
7232,27-07-2005 10:04,306,253,27-07-2005 10:04,4.99,NULL
7233,27-07-2005 10:08,245,48,27-07-2005 10:08,5.99,NULL
7234,27-07-2005 10:08,372,846,27-07-2005 10:08,5.99,NULL
7235,27-07-2005 10:09,354,280,27-07-2005 10:09,2.99,1
7236,27-07-2005 10:09,218,659,27-07-2005 10:09,8.99,NULL
7237,27-07-2005 10:12,29,414,27-07-2005 10:12,3.99,0.5
7238,27-07-2005 10:13,116,266,27-07-2005 10:13,0.99,NULL
7239,27-07-2005 10:20,278,388,27-07-2005 10:20,0.99,0.5
7240,27-07-2005 10:21,324,997,27-07-2005 10:21,3.99,1
7241,27-07-2005 10:25,354,531,27-07-2005 10:25,0.99,1
7242,27-07-2005 10:25,565,429,27-07-2005 10:25,5.99,NULL
7243,27-07-2005 10:26,238,284,27-07-2005 10:26,4.99,1
7244,27-07-2005 10:27,339,293,27-07-2005 10:27,2.99,1
7245,27-07-2005 10:29,95,58,27-07-2005 10:29,5.99,1
7246,27-07-2005 10:30,333,436,27-07-2005 10:30,0.99,NULL
7247,27-07-2005 10:32,102,317,27-07-2005 10:32,0.99,NULL
7248,27-07-2005 10:37,456,925,27-07-2005 10:37,2.99,NULL
7249,27-07-2005 10:39,425,532,27-07-2005 10:39,4.99,NULL
7250,27-07-2005 10:44,589,747,27-07-2005 10:44,0.99,NULL
7251,27-07-2005 10:44,360,378,27-07-2005 10:44,2.99,NULL
7252,27-07-2005 10:45,549,683,27-07-2005 10:45,7.99,NULL
7253,27-07-2005 10:46,236,424,27-07-2005 10:46,0.99,NULL
7254,27-07-2005 10:48,286,592,27-07-2005 10:48,2.99,NULL
7255,27-07-2005 10:49,502,456,27-07-2005 10:49,4.99,1
7256,27-07-2005 10:58,363,930,27-07-2005 10:58,2.99,NULL
7257,27-07-2005 11:04,480,727,27-07-2005 11:04,2.99,0.5
7258,27-07-2005 11:05,494,450,27-07-2005 11:05,3.99,NULL
7259,27-07-2005 11:06,406,510,27-07-2005 11:06,4.99,NULL
7260,27-07-2005 11:09,434,838,27-07-2005 11:09,6.99,NULL
7261,27-07-2005 11:15,172,209,27-07-2005 11:15,2.99,0.5
7262,27-07-2005 11:15,522,892,27-07-2005 11:15,4.99,NULL
7263,27-07-2005 11:17,324,159,27-07-2005 11:17,7.99,1
7264,27-07-2005 11:18,299,521,27-07-2005 11:18,4.99,0.5
7265,27-07-2005 11:19,290,760,27-07-2005 11:19,2.99,NULL
7266,27-07-2005 11:22,24,741,27-07-2005 11:22,1.99,NULL
7267,27-07-2005 11:22,122,800,27-07-2005 11:22,2.99,NULL
7268,27-07-2005 11:23,260,601,27-07-2005 11:23,1.99,1
7269,27-07-2005 11:23,209,453,27-07-2005 11:23,3.99,1
7270,27-07-2005 11:29,526,412,27-07-2005 11:29,7.99,NULL
7271,27-07-2005 11:29,469,189,27-07-2005 11:29,6.99,NULL
7272,27-07-2005 11:30,364,56,27-07-2005 11:30,2.99,NULL
7273,27-07-2005 11:31,1,539,27-07-2005 11:31,2.99,0.5
7274,27-07-2005 11:35,180,891,27-07-2005 11:35,2.99,NULL
7275,27-07-2005 11:39,323,169,27-07-2005 11:39,2.99,NULL
7276,27-07-2005 11:41,314,363,27-07-2005 11:41,2.99,1
7277,27-07-2005 11:48,67,338,27-07-2005 11:48,5.99,1
7278,27-07-2005 11:50,592,116,27-07-2005 11:50,3.99,NULL
7279,27-07-2005 11:50,12,311,27-07-2005 11:50,0.99,1
7280,27-07-2005 11:50,342,53,27-07-2005 11:50,2.99,1
7281,27-07-2005 11:59,491,298,27-07-2005 11:59,6.99,0.5
7282,27-07-2005 12:00,276,966,27-07-2005 12:00,5.99,NULL
7283,27-07-2005 12:02,508,681,27-07-2005 12:02,5.99,1
7284,27-07-2005 12:12,52,507,27-07-2005 12:12,0.99,NULL
7285,27-07-2005 12:14,498,625,27-07-2005 12:14,4.99,NULL
7286,27-07-2005 12:23,498,757,27-07-2005 12:23,6.99,NULL
7287,27-07-2005 12:24,198,206,27-07-2005 12:24,0.99,NULL
7288,27-07-2005 12:24,226,9,27-07-2005 12:24,5.99,NULL
7289,27-07-2005 12:26,187,466,27-07-2005 12:26,4.99,NULL
7290,27-07-2005 12:28,423,797,27-07-2005 12:28,0.99,0.5
7291,27-07-2005 12:30,263,69,27-07-2005 12:30,4.99,NULL
7292,27-07-2005 12:34,468,174,27-07-2005 12:34,4.99,1
7293,27-07-2005 12:37,5,733,27-07-2005 12:37,0.99,NULL
7294,27-07-2005 12:38,313,109,27-07-2005 12:38,0.99,1
7295,27-07-2005 12:38,462,745,27-07-2005 12:38,8.99,1
7296,27-07-2005 12:39,400,367,27-07-2005 12:39,2.99,NULL
7297,27-07-2005 12:39,135,403,27-07-2005 12:39,4.99,1
7298,27-07-2005 12:45,121,361,27-07-2005 12:45,2.99,1
7299,27-07-2005 12:49,286,658,27-07-2005 12:49,2.99,NULL
7300,27-07-2005 12:50,272,995,27-07-2005 12:50,7.99,1
7301,27-07-2005 12:50,93,738,27-07-2005 12:50,2.99,1
7302,27-07-2005 12:52,477,991,27-07-2005 12:52,2.99,NULL
7303,27-07-2005 12:54,163,306,27-07-2005 12:54,1.99,0.5
7304,27-07-2005 12:56,74,257,27-07-2005 12:56,6.99,1
7305,27-07-2005 12:57,229,538,27-07-2005 12:57,0.99,1
7306,27-07-2005 12:57,207,490,27-07-2005 12:57,5.99,NULL
7307,27-07-2005 12:59,595,849,27-07-2005 12:59,0.99,1
7308,27-07-2005 13:00,229,319,27-07-2005 13:00,5.99,1
7309,27-07-2005 13:00,317,138,27-07-2005 13:00,2.99,NULL
7310,27-07-2005 13:00,103,812,27-07-2005 13:00,0.99,NULL
7311,27-07-2005 13:02,582,616,27-07-2005 13:02,6.99,NULL
7312,27-07-2005 13:03,543,51,27-07-2005 13:03,2.99,NULL
7313,27-07-2005 13:11,396,410,27-07-2005 13:11,2.99,0.5
7314,27-07-2005 13:13,11,302,27-07-2005 13:13,4.99,0.5
7315,27-07-2005 13:14,208,218,27-07-2005 13:14,0.99,1
7316,27-07-2005 13:19,114,735,27-07-2005 13:19,2.99,NULL
7317,27-07-2005 13:19,443,331,27-07-2005 13:19,2.99,1
7318,27-07-2005 13:25,301,426,27-07-2005 13:25,4.99,1
7319,27-07-2005 13:31,576,516,27-07-2005 13:31,1.99,NULL
7320,27-07-2005 13:33,241,948,27-07-2005 13:33,0.99,1
7321,27-07-2005 13:33,38,772,27-07-2005 13:33,5.99,NULL
7322,27-07-2005 13:37,508,393,27-07-2005 13:37,3.99,1
7323,27-07-2005 13:39,125,838,27-07-2005 13:39,4.99,NULL
7324,27-07-2005 13:42,462,563,27-07-2005 13:42,6.99,1
7325,27-07-2005 13:46,289,376,27-07-2005 13:46,0.99,NULL
7326,27-07-2005 13:50,432,624,27-07-2005 13:50,4.99,NULL
7327,27-07-2005 13:53,508,888,27-07-2005 13:53,7.99,1
7328,27-07-2005 13:55,26,143,27-07-2005 13:55,0.99,NULL
7329,27-07-2005 13:55,226,201,27-07-2005 13:55,3.99,NULL
7330,27-07-2005 13:56,237,810,27-07-2005 13:56,3.99,NULL
7331,27-07-2005 13:57,60,453,27-07-2005 13:57,3.99,1
7332,27-07-2005 13:58,151,382,27-07-2005 13:58,3.99,1
7333,27-07-2005 13:59,230,294,27-07-2005 13:59,4.99,NULL
7334,27-07-2005 13:59,461,660,27-07-2005 13:59,2.99,NULL
7335,27-07-2005 14:06,219,270,27-07-2005 14:06,2.99,NULL
7336,27-07-2005 14:11,46,594,27-07-2005 14:11,0.99,1
7337,27-07-2005 14:12,525,729,27-07-2005 14:12,4.99,NULL
7338,27-07-2005 14:13,251,21,27-07-2005 14:13,8.99,NULL
7339,27-07-2005 14:17,316,735,27-07-2005 14:17,2.99,1
7340,27-07-2005 14:18,567,296,27-07-2005 14:18,2.99,1
7341,27-07-2005 14:23,498,780,27-07-2005 14:23,4.99,NULL
7342,27-07-2005 14:25,504,890,27-07-2005 14:25,3.99,NULL
7343,27-07-2005 14:27,526,262,27-07-2005 14:27,0.99,NULL
7344,27-07-2005 14:29,366,374,27-07-2005 14:29,1.99,0.5
7345,27-07-2005 14:29,572,531,27-07-2005 14:29,4.99,NULL
7346,27-07-2005 14:30,2,162,27-07-2005 14:30,4.99,NULL
7347,27-07-2005 14:31,225,827,27-07-2005 14:31,4.99,1
7348,27-07-2005 14:32,43,710,27-07-2005 14:32,4.99,NULL
7349,27-07-2005 14:33,195,189,27-07-2005 14:33,2.99,NULL
7350,27-07-2005 14:34,410,161,27-07-2005 14:34,4.99,NULL
7351,27-07-2005 14:37,445,464,27-07-2005 14:37,2.99,NULL
7352,27-07-2005 14:38,429,7,27-07-2005 14:38,4.99,0.5
7353,27-07-2005 14:38,357,288,27-07-2005 14:38,2.99,NULL
7354,27-07-2005 14:42,598,523,27-07-2005 14:42,0.99,NULL
7355,27-07-2005 14:45,115,833,27-07-2005 14:45,1.99,NULL
7356,27-07-2005 14:47,397,69,27-07-2005 14:47,2.99,1
7357,27-07-2005 14:48,438,417,27-07-2005 14:48,1.99,NULL
7358,27-07-2005 14:49,245,39,27-07-2005 14:49,0.99,NULL
7359,27-07-2005 14:51,183,39,27-07-2005 14:51,0.99,1
7360,27-07-2005 14:52,467,290,27-07-2005 14:52,2.99,NULL
7361,27-07-2005 14:53,463,998,27-07-2005 14:53,0.99,NULL
7362,27-07-2005 14:58,419,414,27-07-2005 14:58,4.99,1
7363,27-07-2005 14:58,407,360,27-07-2005 14:58,5.99,NULL
7364,27-07-2005 14:58,592,668,27-07-2005 14:58,4.99,NULL
7365,27-07-2005 15:00,450,723,27-07-2005 15:00,2.99,NULL
7366,27-07-2005 15:01,357,101,27-07-2005 15:01,5.99,NULL
7367,27-07-2005 15:05,383,378,27-07-2005 15:05,3.99,NULL
7368,27-07-2005 15:06,286,489,27-07-2005 15:06,0.99,NULL
7369,27-07-2005 15:07,139,850,27-07-2005 15:07,0.99,NULL
7370,27-07-2005 15:15,89,439,27-07-2005 15:15,7.99,NULL
7371,27-07-2005 15:18,577,392,27-07-2005 15:18,4.99,NULL
7372,27-07-2005 15:18,584,704,27-07-2005 15:18,4.99,NULL
7373,27-07-2005 15:19,488,676,27-07-2005 15:19,5.99,NULL
7374,27-07-2005 15:20,438,698,27-07-2005 15:20,8.99,NULL
7375,27-07-2005 15:22,381,651,27-07-2005 15:22,2.99,NULL
7376,27-07-2005 15:23,2,109,27-07-2005 15:23,5.99,NULL
7377,27-07-2005 15:31,588,301,27-07-2005 15:31,2.99,1
7378,27-07-2005 15:31,144,725,27-07-2005 15:31,5.99,NULL
7379,27-07-2005 15:36,415,93,27-07-2005 15:36,4.99,NULL
7380,27-07-2005 15:37,348,220,27-07-2005 15:37,2.99,NULL
7381,27-07-2005 15:40,483,349,27-07-2005 15:40,4.99,0.5
7382,27-07-2005 15:43,518,78,27-07-2005 15:43,2.99,0.5
7383,27-07-2005 15:46,50,845,27-07-2005 15:46,4.99,NULL
7384,27-07-2005 15:49,585,782,27-07-2005 15:49,4.99,NULL
7385,27-07-2005 15:49,56,657,27-07-2005 15:49,2.99,NULL
7386,27-07-2005 15:52,190,780,27-07-2005 15:52,5.99,NULL
7387,27-07-2005 15:54,233,721,27-07-2005 15:54,4.99,0.5
7388,27-07-2005 15:54,455,995,27-07-2005 15:54,4.99,NULL
7389,27-07-2005 15:56,156,837,27-07-2005 15:56,2.99,NULL
7390,27-07-2005 15:59,230,376,27-07-2005 15:59,4.99,NULL
7391,27-07-2005 16:00,531,255,27-07-2005 16:00,6.99,0.5
7392,27-07-2005 16:01,204,694,27-07-2005 16:01,4.99,0.5
7393,27-07-2005 16:02,181,516,27-07-2005 16:02,0.99,NULL
7394,27-07-2005 16:03,30,524,27-07-2005 16:03,2.99,NULL
7395,27-07-2005 16:03,411,634,27-07-2005 16:03,0.99,NULL
7396,27-07-2005 16:03,595,735,27-07-2005 16:03,4.99,1
7397,27-07-2005 16:05,245,977,27-07-2005 16:05,4.99,NULL
7398,27-07-2005 16:07,51,345,27-07-2005 16:07,6.99,NULL
7399,27-07-2005 16:16,526,367,27-07-2005 16:16,1.99,NULL
7400,27-07-2005 16:16,133,630,27-07-2005 16:16,0.99,NULL
7401,27-07-2005 16:17,583,606,27-07-2005 16:17,5.99,NULL
7402,27-07-2005 16:19,287,595,27-07-2005 16:19,2.99,1
7403,27-07-2005 16:22,163,559,27-07-2005 16:22,2.99,0.5
7404,27-07-2005 16:24,190,513,27-07-2005 16:24,2.99,NULL
7405,27-07-2005 16:25,42,502,27-07-2005 16:25,3.99,NULL
7406,27-07-2005 16:25,77,309,27-07-2005 16:25,3.99,1
7407,27-07-2005 16:29,410,680,27-07-2005 16:29,5.99,NULL
7408,27-07-2005 16:31,371,135,27-07-2005 16:31,3.99,NULL
7409,27-07-2005 16:38,585,512,27-07-2005 16:38,4.99,NULL
7410,27-07-2005 16:41,337,342,27-07-2005 16:41,4.99,0.5
7411,27-07-2005 16:42,302,114,27-07-2005 16:42,6.99,1
7412,27-07-2005 16:44,582,212,27-07-2005 16:44,5.99,NULL
7413,27-07-2005 16:45,254,639,27-07-2005 16:45,4.99,1
7414,27-07-2005 16:46,265,722,27-07-2005 16:46,1.99,NULL
7415,27-07-2005 16:50,294,964,27-07-2005 16:50,6.99,NULL
7416,27-07-2005 16:55,350,141,27-07-2005 16:55,4.99,1
7417,27-07-2005 16:58,214,648,27-07-2005 16:58,4.99,NULL
7418,27-07-2005 16:59,332,665,27-07-2005 16:59,2.99,0.5
7419,27-07-2005 17:04,352,757,27-07-2005 17:04,7.99,NULL
7420,27-07-2005 17:09,547,767,27-07-2005 17:09,4.99,0.5
7421,27-07-2005 17:10,70,776,27-07-2005 17:10,7.99,NULL
7422,27-07-2005 17:10,286,862,27-07-2005 17:10,2.99,NULL
7423,27-07-2005 17:11,277,145,27-07-2005 17:11,4.99,NULL
7424,27-07-2005 17:14,558,143,27-07-2005 17:14,0.99,NULL
7425,27-07-2005 17:18,263,96,27-07-2005 17:18,4.99,NULL
7426,27-07-2005 17:19,239,966,27-07-2005 17:19,0.99,NULL
7427,27-07-2005 17:20,442,559,27-07-2005 17:20,2.99,1
7428,27-07-2005 17:21,90,55,27-07-2005 17:21,5.99,1
7429,27-07-2005 17:24,515,467,27-07-2005 17:24,3.99,NULL
7430,27-07-2005 17:26,562,914,27-07-2005 17:26,2.99,NULL
7431,27-07-2005 17:27,589,857,27-07-2005 17:27,3.99,NULL
7432,27-07-2005 17:31,132,696,27-07-2005 17:31,0.99,NULL
7433,27-07-2005 17:32,282,380,27-07-2005 17:32,2.99,NULL
7434,27-07-2005 17:34,241,643,27-07-2005 17:34,2.99,1
7435,27-07-2005 17:38,380,345,27-07-2005 17:38,0.99,NULL
7436,27-07-2005 17:39,45,67,27-07-2005 17:39,2.99,NULL
7437,27-07-2005 17:39,135,574,27-07-2005 17:39,0.99,1
7438,27-07-2005 17:40,52,301,27-07-2005 17:40,5.99,NULL
7439,27-07-2005 17:42,102,891,27-07-2005 17:42,6.99,NULL
7440,27-07-2005 17:43,484,323,27-07-2005 17:43,4.99,1
7441,27-07-2005 17:46,198,879,27-07-2005 17:46,5.99,NULL
7442,27-07-2005 17:47,105,541,27-07-2005 17:47,2.99,NULL
7443,27-07-2005 17:47,380,154,27-07-2005 17:47,2.99,NULL
7444,27-07-2005 17:49,531,24,27-07-2005 17:49,2.99,0.5
7445,27-07-2005 17:57,394,895,27-07-2005 17:57,3.99,NULL
7446,27-07-2005 18:00,486,508,27-07-2005 18:00,4.99,NULL
7447,27-07-2005 18:02,107,390,27-07-2005 18:02,4.99,NULL
7448,27-07-2005 18:06,175,784,27-07-2005 18:06,2.99,1
7449,27-07-2005 18:17,421,451,27-07-2005 18:17,4.99,1
7450,27-07-2005 18:18,191,766,27-07-2005 18:18,3.99,1
7451,27-07-2005 18:18,29,519,27-07-2005 18:18,6.99,0.5
7452,27-07-2005 18:26,285,763,27-07-2005 18:26,9.99,0.5
7453,27-07-2005 18:27,29,656,27-07-2005 18:27,0.99,0.5
7454,27-07-2005 18:27,75,715,27-07-2005 18:27,4.99,NULL
7455,27-07-2005 18:34,405,835,27-07-2005 18:34,2.99,NULL
7456,27-07-2005 18:34,501,427,27-07-2005 18:34,0.99,NULL
7457,27-07-2005 18:35,510,793,27-07-2005 18:35,2.99,1
7458,27-07-2005 18:36,327,650,27-07-2005 18:36,1.99,0.5
7459,27-07-2005 18:40,2,446,27-07-2005 18:40,5.99,NULL
7460,27-07-2005 18:41,442,204,27-07-2005 18:41,0.99,1
7461,27-07-2005 18:45,476,273,27-07-2005 18:45,0.99,NULL
7462,27-07-2005 18:47,114,193,27-07-2005 18:47,2.99,NULL
7463,27-07-2005 18:48,284,804,27-07-2005 18:48,4.99,NULL
7464,27-07-2005 18:49,31,185,27-07-2005 18:49,2.99,1
7465,27-07-2005 18:50,115,512,27-07-2005 18:50,4.99,NULL
7466,27-07-2005 18:51,53,612,27-07-2005 18:51,2.99,0.5
7467,27-07-2005 18:51,240,846,27-07-2005 18:51,8.99,0.5
7468,27-07-2005 18:52,113,695,27-07-2005 18:52,5.99,NULL
7469,27-07-2005 18:57,189,814,27-07-2005 18:57,4.99,NULL
7470,27-07-2005 19:01,564,65,27-07-2005 19:01,10.99,1
7471,27-07-2005 19:02,95,385,27-07-2005 19:02,4.99,1
7472,27-07-2005 19:04,103,336,27-07-2005 19:04,6.99,NULL
7473,27-07-2005 19:05,341,89,27-07-2005 19:05,2.99,NULL
7474,27-07-2005 19:07,110,651,27-07-2005 19:07,0.99,1
7475,27-07-2005 19:07,255,365,27-07-2005 19:07,8.99,NULL
7476,27-07-2005 19:08,64,496,27-07-2005 19:08,1.99,1
7477,27-07-2005 19:11,355,590,27-07-2005 19:11,5.99,0.5
7478,27-07-2005 19:16,521,830,27-07-2005 19:16,1.99,1
7479,27-07-2005 19:18,434,49,27-07-2005 19:18,2.99,NULL
7480,27-07-2005 19:19,344,100,27-07-2005 19:19,4.99,NULL
7481,27-07-2005 19:20,240,392,27-07-2005 19:20,4.99,0.5
7482,27-07-2005 19:24,348,109,27-07-2005 19:24,6.99,NULL
7483,27-07-2005 19:25,106,804,27-07-2005 19:25,4.99,1
7484,27-07-2005 19:28,211,602,27-07-2005 19:28,0.99,1
7485,27-07-2005 19:29,362,137,27-07-2005 19:29,2.99,1
7486,27-07-2005 19:29,393,951,27-07-2005 19:29,0.99,1
7487,27-07-2005 19:32,58,973,27-07-2005 19:32,4.99,NULL
7488,27-07-2005 19:36,365,121,27-07-2005 19:36,7.99,0.5
7489,27-07-2005 19:39,16,816,27-07-2005 19:39,0.99,NULL
7490,27-07-2005 19:48,595,983,27-07-2005 19:48,3.99,1
7491,27-07-2005 19:53,239,927,27-07-2005 19:53,2.99,NULL
7492,27-07-2005 19:54,155,201,27-07-2005 19:54,2.99,NULL
7493,27-07-2005 19:55,177,628,27-07-2005 19:55,3.99,NULL
7494,27-07-2005 19:56,60,488,27-07-2005 19:56,0.99,1
7495,27-07-2005 20:01,426,755,27-07-2005 20:01,4.99,1
7496,27-07-2005 20:04,257,534,27-07-2005 20:04,1.99,NULL
7497,27-07-2005 20:05,387,64,27-07-2005 20:05,0.99,NULL
7498,27-07-2005 20:09,455,253,27-07-2005 20:09,4.99,NULL
7499,27-07-2005 20:10,157,767,27-07-2005 20:10,4.99,NULL
7500,27-07-2005 20:16,160,132,27-07-2005 20:16,0.99,1
7501,27-07-2005 20:16,587,320,27-07-2005 20:16,8.99,NULL
7502,27-07-2005 20:19,303,709,27-07-2005 20:19,2.99,NULL
7503,27-07-2005 20:23,3,126,27-07-2005 20:23,10.99,NULL
7504,27-07-2005 20:24,283,737,27-07-2005 20:24,0.99,1
7505,27-07-2005 20:28,209,295,27-07-2005 20:28,4.99,1
7506,27-07-2005 20:28,527,453,27-07-2005 20:28,8.99,NULL
7507,27-07-2005 20:31,512,790,27-07-2005 20:31,0.99,NULL
7508,27-07-2005 20:33,465,746,27-07-2005 20:33,2.99,NULL
7509,27-07-2005 20:37,228,898,27-07-2005 20:37,8.99,NULL
7510,27-07-2005 20:37,257,353,27-07-2005 20:37,2.99,NULL
7511,27-07-2005 20:38,591,880,27-07-2005 20:38,4.99,1
7512,27-07-2005 20:40,352,296,27-07-2005 20:40,6.99,NULL
7513,27-07-2005 20:51,411,208,27-07-2005 20:51,2.99,NULL
7514,27-07-2005 20:51,44,89,27-07-2005 20:51,0.99,1
7515,27-07-2005 20:52,390,269,27-07-2005 20:52,3.99,NULL
7516,27-07-2005 20:55,134,471,27-07-2005 20:55,2.99,0.5
7517,27-07-2005 20:57,41,697,27-07-2005 20:57,1.99,NULL
7518,27-07-2005 21:01,257,587,27-07-2005 21:01,5.99,NULL
7519,27-07-2005 21:01,124,873,27-07-2005 21:01,6.99,0.5
7520,27-07-2005 21:02,191,847,27-07-2005 21:02,2.99,1
7521,27-07-2005 21:04,176,690,27-07-2005 21:04,2.99,NULL
7522,27-07-2005 21:11,478,443,27-07-2005 21:11,2.99,NULL
7523,27-07-2005 21:11,410,902,27-07-2005 21:11,4.99,NULL
7524,27-07-2005 21:11,225,936,27-07-2005 21:11,6.99,1
7525,27-07-2005 21:13,281,890,27-07-2005 21:13,3.99,1
7526,27-07-2005 21:13,44,152,27-07-2005 21:13,6.99,1
7527,27-07-2005 21:14,426,460,27-07-2005 21:14,10.99,1
7528,27-07-2005 21:15,213,270,27-07-2005 21:15,0.99,NULL
7529,27-07-2005 21:18,145,796,27-07-2005 21:18,7.99,NULL
7530,27-07-2005 21:18,98,834,27-07-2005 21:18,0.99,NULL
7531,27-07-2005 21:19,221,522,27-07-2005 21:19,8.99,NULL
7532,27-07-2005 21:20,34,147,27-07-2005 21:20,0.99,0.5
7533,27-07-2005 21:24,594,389,27-07-2005 21:24,8.99,1
7534,27-07-2005 21:26,282,492,27-07-2005 21:26,3.99,NULL
7535,27-07-2005 21:32,123,168,27-07-2005 21:32,4.99,1
7536,27-07-2005 21:34,307,748,27-07-2005 21:34,2.99,1
7537,27-07-2005 21:36,269,973,27-07-2005 21:36,6.99,NULL
7538,27-07-2005 21:38,361,545,27-07-2005 21:38,2.99,NULL
7539,27-07-2005 21:39,423,403,27-07-2005 21:39,9.99,0.5
7540,27-07-2005 21:39,207,476,27-07-2005 21:39,5.99,NULL
7541,27-07-2005 21:40,206,892,27-07-2005 21:40,4.99,1
7542,27-07-2005 21:43,110,416,27-07-2005 21:43,0.99,1
7543,27-07-2005 21:44,526,285,27-07-2005 21:44,5.99,NULL
7544,27-07-2005 21:47,249,167,27-07-2005 21:47,7.99,1
7545,27-07-2005 21:48,292,557,27-07-2005 21:48,2.99,NULL
7546,27-07-2005 21:50,494,805,27-07-2005 21:50,8.99,NULL
7547,27-07-2005 21:51,547,377,27-07-2005 21:51,3.99,0.5
7548,27-07-2005 21:53,484,474,27-07-2005 21:53,2.99,1
7549,27-07-2005 21:53,591,383,27-07-2005 21:53,3.99,1
7550,27-07-2005 21:55,71,980,27-07-2005 21:55,4.99,NULL
7551,27-07-2005 21:59,304,578,27-07-2005 21:59,4.99,NULL
7552,27-07-2005 22:03,16,468,27-07-2005 22:03,2.99,NULL
7553,27-07-2005 22:11,275,358,27-07-2005 22:11,2.99,NULL
7554,27-07-2005 22:12,135,392,27-07-2005 22:12,7.99,1
7555,27-07-2005 22:17,533,749,27-07-2005 22:17,4.99,1
7556,27-07-2005 22:17,188,173,27-07-2005 22:17,4.99,NULL
7557,27-07-2005 22:18,131,692,27-07-2005 22:18,2.99,NULL
7558,27-07-2005 22:19,80,119,27-07-2005 22:19,0.99,NULL
7559,27-07-2005 22:20,149,143,27-07-2005 22:20,4.99,NULL
7560,27-07-2005 22:20,562,782,27-07-2005 22:20,2.99,NULL
7561,27-07-2005 22:21,291,753,27-07-2005 22:21,5.99,NULL
7562,27-07-2005 22:25,366,966,27-07-2005 22:25,2.99,0.5
7563,27-07-2005 22:25,453,595,27-07-2005 22:25,0.99,NULL
7564,27-07-2005 22:31,291,634,27-07-2005 22:31,0.99,NULL
7565,27-07-2005 22:33,114,230,27-07-2005 22:33,2.99,NULL
7566,27-07-2005 22:34,144,391,27-07-2005 22:34,2.99,NULL
7567,27-07-2005 22:38,504,237,27-07-2005 22:38,2.99,NULL
7568,27-07-2005 22:38,296,346,27-07-2005 22:38,4.99,1
7569,27-07-2005 22:38,528,502,27-07-2005 22:38,7.99,NULL
7570,27-07-2005 22:40,110,700,27-07-2005 22:40,2.99,1
7571,27-07-2005 22:43,368,843,27-07-2005 22:43,4.99,0.5
7572,27-07-2005 22:44,532,674,27-07-2005 22:44,2.99,1
7573,27-07-2005 22:46,467,70,27-07-2005 22:46,5.99,NULL
7574,27-07-2005 22:53,200,67,27-07-2005 22:53,2.99,NULL
7575,27-07-2005 22:53,582,154,27-07-2005 22:53,2.99,NULL
7576,27-07-2005 22:54,446,740,27-07-2005 22:54,4.99,1
7577,27-07-2005 22:56,332,597,27-07-2005 22:56,8.99,0.5
7578,27-07-2005 22:58,332,915,27-07-2005 22:58,4.99,0.5
7579,27-07-2005 23:06,352,112,27-07-2005 23:06,4.99,NULL
7580,27-07-2005 23:07,28,74,27-07-2005 23:07,9.99,1
7581,27-07-2005 23:14,166,445,27-07-2005 23:14,2.99,NULL
7582,27-07-2005 23:15,128,859,27-07-2005 23:15,4.99,NULL
7583,27-07-2005 23:15,198,634,27-07-2005 23:15,2.99,NULL
7584,27-07-2005 23:15,338,959,27-07-2005 23:15,3.99,NULL
7585,27-07-2005 23:18,440,103,27-07-2005 23:18,4.99,1
7586,27-07-2005 23:19,316,3,27-07-2005 23:19,2.99,1
7587,27-07-2005 23:23,113,142,27-07-2005 23:23,2.99,NULL
7588,27-07-2005 23:23,360,879,27-07-2005 23:23,9.99,NULL
7589,27-07-2005 23:23,32,344,27-07-2005 23:23,5.99,1
7590,27-07-2005 23:24,73,465,27-07-2005 23:24,4.99,NULL
7591,27-07-2005 23:25,525,141,27-07-2005 23:25,4.99,NULL
7592,27-07-2005 23:26,316,893,27-07-2005 23:26,4.99,1
7593,27-07-2005 23:28,436,255,27-07-2005 23:28,4.99,NULL
7594,27-07-2005 23:30,424,709,27-07-2005 23:30,2.99,1
7595,27-07-2005 23:32,390,939,27-07-2005 23:32,5.99,NULL
7596,27-07-2005 23:33,275,455,27-07-2005 23:33,4.99,NULL
7597,27-07-2005 23:35,169,625,27-07-2005 23:35,0.99,1
7598,27-07-2005 23:36,438,992,27-07-2005 23:36,0.99,NULL
7599,27-07-2005 23:38,87,720,27-07-2005 23:38,2.99,NULL
7600,27-07-2005 23:41,107,765,27-07-2005 23:41,7.99,NULL
7601,27-07-2005 23:48,228,200,27-07-2005 23:48,0.99,NULL
7602,27-07-2005 23:48,366,553,27-07-2005 23:48,4.99,0.5
7603,27-07-2005 23:54,497,25,27-07-2005 23:54,2.99,NULL
7604,27-07-2005 23:54,406,814,27-07-2005 23:54,7.99,NULL
7605,27-07-2005 23:57,576,305,27-07-2005 23:57,3.99,NULL
7606,28-07-2005 00:02,201,138,28-07-2005 00:02,2.99,NULL
7607,28-07-2005 00:05,293,854,28-07-2005 00:05,4.99,NULL
7608,28-07-2005 00:08,167,278,28-07-2005 00:08,4.99,1
7609,28-07-2005 00:11,179,798,28-07-2005 00:11,4.99,1
7610,28-07-2005 00:11,450,283,28-07-2005 00:11,0.99,NULL
7611,28-07-2005 00:11,467,735,28-07-2005 00:11,2.99,NULL
7612,28-07-2005 00:11,563,309,28-07-2005 00:11,0.99,NULL
7613,28-07-2005 00:13,202,924,28-07-2005 00:13,2.99,1
7614,28-07-2005 00:14,440,762,28-07-2005 00:14,0.99,1
7615,28-07-2005 00:15,373,849,28-07-2005 00:15,0.99,NULL
7616,28-07-2005 00:15,9,830,28-07-2005 00:15,0.99,NULL
7617,28-07-2005 00:18,340,638,28-07-2005 00:18,2.99,1
7618,28-07-2005 00:24,271,169,28-07-2005 00:24,3.99,1
7619,28-07-2005 00:25,419,235,28-07-2005 00:25,2.99,1
7620,28-07-2005 00:27,580,206,28-07-2005 00:27,0.99,NULL
7621,28-07-2005 00:34,88,398,28-07-2005 00:34,8.99,NULL
7622,28-07-2005 00:37,198,873,28-07-2005 00:37,0.99,NULL
7623,28-07-2005 00:37,459,253,28-07-2005 00:37,6.99,0.5
7624,28-07-2005 00:37,415,604,28-07-2005 00:37,0.99,NULL
7625,28-07-2005 00:47,382,687,28-07-2005 00:47,0.99,NULL
7626,28-07-2005 00:49,450,913,28-07-2005 00:49,0.99,NULL
7627,28-07-2005 00:56,52,170,28-07-2005 00:56,4.99,NULL
7628,28-07-2005 00:58,516,274,28-07-2005 00:58,4.99,NULL
7629,28-07-2005 01:00,229,535,28-07-2005 01:00,0.99,1
7630,28-07-2005 01:01,351,614,28-07-2005 01:01,4.99,1
7631,28-07-2005 01:01,132,531,28-07-2005 01:01,1.99,NULL
7632,28-07-2005 01:02,181,710,28-07-2005 01:02,4.99,NULL
7633,28-07-2005 01:03,402,907,28-07-2005 01:03,0.99,NULL
7634,28-07-2005 01:07,365,980,28-07-2005 01:07,4.99,0.5
7635,28-07-2005 01:08,413,11,28-07-2005 01:08,0.99,1
7636,28-07-2005 01:08,51,45,28-07-2005 01:08,5.99,NULL
7637,28-07-2005 01:12,91,18,28-07-2005 01:12,0.99,NULL
7638,28-07-2005 01:13,172,412,28-07-2005 01:13,4.99,0.5
7639,28-07-2005 01:14,459,167,28-07-2005 01:14,4.99,0.5
7640,28-07-2005 01:14,229,662,28-07-2005 01:14,7.99,1
7641,28-07-2005 01:15,475,408,28-07-2005 01:15,7.99,NULL
7642,28-07-2005 01:16,523,870,28-07-2005 01:16,1.99,1
7643,28-07-2005 01:19,407,953,28-07-2005 01:19,4.99,NULL
7644,28-07-2005 01:27,173,194,28-07-2005 01:27,0.99,NULL
7645,28-07-2005 01:27,381,181,28-07-2005 01:27,2.99,NULL
7646,28-07-2005 01:31,255,353,28-07-2005 01:31,2.99,NULL
7647,28-07-2005 01:35,36,677,28-07-2005 01:35,0.99,0.5
7648,28-07-2005 01:35,310,174,28-07-2005 01:35,5.99,1
7649,28-07-2005 01:37,318,594,28-07-2005 01:37,0.99,NULL
7650,28-07-2005 01:47,290,153,28-07-2005 01:47,1.99,NULL
7651,28-07-2005 01:48,401,603,28-07-2005 01:48,4.99,0.5
7652,28-07-2005 01:50,5,18,28-07-2005 01:50,0.99,NULL
7653,28-07-2005 01:58,232,177,28-07-2005 01:58,4.99,NULL
7654,28-07-2005 02:00,360,226,28-07-2005 02:00,4.99,NULL
7655,28-07-2005 02:01,513,585,28-07-2005 02:01,0.99,NULL
7656,28-07-2005 02:07,148,39,28-07-2005 02:07,0.99,NULL
7657,28-07-2005 02:09,518,504,28-07-2005 02:09,2.99,0.5
7658,28-07-2005 02:09,272,391,28-07-2005 02:09,2.99,1
7659,28-07-2005 02:09,584,354,28-07-2005 02:09,4.99,NULL
7660,28-07-2005 02:10,4,958,28-07-2005 02:10,2.99,NULL
7661,28-07-2005 02:10,256,672,28-07-2005 02:10,3.99,NULL
7662,28-07-2005 02:16,534,228,28-07-2005 02:16,2.99,1
7663,28-07-2005 02:19,470,182,28-07-2005 02:19,4.99,NULL
7664,28-07-2005 02:24,461,433,28-07-2005 02:24,2.99,NULL
7665,28-07-2005 02:28,590,319,28-07-2005 02:28,2.99,NULL
7666,28-07-2005 02:35,196,150,28-07-2005 02:35,3.99,NULL
7667,28-07-2005 02:37,443,527,28-07-2005 02:37,8.99,1
7668,28-07-2005 02:41,508,848,28-07-2005 02:41,2.99,1
7669,28-07-2005 02:44,483,575,28-07-2005 02:44,4.99,0.5
7670,28-07-2005 02:44,252,299,28-07-2005 02:44,0.99,NULL
7671,28-07-2005 02:48,442,759,28-07-2005 02:48,2.99,1
7672,28-07-2005 02:49,542,124,28-07-2005 02:49,8.99,NULL
7673,28-07-2005 02:53,409,516,28-07-2005 02:53,2.99,NULL
7674,28-07-2005 02:54,177,149,28-07-2005 02:54,1.99,NULL
7675,28-07-2005 02:55,189,31,28-07-2005 02:55,4.99,NULL
7676,28-07-2005 02:55,508,246,28-07-2005 02:55,4.99,1
7677,28-07-2005 02:56,566,975,28-07-2005 02:56,2.99,0.5
7678,28-07-2005 02:58,510,745,28-07-2005 02:58,8.99,1
7679,28-07-2005 02:58,444,236,28-07-2005 02:58,3.99,NULL
7680,28-07-2005 02:59,559,388,28-07-2005 02:59,1.99,0.5
7681,28-07-2005 03:07,432,261,28-07-2005 03:07,0.99,NULL
7682,28-07-2005 03:07,400,725,28-07-2005 03:07,5.99,NULL
7683,28-07-2005 03:11,73,382,28-07-2005 03:11,4.99,NULL
7684,28-07-2005 03:11,40,738,28-07-2005 03:11,0.99,NULL
7685,28-07-2005 03:13,468,479,28-07-2005 03:13,0.99,1
7686,28-07-2005 03:19,184,464,28-07-2005 03:19,6.99,NULL
7687,28-07-2005 03:20,325,150,28-07-2005 03:20,2.99,1
7688,28-07-2005 03:20,491,263,28-07-2005 03:20,7.99,0.5
7689,28-07-2005 03:21,253,391,28-07-2005 03:21,2.99,0.5
7690,28-07-2005 03:26,150,239,28-07-2005 03:26,4.99,NULL
7691,28-07-2005 03:30,112,346,28-07-2005 03:30,4.99,NULL
7692,28-07-2005 03:30,392,59,28-07-2005 03:30,2.99,NULL
7693,28-07-2005 03:31,148,543,28-07-2005 03:31,4.99,NULL
7694,28-07-2005 03:39,538,635,28-07-2005 03:39,0.99,1
7695,28-07-2005 03:41,323,601,28-07-2005 03:41,5.99,NULL
7696,28-07-2005 03:41,56,759,28-07-2005 03:41,7.99,NULL
7697,28-07-2005 03:43,377,864,28-07-2005 03:43,1.99,0.5
7698,28-07-2005 03:44,561,797,28-07-2005 03:44,0.99,NULL
7699,28-07-2005 03:52,53,944,28-07-2005 03:52,4.99,0.5
7700,28-07-2005 03:54,124,775,28-07-2005 03:54,8.99,0.5
7701,28-07-2005 03:54,306,351,28-07-2005 03:54,2.99,NULL
7702,28-07-2005 03:56,349,57,28-07-2005 03:56,2.99,NULL
7703,28-07-2005 03:59,3,464,28-07-2005 03:59,7.99,NULL
7704,28-07-2005 04:02,265,509,28-07-2005 04:02,2.99,NULL
7705,28-07-2005 04:02,22,239,28-07-2005 04:02,7.99,NULL
7706,28-07-2005 04:03,263,222,28-07-2005 04:03,4.99,NULL
7707,28-07-2005 04:07,232,562,28-07-2005 04:07,0.99,NULL
7708,28-07-2005 04:19,363,88,28-07-2005 04:19,4.99,NULL
7709,28-07-2005 04:22,81,832,28-07-2005 04:22,0.99,NULL
7710,28-07-2005 04:24,77,813,28-07-2005 04:24,0.99,1
7711,28-07-2005 04:26,426,591,28-07-2005 04:26,4.99,1
7712,28-07-2005 04:29,361,716,28-07-2005 04:29,2.99,NULL
7713,28-07-2005 04:32,572,439,28-07-2005 04:32,6.99,NULL
7714,28-07-2005 04:32,70,208,28-07-2005 04:32,2.99,NULL
7715,28-07-2005 04:32,512,705,28-07-2005 04:32,6.99,NULL
7716,28-07-2005 04:33,284,327,28-07-2005 04:33,8.99,NULL
7717,28-07-2005 04:33,459,159,28-07-2005 04:33,4.99,0.5
7718,28-07-2005 04:37,4,784,28-07-2005 04:37,2.99,NULL
7719,28-07-2005 04:39,286,544,28-07-2005 04:39,6.99,NULL
7720,28-07-2005 04:41,520,42,28-07-2005 04:41,4.99,1
7721,28-07-2005 04:42,83,482,28-07-2005 04:42,0.99,NULL
7722,28-07-2005 04:44,309,838,28-07-2005 04:44,4.99,NULL
7723,28-07-2005 04:45,147,718,28-07-2005 04:45,0.99,0.5
7724,28-07-2005 04:46,3,77,28-07-2005 04:46,6.99,NULL
7725,28-07-2005 04:47,326,417,28-07-2005 04:47,2.99,NULL
7726,28-07-2005 04:52,219,564,28-07-2005 04:52,5.99,NULL
7727,28-07-2005 04:52,123,491,28-07-2005 04:52,2.99,1
7728,28-07-2005 04:56,130,109,28-07-2005 04:56,0.99,1
7729,28-07-2005 04:57,89,327,28-07-2005 04:57,4.99,NULL
7730,28-07-2005 04:59,155,685,28-07-2005 04:59,5.99,NULL
7731,28-07-2005 05:01,413,335,28-07-2005 05:01,0.99,1
7732,28-07-2005 05:03,158,786,28-07-2005 05:03,0.99,NULL
7733,28-07-2005 05:04,82,2,28-07-2005 05:04,9.99,NULL
7734,28-07-2005 05:08,135,598,28-07-2005 05:08,0.99,1
7735,28-07-2005 05:09,372,861,28-07-2005 05:09,4.99,NULL
7736,28-07-2005 05:12,205,976,28-07-2005 05:12,2.99,NULL
7737,28-07-2005 05:15,494,273,28-07-2005 05:15,1.99,NULL
7738,28-07-2005 05:21,10,16,28-07-2005 05:21,2.99,0.5
7739,28-07-2005 05:21,186,341,28-07-2005 05:21,0.99,1
7740,28-07-2005 05:23,395,789,28-07-2005 05:23,2.99,NULL
7741,28-07-2005 05:25,591,855,28-07-2005 05:25,0.99,1
7742,28-07-2005 05:33,49,392,28-07-2005 05:33,8.99,NULL
7743,28-07-2005 05:36,210,632,28-07-2005 05:36,5.99,NULL
7744,28-07-2005 05:38,288,406,28-07-2005 05:38,0.99,NULL
7745,28-07-2005 05:46,285,227,28-07-2005 05:46,9.99,0.5
7746,28-07-2005 05:48,299,39,28-07-2005 05:48,2.99,0.5
7747,28-07-2005 05:50,78,385,28-07-2005 05:50,4.99,1
7748,28-07-2005 05:52,415,771,28-07-2005 05:52,4.99,NULL
7749,28-07-2005 05:53,232,784,28-07-2005 05:53,2.99,NULL
7750,28-07-2005 05:55,220,179,28-07-2005 05:55,9.99,NULL
7751,28-07-2005 05:56,176,967,28-07-2005 05:56,5.99,NULL
7752,28-07-2005 06:01,209,480,28-07-2005 06:01,5.99,1
7753,28-07-2005 06:09,531,676,28-07-2005 06:09,6.99,0.5
7754,28-07-2005 06:10,138,432,28-07-2005 06:10,2.99,1
7755,28-07-2005 06:22,449,275,28-07-2005 06:22,6.99,0.5
7756,28-07-2005 06:22,469,352,28-07-2005 06:22,4.99,NULL
7757,28-07-2005 06:23,502,755,28-07-2005 06:23,4.99,1
7758,28-07-2005 06:23,356,945,28-07-2005 06:23,1.99,1
7759,28-07-2005 06:28,405,741,28-07-2005 06:28,0.99,NULL
7760,28-07-2005 06:29,307,90,28-07-2005 06:29,3.99,1
7761,28-07-2005 06:31,112,780,28-07-2005 06:31,4.99,NULL
7762,28-07-2005 06:34,462,710,28-07-2005 06:34,8.99,1
7763,28-07-2005 06:35,116,537,28-07-2005 06:35,5.99,NULL
7764,28-07-2005 06:40,142,773,28-07-2005 06:40,2.99,NULL
7765,28-07-2005 06:40,294,892,28-07-2005 06:40,4.99,NULL
7766,28-07-2005 06:41,292,609,28-07-2005 06:41,4.99,NULL
7767,28-07-2005 06:42,139,73,28-07-2005 06:42,5.99,NULL
7768,28-07-2005 06:44,123,535,28-07-2005 06:44,0.99,1
7769,28-07-2005 06:45,30,715,28-07-2005 06:45,4.99,NULL
7770,28-07-2005 06:49,507,326,28-07-2005 06:49,5.99,0.5
7771,28-07-2005 06:52,175,225,28-07-2005 06:52,0.99,1
7772,28-07-2005 06:59,552,220,28-07-2005 06:59,2.99,1
7773,28-07-2005 07:02,380,900,28-07-2005 07:02,2.99,NULL
7774,28-07-2005 07:03,259,763,28-07-2005 07:03,7.99,1
7775,28-07-2005 07:04,475,831,28-07-2005 07:04,1.99,NULL
7776,28-07-2005 07:04,385,906,28-07-2005 07:04,0.99,0.5
7777,28-07-2005 07:04,287,967,28-07-2005 07:04,2.99,1
7778,28-07-2005 07:10,248,233,28-07-2005 07:10,5.99,NULL
7779,28-07-2005 07:11,414,800,28-07-2005 07:11,2.99,NULL
7780,28-07-2005 07:11,236,675,28-07-2005 07:11,5.99,NULL
7781,28-07-2005 07:13,539,118,28-07-2005 07:13,2.99,NULL
7782,28-07-2005 07:13,199,825,28-07-2005 07:13,4.99,1
7783,28-07-2005 07:14,581,835,28-07-2005 07:14,2.99,NULL
7784,28-07-2005 07:15,505,789,28-07-2005 07:15,4.99,NULL
7785,28-07-2005 07:16,460,930,28-07-2005 07:16,3.99,NULL
7786,28-07-2005 07:18,222,494,28-07-2005 07:18,0.99,1
7787,28-07-2005 07:19,203,473,28-07-2005 07:19,6.99,NULL
7788,28-07-2005 07:21,487,19,28-07-2005 07:21,0.99,1
7789,28-07-2005 07:22,426,622,28-07-2005 07:22,5.99,1
7790,28-07-2005 07:22,189,505,28-07-2005 07:22,2.99,NULL
7791,28-07-2005 07:22,514,179,28-07-2005 07:22,4.99,1
7792,28-07-2005 07:24,236,816,28-07-2005 07:24,4.99,NULL
7793,28-07-2005 07:26,32,5,28-07-2005 07:26,2.99,1
7794,28-07-2005 07:28,510,985,28-07-2005 07:28,9.99,1
7795,28-07-2005 07:28,38,283,28-07-2005 07:28,0.99,NULL
7796,28-07-2005 07:39,419,135,28-07-2005 07:39,4.99,1
7797,28-07-2005 07:41,370,910,28-07-2005 07:41,0.99,1
7798,28-07-2005 07:41,236,723,28-07-2005 07:41,2.99,NULL
7799,28-07-2005 07:42,384,467,28-07-2005 07:42,0.99,1
7800,28-07-2005 07:50,499,743,28-07-2005 07:50,0.99,NULL
7801,28-07-2005 07:51,9,445,28-07-2005 07:51,2.99,NULL
7802,28-07-2005 07:51,298,245,28-07-2005 07:51,0.99,NULL
7803,28-07-2005 07:52,449,753,28-07-2005 07:52,3.99,0.5
7804,28-07-2005 07:56,249,129,28-07-2005 07:56,2.99,1
7805,28-07-2005 07:56,366,704,28-07-2005 07:56,6.99,0.5
7806,28-07-2005 07:58,440,941,28-07-2005 07:58,9.99,1
7807,28-07-2005 07:58,504,476,28-07-2005 07:58,2.99,NULL
7808,28-07-2005 07:58,327,882,28-07-2005 07:58,1.99,0.5
7809,28-07-2005 07:59,94,901,28-07-2005 07:59,2.99,NULL
7810,28-07-2005 08:00,537,6,28-07-2005 08:00,4.99,NULL
7811,28-07-2005 08:06,347,850,28-07-2005 08:06,0.99,NULL
7812,28-07-2005 08:06,237,994,28-07-2005 08:06,4.99,NULL
7813,28-07-2005 08:08,411,916,28-07-2005 08:08,2.99,NULL
7814,28-07-2005 08:09,258,584,28-07-2005 08:09,2.99,NULL
7815,28-07-2005 08:14,300,776,28-07-2005 08:14,4.99,1
7816,28-07-2005 08:14,283,311,28-07-2005 08:14,0.99,1
7817,28-07-2005 08:20,259,131,28-07-2005 08:20,4.99,1
7818,28-07-2005 08:25,301,365,28-07-2005 08:25,4.99,1
7819,28-07-2005 08:27,100,698,28-07-2005 08:27,4.99,1
7820,28-07-2005 08:28,459,978,28-07-2005 08:28,5.99,0.5
7821,28-07-2005 08:31,433,263,28-07-2005 08:31,4.99,NULL
7822,28-07-2005 08:31,156,313,28-07-2005 08:31,4.99,NULL
7823,28-07-2005 08:32,428,17,28-07-2005 08:32,6.99,1
7824,28-07-2005 08:34,153,484,28-07-2005 08:34,7.99,NULL
7825,28-07-2005 08:34,348,945,28-07-2005 08:34,4.99,NULL
7826,28-07-2005 08:35,214,322,28-07-2005 08:35,5.99,NULL
7827,28-07-2005 08:37,422,143,28-07-2005 08:37,0.99,1
7828,28-07-2005 08:40,212,373,28-07-2005 08:40,2.99,NULL
7829,28-07-2005 08:43,5,22,28-07-2005 08:43,3.99,NULL
7830,28-07-2005 08:43,144,981,28-07-2005 08:43,0.99,NULL
7831,28-07-2005 08:44,499,970,28-07-2005 08:44,0.99,NULL
7832,28-07-2005 08:46,92,64,28-07-2005 08:46,1.99,1
7833,28-07-2005 08:46,263,258,28-07-2005 08:46,1.99,NULL
7834,28-07-2005 08:46,278,896,28-07-2005 08:46,0.99,0.5
7835,28-07-2005 08:49,547,9,28-07-2005 08:49,4.99,0.5
7836,28-07-2005 08:55,481,384,28-07-2005 08:55,7.99,NULL
7837,28-07-2005 08:58,374,23,28-07-2005 08:58,0.99,1
7838,28-07-2005 09:00,550,481,28-07-2005 09:00,2.99,1
7839,28-07-2005 09:01,518,203,28-07-2005 09:01,6.99,0.5
7840,28-07-2005 09:03,482,637,28-07-2005 09:03,6.99,NULL
7841,28-07-2005 09:04,1,243,28-07-2005 09:04,4.99,0.5
7842,28-07-2005 09:10,276,534,28-07-2005 09:10,2.99,NULL
7843,28-07-2005 09:10,75,863,28-07-2005 09:10,0.99,NULL
7844,28-07-2005 09:16,187,917,28-07-2005 09:16,7.99,NULL
7845,28-07-2005 09:18,352,8,28-07-2005 09:18,5.99,NULL
7846,28-07-2005 09:21,309,914,28-07-2005 09:21,5.99,NULL
7847,28-07-2005 09:23,323,787,28-07-2005 09:23,1.99,NULL
7848,28-07-2005 09:24,509,35,28-07-2005 09:24,6.99,1
7849,28-07-2005 09:30,423,222,28-07-2005 09:30,9.99,0.5
7850,28-07-2005 09:31,118,640,28-07-2005 09:31,4.99,NULL
7851,28-07-2005 09:31,253,786,28-07-2005 09:31,0.99,0.5
7852,28-07-2005 09:34,123,759,28-07-2005 09:34,2.99,1
7853,28-07-2005 09:36,318,882,28-07-2005 09:36,0.99,NULL
7854,28-07-2005 09:42,84,773,28-07-2005 09:42,2.99,NULL
7855,28-07-2005 09:43,288,542,28-07-2005 09:43,2.99,NULL
7856,28-07-2005 09:48,375,518,28-07-2005 09:48,4.99,NULL
7857,28-07-2005 09:49,500,877,28-07-2005 09:49,0.99,NULL
7858,28-07-2005 09:50,144,220,28-07-2005 09:50,3.99,NULL
7859,28-07-2005 09:57,547,744,28-07-2005 09:57,3.99,0.5
7860,28-07-2005 09:58,241,524,28-07-2005 09:58,2.99,1
7861,28-07-2005 10:02,208,387,28-07-2005 10:02,2.99,1
7862,28-07-2005 10:02,299,551,28-07-2005 10:02,9.99,0.5
7863,28-07-2005 10:05,182,269,28-07-2005 10:05,0.99,NULL
7864,28-07-2005 10:06,20,274,28-07-2005 10:06,5.99,NULL
7865,28-07-2005 10:07,148,506,28-07-2005 10:07,9.99,NULL
7866,28-07-2005 10:08,101,350,28-07-2005 10:08,8.99,NULL
7867,28-07-2005 10:08,297,155,28-07-2005 10:08,0.99,1
7868,28-07-2005 10:08,43,785,28-07-2005 10:08,4.99,NULL
7869,28-07-2005 10:13,298,659,28-07-2005 10:13,7.99,NULL
7870,28-07-2005 10:16,240,216,28-07-2005 10:16,4.99,0.5
7871,28-07-2005 10:16,491,869,28-07-2005 10:16,6.99,0.5
7872,28-07-2005 10:18,66,181,28-07-2005 10:18,2.99,NULL
7873,28-07-2005 10:19,82,647,28-07-2005 10:19,0.99,NULL
7874,28-07-2005 10:21,86,653,28-07-2005 10:21,10.99,NULL
7875,28-07-2005 10:23,504,807,28-07-2005 10:23,1.99,NULL
7876,28-07-2005 10:24,577,778,28-07-2005 10:24,8.99,NULL
7877,28-07-2005 10:25,65,564,28-07-2005 10:25,6.99,NULL
7878,28-07-2005 10:27,141,343,28-07-2005 10:27,2.99,0.5
7879,28-07-2005 10:27,125,429,28-07-2005 10:27,0.99,NULL
7880,28-07-2005 10:30,182,803,28-07-2005 10:30,4.99,NULL
7881,28-07-2005 10:33,249,117,28-07-2005 10:33,4.99,1
7882,28-07-2005 10:33,516,856,28-07-2005 10:33,4.99,NULL
7883,28-07-2005 10:37,526,99,28-07-2005 10:37,2.99,NULL
7884,28-07-2005 10:37,502,846,28-07-2005 10:37,4.99,1
7885,28-07-2005 10:37,260,936,28-07-2005 10:37,7.99,1
7886,28-07-2005 10:37,352,54,28-07-2005 10:37,2.99,NULL
7887,28-07-2005 10:40,253,619,28-07-2005 10:40,2.99,0.5
7888,28-07-2005 10:40,378,119,28-07-2005 10:40,0.99,1
7889,28-07-2005 10:43,416,687,28-07-2005 10:43,0.99,NULL
7890,28-07-2005 10:43,553,755,28-07-2005 10:43,4.99,NULL
7891,28-07-2005 10:43,560,794,28-07-2005 10:43,3.99,NULL
7892,28-07-2005 10:46,397,596,28-07-2005 10:46,4.99,1
7893,28-07-2005 10:49,479,672,28-07-2005 10:49,2.99,NULL
7894,28-07-2005 10:53,330,773,28-07-2005 10:53,2.99,NULL
7895,28-07-2005 10:57,67,200,28-07-2005 10:57,0.99,1
7896,28-07-2005 11:00,389,778,28-07-2005 11:00,8.99,1
7897,28-07-2005 11:01,75,305,28-07-2005 11:01,2.99,NULL
7898,28-07-2005 11:08,499,588,28-07-2005 11:08,6.99,NULL
7899,28-07-2005 11:10,452,897,28-07-2005 11:10,6.99,NULL
7900,28-07-2005 11:11,154,610,28-07-2005 11:11,1.99,1
7901,28-07-2005 11:12,280,970,28-07-2005 11:12,0.99,NULL
7902,28-07-2005 11:14,356,674,28-07-2005 11:14,0.99,1
7903,28-07-2005 11:20,588,608,28-07-2005 11:20,2.99,1
7904,28-07-2005 11:25,477,71,28-07-2005 11:25,10.99,NULL
7905,28-07-2005 11:26,455,933,28-07-2005 11:26,5.99,NULL
7906,28-07-2005 11:31,85,270,28-07-2005 11:31,0.99,NULL
7907,28-07-2005 11:32,433,715,28-07-2005 11:32,4.99,NULL
7908,28-07-2005 11:32,360,796,28-07-2005 11:32,3.99,NULL
7909,28-07-2005 11:38,210,737,28-07-2005 11:38,0.99,NULL
7910,28-07-2005 11:44,480,444,28-07-2005 11:44,9.99,0.5
7911,28-07-2005 11:46,3,86,28-07-2005 11:46,4.99,NULL
7912,28-07-2005 11:46,127,163,28-07-2005 11:46,4.99,1
7913,28-07-2005 11:47,459,871,28-07-2005 11:47,6.99,0.5
7914,28-07-2005 11:48,469,614,28-07-2005 11:48,4.99,NULL
7915,28-07-2005 11:49,186,452,28-07-2005 11:49,3.99,1
7916,28-07-2005 11:49,13,847,28-07-2005 11:49,2.99,0.5
7917,28-07-2005 11:56,416,449,28-07-2005 11:56,2.99,NULL
7918,28-07-2005 11:58,473,12,28-07-2005 11:58,1.99,NULL
7919,28-07-2005 11:59,36,462,28-07-2005 11:59,6.99,0.5
7920,28-07-2005 12:01,48,12,28-07-2005 12:01,2.99,1
7921,28-07-2005 12:02,100,23,28-07-2005 12:02,1.99,1
7922,28-07-2005 12:05,125,178,28-07-2005 12:05,0.99,NULL
7923,28-07-2005 12:08,458,491,28-07-2005 12:08,3.99,NULL
7924,28-07-2005 12:08,97,142,28-07-2005 12:08,0.99,NULL
7925,28-07-2005 12:10,500,382,28-07-2005 12:10,2.99,NULL
7926,28-07-2005 12:13,78,39,28-07-2005 12:13,3.99,1
7927,28-07-2005 12:13,27,280,28-07-2005 12:13,1.99,NULL
7928,28-07-2005 12:15,473,203,28-07-2005 12:15,7.99,NULL
7929,28-07-2005 12:16,307,581,28-07-2005 12:16,0.99,1
7930,28-07-2005 12:21,320,911,28-07-2005 12:21,4.99,NULL
7931,28-07-2005 12:23,326,418,28-07-2005 12:23,4.99,NULL
7932,28-07-2005 12:24,462,817,28-07-2005 12:24,4.99,1
7933,28-07-2005 12:27,297,697,28-07-2005 12:27,0.99,1
7934,28-07-2005 12:33,332,579,28-07-2005 12:33,8.99,0.5
7935,28-07-2005 12:33,462,800,28-07-2005 12:33,2.99,1
7936,28-07-2005 12:33,520,122,28-07-2005 12:33,0.99,1
7937,28-07-2005 12:38,323,859,28-07-2005 12:38,4.99,NULL
7938,28-07-2005 12:39,114,565,28-07-2005 12:39,5.99,NULL
7939,28-07-2005 12:45,37,436,28-07-2005 12:45,0.99,1
7940,28-07-2005 12:46,409,200,28-07-2005 12:46,0.99,NULL
7941,28-07-2005 12:47,566,97,28-07-2005 12:47,0.99,0.5
7942,28-07-2005 12:49,56,357,28-07-2005 12:49,0.99,NULL
7943,28-07-2005 12:50,346,640,28-07-2005 12:50,6.99,1
7944,28-07-2005 12:51,504,691,28-07-2005 12:51,4.99,NULL
7945,28-07-2005 12:53,316,732,28-07-2005 12:53,1.99,1
7946,28-07-2005 13:01,90,20,28-07-2005 13:01,6.99,1
7947,28-07-2005 13:05,279,550,28-07-2005 13:05,2.99,0.5
7948,28-07-2005 13:06,589,48,28-07-2005 13:06,9.99,NULL
7949,28-07-2005 13:07,487,464,28-07-2005 13:07,4.99,1
7950,28-07-2005 13:21,122,494,28-07-2005 13:21,4.99,NULL
7951,28-07-2005 13:21,237,867,28-07-2005 13:21,8.99,NULL
7952,28-07-2005 13:23,158,729,28-07-2005 13:23,2.99,NULL
7953,28-07-2005 13:24,319,976,28-07-2005 13:24,2.99,NULL
7954,28-07-2005 13:25,145,816,28-07-2005 13:25,0.99,NULL
7955,28-07-2005 13:31,522,331,28-07-2005 13:31,2.99,NULL
7956,28-07-2005 13:32,118,945,28-07-2005 13:32,4.99,NULL
7957,28-07-2005 13:34,78,354,28-07-2005 13:34,6.99,1
7958,28-07-2005 13:34,593,92,28-07-2005 13:34,4.99,NULL
7959,28-07-2005 13:43,178,340,28-07-2005 13:43,4.99,1
7960,28-07-2005 13:47,324,596,28-07-2005 13:47,6.99,1
7961,28-07-2005 13:47,45,723,28-07-2005 13:47,3.99,NULL
7962,28-07-2005 13:48,126,379,28-07-2005 13:48,0.99,1
7963,28-07-2005 13:48,247,204,28-07-2005 13:48,5.99,NULL
7964,28-07-2005 13:49,574,555,28-07-2005 13:49,2.99,0.5
7965,28-07-2005 13:52,134,803,28-07-2005 13:52,4.99,0.5
7966,28-07-2005 13:53,91,552,28-07-2005 13:53,4.99,NULL
7967,28-07-2005 13:56,187,444,28-07-2005 13:56,7.99,NULL
7968,28-07-2005 13:57,597,845,28-07-2005 13:57,4.99,NULL
7969,28-07-2005 13:57,123,481,28-07-2005 13:57,5.99,1
7970,28-07-2005 13:58,507,222,28-07-2005 13:58,5.99,0.5
7971,28-07-2005 14:00,445,415,28-07-2005 14:00,4.99,NULL
7972,28-07-2005 14:07,269,644,28-07-2005 14:07,2.99,NULL
7973,28-07-2005 14:10,339,858,28-07-2005 14:10,4.99,1
7974,28-07-2005 14:11,380,533,28-07-2005 14:11,3.99,NULL
7975,28-07-2005 14:12,211,562,28-07-2005 14:12,2.99,1
7976,28-07-2005 14:13,205,500,28-07-2005 14:13,7.99,NULL
7977,28-07-2005 14:15,389,694,28-07-2005 14:15,4.99,1
7978,28-07-2005 14:16,431,113,28-07-2005 14:16,4.99,NULL
7979,28-07-2005 14:16,94,727,28-07-2005 14:16,0.99,NULL
7980,28-07-2005 14:16,329,228,28-07-2005 14:16,4.99,0.5
7981,28-07-2005 14:18,392,18,28-07-2005 14:18,1.99,NULL
7982,28-07-2005 14:19,71,145,28-07-2005 14:19,4.99,NULL
7983,28-07-2005 14:23,115,398,28-07-2005 14:23,4.99,NULL
7984,28-07-2005 14:27,208,636,28-07-2005 14:27,2.99,1
7985,28-07-2005 14:29,388,876,28-07-2005 14:29,5.99,NULL
7986,28-07-2005 14:30,395,284,28-07-2005 14:30,7.99,NULL
7987,28-07-2005 14:36,443,65,28-07-2005 14:36,9.99,1
7988,28-07-2005 14:37,517,638,28-07-2005 14:37,3.99,NULL
7989,28-07-2005 14:39,149,702,28-07-2005 14:39,6.99,NULL
7990,28-07-2005 14:43,232,42,28-07-2005 14:43,2.99,NULL
7991,28-07-2005 14:45,59,251,28-07-2005 14:45,4.99,1
7992,28-07-2005 14:53,33,403,28-07-2005 14:53,4.99,NULL
7993,28-07-2005 14:56,353,643,28-07-2005 14:56,3.99,NULL
7994,28-07-2005 14:56,21,531,28-07-2005 14:56,0.99,0.5
7995,28-07-2005 15:00,89,117,28-07-2005 15:00,4.99,NULL
7996,28-07-2005 15:00,408,468,28-07-2005 15:00,4.99,NULL
7997,28-07-2005 15:02,591,402,28-07-2005 15:02,4.99,1
7998,28-07-2005 15:08,598,306,28-07-2005 15:08,0.99,NULL
7999,28-07-2005 15:10,170,603,28-07-2005 15:10,7.99,1
8000,28-07-2005 15:10,212,358,28-07-2005 15:10,4.99,NULL
8001,28-07-2005 15:10,10,563,28-07-2005 15:10,6.99,0.5
8002,28-07-2005 15:11,449,4,28-07-2005 15:11,2.99,0.5
8003,28-07-2005 15:11,89,609,28-07-2005 15:11,2.99,NULL
8004,28-07-2005 15:14,393,968,28-07-2005 15:14,4.99,1
8005,28-07-2005 15:15,488,146,28-07-2005 15:15,2.99,NULL
8006,28-07-2005 15:15,109,863,28-07-2005 15:15,3.99,NULL
8007,28-07-2005 15:22,525,423,28-07-2005 15:22,0.99,NULL
8008,28-07-2005 15:25,41,453,28-07-2005 15:25,6.99,NULL
8009,28-07-2005 15:25,372,74,28-07-2005 15:25,7.99,NULL
8010,28-07-2005 15:26,467,13,28-07-2005 15:26,7.99,NULL
8011,28-07-2005 15:26,497,930,28-07-2005 15:26,2.99,NULL
8012,28-07-2005 15:29,343,330,28-07-2005 15:29,5.99,NULL
8013,28-07-2005 15:30,403,450,28-07-2005 15:30,5.99,1
8014,28-07-2005 15:32,11,508,28-07-2005 15:32,4.99,0.5
8015,28-07-2005 15:33,23,394,28-07-2005 15:33,2.99,NULL
8016,28-07-2005 15:35,391,114,28-07-2005 15:35,0.99,0.5
8017,28-07-2005 15:35,328,382,28-07-2005 15:35,1.99,NULL
8018,28-07-2005 15:36,377,897,28-07-2005 15:36,10.99,0.5
8019,28-07-2005 15:37,84,402,28-07-2005 15:37,4.99,NULL
8020,28-07-2005 15:43,498,974,28-07-2005 15:43,4.99,NULL
8021,28-07-2005 15:45,501,417,28-07-2005 15:45,2.99,NULL
8022,28-07-2005 15:48,314,67,28-07-2005 15:48,6.99,1
8023,28-07-2005 15:53,411,461,28-07-2005 15:53,0.99,NULL
8024,28-07-2005 15:55,90,378,28-07-2005 15:55,2.99,1
8025,28-07-2005 16:03,421,644,28-07-2005 16:03,2.99,1
8026,28-07-2005 16:05,511,918,28-07-2005 16:05,4.99,1
8027,28-07-2005 16:09,436,295,28-07-2005 16:09,5.99,NULL
8028,28-07-2005 16:11,137,596,28-07-2005 16:11,8.99,NULL
8029,28-07-2005 16:11,61,930,28-07-2005 16:11,6.99,NULL
8030,28-07-2005 16:12,30,578,28-07-2005 16:12,4.99,NULL
8031,28-07-2005 16:15,40,475,28-07-2005 16:15,0.99,NULL
8032,28-07-2005 16:17,230,95,28-07-2005 16:17,4.99,NULL
8033,28-07-2005 16:18,1,929,28-07-2005 16:18,4.99,0.5
8034,28-07-2005 16:20,502,434,28-07-2005 16:20,4.99,1
8035,28-07-2005 16:23,14,329,28-07-2005 16:23,6.99,NULL
8036,28-07-2005 16:27,412,601,28-07-2005 16:27,0.99,1
8037,28-07-2005 16:31,409,865,28-07-2005 16:31,4.99,NULL
8038,28-07-2005 16:32,30,271,28-07-2005 16:32,4.99,NULL
8039,28-07-2005 16:35,203,434,28-07-2005 16:35,0.99,NULL
8040,28-07-2005 16:39,163,992,28-07-2005 16:39,0.99,0.5
8041,28-07-2005 16:39,357,166,28-07-2005 16:39,2.99,NULL
8042,28-07-2005 16:45,14,942,28-07-2005 16:45,0.99,NULL
8043,28-07-2005 16:45,577,46,28-07-2005 16:45,5.99,NULL
8044,28-07-2005 16:49,442,193,28-07-2005 16:49,2.99,1
8045,28-07-2005 16:49,368,751,28-07-2005 16:49,0.99,0.5
8046,28-07-2005 16:49,120,630,28-07-2005 16:49,0.99,NULL
8047,28-07-2005 16:49,292,645,28-07-2005 16:49,2.99,NULL
8048,28-07-2005 16:50,182,597,28-07-2005 16:50,8.99,NULL
8049,28-07-2005 16:51,42,147,28-07-2005 16:51,0.99,NULL
8050,28-07-2005 16:55,488,406,28-07-2005 16:55,0.99,NULL
8051,28-07-2005 16:56,192,963,28-07-2005 16:56,0.99,1
8052,28-07-2005 16:57,166,537,28-07-2005 16:57,5.99,NULL
8053,28-07-2005 16:59,526,330,28-07-2005 16:59,4.99,NULL
8054,28-07-2005 17:02,225,236,28-07-2005 17:02,7.99,1
8055,28-07-2005 17:02,304,904,28-07-2005 17:02,4.99,NULL
8056,28-07-2005 17:04,589,875,28-07-2005 17:04,0.99,NULL
8057,28-07-2005 17:07,483,908,28-07-2005 17:07,7.99,0.5
8058,28-07-2005 17:07,404,464,28-07-2005 17:07,5.99,0.5
8059,28-07-2005 17:09,372,572,28-07-2005 17:09,2.99,NULL
8060,28-07-2005 17:10,577,823,28-07-2005 17:10,6.99,NULL
8061,28-07-2005 17:12,467,141,28-07-2005 17:12,6.99,NULL
8062,28-07-2005 17:15,317,304,28-07-2005 17:15,2.99,NULL
8063,28-07-2005 17:15,163,207,28-07-2005 17:15,4.99,0.5
8064,28-07-2005 17:15,488,829,28-07-2005 17:15,2.99,NULL
8065,28-07-2005 17:15,220,91,28-07-2005 17:15,2.99,NULL
8066,28-07-2005 17:20,462,705,28-07-2005 17:20,2.99,1
8067,28-07-2005 17:20,209,856,28-07-2005 17:20,4.99,1
8068,28-07-2005 17:22,216,46,28-07-2005 17:22,4.99,1
8069,28-07-2005 17:23,178,619,28-07-2005 17:23,0.99,1
8070,28-07-2005 17:26,89,351,28-07-2005 17:26,2.99,NULL
8071,28-07-2005 17:27,131,566,28-07-2005 17:27,0.99,NULL
8072,28-07-2005 17:27,99,511,28-07-2005 17:27,0.99,NULL
8073,28-07-2005 17:29,314,137,28-07-2005 17:29,3.99,1
8074,28-07-2005 17:33,1,341,28-07-2005 17:33,0.99,0.5
8075,28-07-2005 17:37,61,469,28-07-2005 17:37,4.99,NULL
8076,28-07-2005 17:45,17,48,28-07-2005 17:45,8.99,1
8077,28-07-2005 17:54,122,716,28-07-2005 17:54,2.99,NULL
8078,28-07-2005 17:54,407,841,28-07-2005 17:54,2.99,NULL
8079,28-07-2005 17:58,432,778,28-07-2005 17:58,4.99,NULL
8080,28-07-2005 18:05,406,666,28-07-2005 18:05,4.99,NULL
8081,28-07-2005 18:06,362,963,28-07-2005 18:06,2.99,1
8082,28-07-2005 18:08,423,679,28-07-2005 18:08,3.99,0.5
8083,28-07-2005 18:09,30,473,28-07-2005 18:09,4.99,NULL
8084,28-07-2005 18:11,571,202,28-07-2005 18:11,5.99,NULL
8085,28-07-2005 18:13,552,672,28-07-2005 18:13,2.99,1
8086,28-07-2005 18:17,3,263,28-07-2005 18:17,4.99,NULL
8087,28-07-2005 18:21,295,416,28-07-2005 18:21,0.99,1
8088,28-07-2005 18:23,343,568,28-07-2005 18:23,9.99,NULL
8089,28-07-2005 18:26,50,309,28-07-2005 18:26,0.99,NULL
8090,28-07-2005 18:27,387,295,28-07-2005 18:27,2.99,NULL
8091,28-07-2005 18:27,126,664,28-07-2005 18:27,2.99,1
8092,28-07-2005 18:28,167,443,28-07-2005 18:28,2.99,1
8093,28-07-2005 18:29,533,312,28-07-2005 18:29,8.99,1
8094,28-07-2005 18:30,432,930,28-07-2005 18:30,6.99,NULL
8095,28-07-2005 18:32,42,589,28-07-2005 18:32,6.99,NULL
8096,28-07-2005 18:32,506,112,28-07-2005 18:32,9.99,NULL
8097,28-07-2005 18:32,436,596,28-07-2005 18:32,9.99,NULL
8098,28-07-2005 18:34,41,382,28-07-2005 18:34,0.99,NULL
8099,28-07-2005 18:35,36,808,28-07-2005 18:35,0.99,0.5
8100,28-07-2005 18:43,11,626,28-07-2005 18:43,2.99,0.5
8101,28-07-2005 18:47,6,160,28-07-2005 18:47,0.99,NULL
8102,28-07-2005 18:49,237,983,28-07-2005 18:49,2.99,NULL
8103,28-07-2005 18:50,397,977,28-07-2005 18:50,6.99,1
8104,28-07-2005 18:59,533,241,28-07-2005 18:59,2.99,1
8105,28-07-2005 18:59,314,291,28-07-2005 18:59,0.99,1
8106,28-07-2005 19:02,137,215,28-07-2005 19:02,4.99,NULL
8107,28-07-2005 19:03,518,291,28-07-2005 19:03,3.99,0.5
8108,28-07-2005 19:07,295,350,28-07-2005 19:07,7.99,1
8109,28-07-2005 19:07,407,141,28-07-2005 19:07,4.99,NULL
8110,28-07-2005 19:07,225,275,28-07-2005 19:07,4.99,1
8111,28-07-2005 19:10,148,708,28-07-2005 19:10,4.99,NULL
8112,28-07-2005 19:11,528,533,28-07-2005 19:11,4.99,NULL
8113,28-07-2005 19:14,541,929,28-07-2005 19:14,8.99,NULL
8114,28-07-2005 19:14,509,177,28-07-2005 19:14,8.99,1
8115,28-07-2005 19:14,106,451,28-07-2005 19:14,4.99,1
8116,28-07-2005 19:20,1,982,28-07-2005 19:20,0.99,0.5
8117,28-07-2005 19:20,300,329,28-07-2005 19:20,6.99,1
8118,28-07-2005 19:22,566,73,28-07-2005 19:22,2.99,0.5
8119,28-07-2005 19:23,398,337,28-07-2005 19:23,3.99,1
8120,28-07-2005 19:24,235,870,28-07-2005 19:24,0.99,NULL
8121,28-07-2005 19:25,363,482,28-07-2005 19:25,2.99,NULL
8122,28-07-2005 19:27,18,463,28-07-2005 19:27,2.99,NULL
8123,28-07-2005 19:28,138,488,28-07-2005 19:28,4.99,1
8124,28-07-2005 19:28,357,264,28-07-2005 19:28,2.99,NULL
8125,28-07-2005 19:31,96,944,28-07-2005 19:31,4.99,NULL
8126,28-07-2005 19:32,537,158,28-07-2005 19:32,4.99,NULL
8127,28-07-2005 19:45,20,928,28-07-2005 19:45,2.99,NULL
8128,28-07-2005 19:46,71,629,28-07-2005 19:46,2.99,NULL
8129,28-07-2005 19:47,345,559,28-07-2005 19:47,2.99,NULL
8130,28-07-2005 19:48,499,882,28-07-2005 19:48,4.99,NULL
8131,28-07-2005 19:55,281,97,28-07-2005 19:55,0.99,1
8132,28-07-2005 19:57,562,287,28-07-2005 19:57,0.99,NULL
8133,28-07-2005 20:01,461,186,28-07-2005 20:01,0.99,NULL
8134,28-07-2005 20:01,41,369,28-07-2005 20:01,6.99,NULL
8135,28-07-2005 20:03,164,295,28-07-2005 20:03,3.99,0.5
8136,28-07-2005 20:05,429,753,28-07-2005 20:05,1.99,0.5
8137,28-07-2005 20:07,312,699,28-07-2005 20:07,4.99,NULL
8138,28-07-2005 20:12,371,279,28-07-2005 20:12,4.99,NULL
8139,28-07-2005 20:16,177,797,28-07-2005 20:16,0.99,NULL
8140,28-07-2005 20:17,119,929,28-07-2005 20:17,4.99,0.5
8141,28-07-2005 20:21,523,79,28-07-2005 20:21,0.99,1
8142,28-07-2005 20:21,322,239,28-07-2005 20:21,4.99,NULL
8143,28-07-2005 20:23,429,792,28-07-2005 20:23,2.99,0.5
8144,28-07-2005 20:30,320,777,28-07-2005 20:30,4.99,NULL
8145,28-07-2005 20:34,198,207,28-07-2005 20:34,5.99,NULL
8146,28-07-2005 20:37,476,531,28-07-2005 20:37,0.99,NULL
8147,28-07-2005 20:37,228,136,28-07-2005 20:37,2.99,NULL
8148,28-07-2005 20:39,347,117,28-07-2005 20:39,4.99,NULL
8149,28-07-2005 20:48,591,389,28-07-2005 20:48,3.99,1
8150,28-07-2005 20:50,497,764,28-07-2005 20:50,6.99,NULL
8151,28-07-2005 20:50,495,953,28-07-2005 20:50,0.99,1
8152,28-07-2005 20:53,46,560,28-07-2005 20:53,3.99,1
8153,28-07-2005 20:55,347,469,28-07-2005 20:55,4.99,NULL
8154,28-07-2005 20:56,285,263,28-07-2005 20:56,4.99,0.5
8155,28-07-2005 20:57,428,664,28-07-2005 20:57,2.99,1
8156,28-07-2005 20:59,257,431,28-07-2005 20:59,3.99,NULL
8157,28-07-2005 21:06,566,203,28-07-2005 21:06,6.99,0.5
8158,28-07-2005 21:08,458,942,28-07-2005 21:08,0.99,NULL
8159,28-07-2005 21:09,47,247,28-07-2005 21:09,4.99,1
8160,28-07-2005 21:10,138,534,28-07-2005 21:10,3.99,1
8161,28-07-2005 21:11,555,186,28-07-2005 21:11,0.99,NULL
8162,28-07-2005 21:11,107,960,28-07-2005 21:11,4.99,NULL
8163,28-07-2005 21:11,157,417,28-07-2005 21:11,0.99,NULL
8164,28-07-2005 21:17,461,366,28-07-2005 21:17,0.99,NULL
8165,28-07-2005 21:23,197,759,28-07-2005 21:23,2.99,1
8166,28-07-2005 21:23,42,852,28-07-2005 21:23,2.99,NULL
8167,28-07-2005 21:25,311,698,28-07-2005 21:25,6.99,1
8168,28-07-2005 21:28,365,248,28-07-2005 21:28,4.99,0.5
8169,28-07-2005 21:29,366,890,28-07-2005 21:29,4.99,0.5
8170,28-07-2005 21:32,40,547,28-07-2005 21:32,3.99,NULL
8171,28-07-2005 21:32,296,741,28-07-2005 21:32,0.99,1
8172,28-07-2005 21:34,329,274,28-07-2005 21:34,7.99,0.5
8173,28-07-2005 21:35,332,956,28-07-2005 21:35,6.99,0.5
8174,28-07-2005 21:36,359,103,28-07-2005 21:36,4.99,NULL
8175,28-07-2005 21:38,429,139,28-07-2005 21:38,7.99,0.5
8176,28-07-2005 21:42,347,772,28-07-2005 21:42,4.99,NULL
8177,28-07-2005 21:43,122,809,28-07-2005 21:43,0.99,NULL
8178,28-07-2005 21:54,503,620,28-07-2005 21:54,2.99,0.5
8179,28-07-2005 22:05,578,638,28-07-2005 22:05,2.99,NULL
8180,28-07-2005 22:05,281,710,28-07-2005 22:05,4.99,1
8181,28-07-2005 22:18,522,78,28-07-2005 22:18,4.99,NULL
8182,28-07-2005 22:19,427,895,28-07-2005 22:19,3.99,1
8183,28-07-2005 22:21,119,338,28-07-2005 22:21,5.99,0.5
8184,28-07-2005 22:22,160,276,28-07-2005 22:22,4.99,1
8185,28-07-2005 22:23,568,535,28-07-2005 22:23,0.99,NULL
8186,28-07-2005 22:30,102,925,28-07-2005 22:30,0.99,NULL
8187,28-07-2005 22:33,87,210,28-07-2005 22:33,7.99,NULL
8188,28-07-2005 22:34,10,838,28-07-2005 22:34,4.99,0.5
8189,28-07-2005 22:36,361,770,28-07-2005 22:36,4.99,NULL
8190,28-07-2005 22:47,267,496,28-07-2005 22:47,4.99,1
8191,28-07-2005 22:47,508,385,28-07-2005 22:47,4.99,1
8192,28-07-2005 22:49,552,57,28-07-2005 22:49,2.99,1
8193,28-07-2005 22:50,15,525,28-07-2005 22:50,0.99,1
8194,28-07-2005 22:51,424,254,28-07-2005 22:51,2.99,1
8195,28-07-2005 22:52,590,869,28-07-2005 22:52,5.99,NULL
8196,28-07-2005 22:56,21,753,28-07-2005 22:56,6.99,0.5
8197,28-07-2005 23:04,407,897,28-07-2005 23:04,9.99,NULL
8198,28-07-2005 23:08,356,383,28-07-2005 23:08,3.99,1
8199,28-07-2005 23:10,471,89,28-07-2005 23:10,0.99,NULL
8200,28-07-2005 23:10,185,78,28-07-2005 23:10,2.99,0.5
8201,28-07-2005 23:10,567,49,28-07-2005 23:10,2.99,1
8202,28-07-2005 23:11,75,833,28-07-2005 23:11,1.99,NULL
8203,28-07-2005 23:14,100,848,28-07-2005 23:14,0.99,1
8204,28-07-2005 23:18,398,542,28-07-2005 23:18,4.99,1
8205,28-07-2005 23:18,434,646,28-07-2005 23:18,0.99,NULL
8206,28-07-2005 23:20,422,652,28-07-2005 23:20,4.99,1
8207,28-07-2005 23:26,475,266,28-07-2005 23:26,5.99,NULL
8208,28-07-2005 23:26,530,300,28-07-2005 23:26,4.99,NULL
8209,28-07-2005 23:29,127,545,28-07-2005 23:29,6.99,1
8210,28-07-2005 23:31,300,750,28-07-2005 23:31,6.99,1
8211,28-07-2005 23:34,193,406,28-07-2005 23:34,2.99,NULL
8212,28-07-2005 23:37,159,288,28-07-2005 23:37,2.99,NULL
8213,28-07-2005 23:37,17,835,28-07-2005 23:37,2.99,1
8214,28-07-2005 23:37,509,78,28-07-2005 23:37,5.99,1
8215,28-07-2005 23:43,437,641,28-07-2005 23:43,2.99,NULL
8216,28-07-2005 23:43,254,478,28-07-2005 23:43,7.99,1
8217,28-07-2005 23:44,206,820,28-07-2005 23:44,5.99,1
8218,28-07-2005 23:45,578,608,28-07-2005 23:45,2.99,NULL
8219,28-07-2005 23:46,227,789,28-07-2005 23:46,2.99,NULL
8220,28-07-2005 23:46,360,236,28-07-2005 23:46,2.99,NULL
8221,28-07-2005 23:47,496,689,28-07-2005 23:47,2.99,1
8222,28-07-2005 23:51,278,657,28-07-2005 23:51,5.99,0.5
8223,28-07-2005 23:56,282,985,28-07-2005 23:56,6.99,NULL
8224,28-07-2005 23:59,467,434,28-07-2005 23:59,2.99,NULL
8225,28-07-2005 23:59,41,792,28-07-2005 23:59,2.99,NULL
8226,29-07-2005 00:01,368,774,29-07-2005 00:01,2.99,0.5
8227,29-07-2005 00:02,167,60,29-07-2005 00:02,4.99,1
8228,29-07-2005 00:08,72,426,29-07-2005 00:08,4.99,NULL
8229,29-07-2005 00:09,498,930,29-07-2005 00:09,2.99,NULL
8230,29-07-2005 00:12,2,421,29-07-2005 00:12,5.99,NULL
8231,29-07-2005 00:14,331,241,29-07-2005 00:14,0.99,NULL
8232,29-07-2005 00:14,526,716,29-07-2005 00:14,4.99,NULL
8233,29-07-2005 00:16,93,358,29-07-2005 00:16,0.99,1
8234,29-07-2005 00:19,227,140,29-07-2005 00:19,0.99,NULL
8235,29-07-2005 00:22,320,347,29-07-2005 00:22,4.99,NULL
8236,29-07-2005 00:27,369,414,29-07-2005 00:27,2.99,NULL
8237,29-07-2005 00:29,441,132,29-07-2005 00:29,2.99,NULL
8238,29-07-2005 00:30,320,646,29-07-2005 00:30,0.99,NULL
8239,29-07-2005 00:31,549,862,29-07-2005 00:31,0.99,NULL
8240,29-07-2005 00:33,509,430,29-07-2005 00:33,0.99,1
8241,29-07-2005 00:33,26,936,29-07-2005 00:33,4.99,NULL
8242,29-07-2005 00:34,99,113,29-07-2005 00:34,7.99,NULL
8243,29-07-2005 00:35,481,408,29-07-2005 00:35,6.99,NULL
8244,29-07-2005 00:35,175,341,29-07-2005 00:35,2.99,1
8245,29-07-2005 00:37,555,733,29-07-2005 00:37,3.99,NULL
8246,29-07-2005 00:38,146,376,29-07-2005 00:38,3.99,NULL
8247,29-07-2005 00:41,539,572,29-07-2005 00:41,6.99,NULL
8248,29-07-2005 00:41,272,439,29-07-2005 00:41,7.99,1
8249,29-07-2005 00:48,57,733,29-07-2005 00:48,5.99,NULL
8250,29-07-2005 00:49,533,986,29-07-2005 00:49,2.99,1
8251,29-07-2005 00:50,408,503,29-07-2005 00:50,4.99,NULL
8252,29-07-2005 00:54,257,729,29-07-2005 00:54,2.99,NULL
8253,29-07-2005 00:57,76,521,29-07-2005 00:57,6.99,NULL
8254,29-07-2005 00:59,392,388,29-07-2005 00:59,0.99,NULL
8255,29-07-2005 01:02,224,812,29-07-2005 01:02,0.99,1
8256,29-07-2005 01:02,537,324,29-07-2005 01:02,4.99,NULL
8257,29-07-2005 01:03,566,664,29-07-2005 01:03,2.99,0.5
8258,29-07-2005 01:03,370,303,29-07-2005 01:03,0.99,1
8259,29-07-2005 01:05,274,76,29-07-2005 01:05,0.99,1
8260,29-07-2005 01:11,366,924,29-07-2005 01:11,1.99,0.5
8261,29-07-2005 01:11,50,416,29-07-2005 01:11,0.99,NULL
8262,29-07-2005 01:11,563,295,29-07-2005 01:11,1.99,NULL
8263,29-07-2005 01:11,5,6,29-07-2005 01:11,2.99,NULL
8264,29-07-2005 01:18,175,655,29-07-2005 01:18,4.99,1
8265,29-07-2005 01:20,409,521,29-07-2005 01:20,5.99,NULL
8266,29-07-2005 01:20,196,430,29-07-2005 01:20,0.99,NULL
8267,29-07-2005 01:21,131,893,29-07-2005 01:21,6.99,NULL
8268,29-07-2005 01:23,421,922,29-07-2005 01:23,4.99,1
8269,29-07-2005 01:26,376,609,29-07-2005 01:26,2.99,1
8270,29-07-2005 01:27,282,779,29-07-2005 01:27,4.99,NULL
8271,29-07-2005 01:27,481,17,29-07-2005 01:27,6.99,NULL
8272,29-07-2005 01:29,346,13,29-07-2005 01:29,5.99,1
8273,29-07-2005 01:33,532,922,29-07-2005 01:33,5.99,1
8274,29-07-2005 01:34,340,578,29-07-2005 01:34,4.99,1
8275,29-07-2005 01:35,336,969,29-07-2005 01:35,4.99,1
8276,29-07-2005 01:38,466,535,29-07-2005 01:38,0.99,1
8277,29-07-2005 01:38,13,286,29-07-2005 01:38,2.99,0.5
8278,29-07-2005 01:42,265,167,29-07-2005 01:42,5.99,NULL
8279,29-07-2005 01:43,176,841,29-07-2005 01:43,2.99,NULL
8280,29-07-2005 01:45,195,269,29-07-2005 01:45,4.99,NULL
8281,29-07-2005 01:46,441,200,29-07-2005 01:46,0.99,NULL
8282,29-07-2005 01:49,462,218,29-07-2005 01:49,0.99,1
8283,29-07-2005 01:52,300,436,29-07-2005 01:52,3.99,1
8284,29-07-2005 01:56,446,953,29-07-2005 01:56,6.99,1
8285,29-07-2005 02:00,56,149,29-07-2005 02:00,0.99,NULL
8286,29-07-2005 02:02,87,891,29-07-2005 02:02,5.99,NULL
8287,29-07-2005 02:03,178,176,29-07-2005 02:03,3.99,1
8288,29-07-2005 02:04,55,396,29-07-2005 02:04,6.99,1
8289,29-07-2005 02:23,459,1000,29-07-2005 02:23,9.99,0.5
8290,29-07-2005 02:24,462,837,29-07-2005 02:24,3.99,1
8291,29-07-2005 02:28,455,619,29-07-2005 02:28,2.99,NULL
8292,29-07-2005 02:29,192,871,29-07-2005 02:29,7.99,1
8293,29-07-2005 02:30,71,181,29-07-2005 02:30,2.99,NULL
8294,29-07-2005 02:32,520,393,29-07-2005 02:32,2.99,1
8295,29-07-2005 02:42,406,448,29-07-2005 02:42,2.99,NULL
8296,29-07-2005 02:43,88,557,29-07-2005 02:43,2.99,NULL
8297,29-07-2005 02:45,349,826,29-07-2005 02:45,4.99,NULL
8298,29-07-2005 02:47,493,212,29-07-2005 02:47,4.99,0.5
8299,29-07-2005 02:56,173,391,29-07-2005 02:56,2.99,NULL
8300,29-07-2005 02:57,222,951,29-07-2005 02:57,1.99,1
8301,29-07-2005 03:00,101,122,29-07-2005 03:00,0.99,NULL
8302,29-07-2005 03:01,103,290,29-07-2005 03:01,0.99,NULL
8303,29-07-2005 03:05,574,354,29-07-2005 03:05,4.99,0.5
8304,29-07-2005 03:08,119,969,29-07-2005 03:08,4.99,0.5
8305,29-07-2005 03:08,566,855,29-07-2005 03:08,1.99,0.5
8306,29-07-2005 03:12,232,373,29-07-2005 03:12,2.99,NULL
8307,29-07-2005 03:18,39,702,29-07-2005 03:18,6.99,1
8308,29-07-2005 03:22,582,131,29-07-2005 03:22,5.99,NULL
8309,29-07-2005 03:22,446,486,29-07-2005 03:22,4.99,1
8310,29-07-2005 03:25,238,578,29-07-2005 03:25,8.99,1
8311,29-07-2005 03:26,63,791,29-07-2005 03:26,5.99,NULL
8312,29-07-2005 03:32,143,870,29-07-2005 03:32,0.99,0.5
8313,29-07-2005 03:34,91,600,29-07-2005 03:34,0.99,NULL
8314,29-07-2005 03:35,118,471,29-07-2005 03:35,3.99,NULL
8315,29-07-2005 03:37,135,311,29-07-2005 03:37,0.99,1
8316,29-07-2005 03:38,549,895,29-07-2005 03:38,4.99,NULL
8317,29-07-2005 03:39,415,851,29-07-2005 03:39,2.99,NULL
8318,29-07-2005 03:44,167,987,29-07-2005 03:44,2.99,1
8319,29-07-2005 03:44,280,163,29-07-2005 03:44,0.99,NULL
8320,29-07-2005 03:49,513,284,29-07-2005 03:49,4.99,NULL
8321,29-07-2005 03:50,354,409,29-07-2005 03:50,4.99,1
8322,29-07-2005 03:52,541,68,29-07-2005 03:52,4.99,NULL
8323,29-07-2005 03:52,87,608,29-07-2005 03:52,4.99,NULL
8324,29-07-2005 03:56,98,321,29-07-2005 03:56,5.99,NULL
8325,29-07-2005 03:57,362,206,29-07-2005 03:57,2.99,1
8326,29-07-2005 03:58,1,22,29-07-2005 03:58,2.99,0.5
8327,29-07-2005 04:00,317,644,29-07-2005 04:00,2.99,NULL
8328,29-07-2005 04:06,314,973,29-07-2005 04:06,6.99,1
8329,29-07-2005 04:06,108,760,29-07-2005 04:06,5.99,NULL
8330,29-07-2005 04:09,412,499,29-07-2005 04:09,8.99,1
8331,29-07-2005 04:13,148,4,29-07-2005 04:13,3.99,NULL
8332,29-07-2005 04:16,217,253,29-07-2005 04:16,4.99,1
8333,29-07-2005 04:16,494,180,29-07-2005 04:16,2.99,NULL
8334,29-07-2005 04:18,154,219,29-07-2005 04:18,7.99,1
8335,29-07-2005 04:18,143,374,29-07-2005 04:18,0.99,0.5
8336,29-07-2005 04:20,210,460,29-07-2005 04:20,8.99,NULL
8337,29-07-2005 04:31,157,164,29-07-2005 04:31,0.99,NULL
8338,29-07-2005 04:40,389,488,29-07-2005 04:40,6.99,1
8339,29-07-2005 04:41,129,408,29-07-2005 04:41,4.99,1
8340,29-07-2005 04:41,386,341,29-07-2005 04:41,4.99,NULL
8341,29-07-2005 04:42,309,915,29-07-2005 04:42,4.99,NULL
8342,29-07-2005 04:45,572,727,29-07-2005 04:45,0.99,NULL
8343,29-07-2005 04:45,439,928,29-07-2005 04:45,2.99,NULL
8344,29-07-2005 04:45,257,49,29-07-2005 04:45,4.99,NULL
8345,29-07-2005 04:47,129,231,29-07-2005 04:47,2.99,1
8346,29-07-2005 04:48,385,542,29-07-2005 04:48,2.99,0.5
8347,29-07-2005 04:49,157,963,29-07-2005 04:49,0.99,NULL
8348,29-07-2005 04:49,174,989,29-07-2005 04:49,7.99,NULL
8349,29-07-2005 04:50,416,117,29-07-2005 04:50,5.99,NULL
8350,29-07-2005 04:50,513,814,29-07-2005 04:50,4.99,NULL
8351,29-07-2005 04:50,202,649,29-07-2005 04:50,2.99,1
8352,29-07-2005 04:52,168,595,29-07-2005 04:52,1.99,1
8353,29-07-2005 04:52,585,6,29-07-2005 04:52,2.99,NULL
8354,29-07-2005 04:56,579,978,29-07-2005 04:56,0.99,NULL
8355,29-07-2005 04:57,270,999,29-07-2005 04:57,2.99,NULL
8356,29-07-2005 04:58,483,647,29-07-2005 04:58,4.99,0.5
8357,29-07-2005 04:59,76,199,29-07-2005 04:59,2.99,NULL
8358,29-07-2005 05:00,372,317,29-07-2005 05:00,0.99,NULL
8359,29-07-2005 05:02,531,28,29-07-2005 05:02,5.99,0.5
8360,29-07-2005 05:08,62,898,29-07-2005 05:08,4.99,NULL
8361,29-07-2005 05:08,360,746,29-07-2005 05:08,2.99,NULL
8362,29-07-2005 05:09,223,496,29-07-2005 05:09,3.99,NULL
8363,29-07-2005 05:10,302,351,29-07-2005 05:10,6.99,1
8364,29-07-2005 05:10,362,300,29-07-2005 05:10,4.99,1
8365,29-07-2005 05:11,280,11,29-07-2005 05:11,0.99,NULL
8366,29-07-2005 05:11,39,105,29-07-2005 05:11,1.99,1
8367,29-07-2005 05:11,383,993,29-07-2005 05:11,2.99,NULL
8368,29-07-2005 05:15,200,309,29-07-2005 05:15,3.99,NULL
8369,29-07-2005 05:15,507,319,29-07-2005 05:15,2.99,0.5
8370,29-07-2005 05:16,121,268,29-07-2005 05:16,6.99,1
8371,29-07-2005 05:16,396,539,29-07-2005 05:16,2.99,0.5
8372,29-07-2005 05:18,523,165,29-07-2005 05:18,5.99,1
8373,29-07-2005 05:19,457,449,29-07-2005 05:19,4.99,NULL
8374,29-07-2005 05:24,589,242,29-07-2005 05:24,3.99,NULL
8375,29-07-2005 05:25,125,793,29-07-2005 05:25,2.99,NULL
8376,29-07-2005 05:25,43,785,29-07-2005 05:25,4.99,NULL
8377,29-07-2005 05:27,73,60,29-07-2005 05:27,4.99,NULL
8378,29-07-2005 05:28,347,767,29-07-2005 05:28,4.99,NULL
8379,29-07-2005 05:29,193,852,29-07-2005 05:29,4.99,NULL
8380,29-07-2005 05:31,145,493,29-07-2005 05:31,0.99,NULL
8381,29-07-2005 05:31,313,190,29-07-2005 05:31,4.99,1
8382,29-07-2005 05:33,238,71,29-07-2005 05:33,6.99,1
8383,29-07-2005 05:36,495,834,29-07-2005 05:36,1.99,1
8384,29-07-2005 05:38,227,833,29-07-2005 05:38,0.99,NULL
8385,29-07-2005 05:39,233,893,29-07-2005 05:39,5.99,0.5
8386,29-07-2005 05:45,435,86,29-07-2005 05:45,5.99,1
8387,29-07-2005 05:47,428,202,29-07-2005 05:47,4.99,1
8388,29-07-2005 05:48,178,167,29-07-2005 05:48,5.99,1
8389,29-07-2005 05:50,133,274,29-07-2005 05:50,6.99,NULL
8390,29-07-2005 05:52,32,127,29-07-2005 05:52,5.99,1
8391,29-07-2005 05:52,36,462,29-07-2005 05:52,2.99,0.5
8392,29-07-2005 06:00,65,292,29-07-2005 06:00,1.99,NULL
8393,29-07-2005 06:02,504,739,29-07-2005 06:02,9.99,NULL
8394,29-07-2005 06:02,148,857,29-07-2005 06:02,4.99,NULL
8395,29-07-2005 06:03,535,322,29-07-2005 06:03,2.99,NULL
8396,29-07-2005 06:07,516,853,29-07-2005 06:07,4.99,NULL
8397,29-07-2005 06:09,518,774,29-07-2005 06:09,2.99,0.5
8398,29-07-2005 06:12,220,77,29-07-2005 06:12,4.99,NULL
8399,29-07-2005 06:20,286,52,29-07-2005 06:20,0.99,NULL
8400,29-07-2005 06:23,573,805,29-07-2005 06:23,4.99,NULL
8401,29-07-2005 06:25,232,686,29-07-2005 06:25,4.99,NULL
8402,29-07-2005 06:25,47,42,29-07-2005 06:25,6.99,1
8403,29-07-2005 06:26,163,300,29-07-2005 06:26,4.99,0.5
8404,29-07-2005 06:27,65,452,29-07-2005 06:27,5.99,NULL
8405,29-07-2005 06:28,76,467,29-07-2005 06:28,3.99,NULL
8406,29-07-2005 06:34,274,445,29-07-2005 06:34,5.99,1
8407,29-07-2005 06:37,336,654,29-07-2005 06:37,6.99,1
8408,29-07-2005 06:40,90,401,29-07-2005 06:40,0.99,1
8409,29-07-2005 06:41,303,940,29-07-2005 06:41,0.99,NULL
8410,29-07-2005 06:41,277,756,29-07-2005 06:41,2.99,NULL
8411,29-07-2005 06:44,412,678,29-07-2005 06:44,8.99,1
8412,29-07-2005 06:44,312,162,29-07-2005 06:44,6.99,NULL
8413,29-07-2005 06:47,104,606,29-07-2005 06:47,1.99,NULL
8414,29-07-2005 06:48,433,295,29-07-2005 06:48,5.99,NULL
8415,29-07-2005 06:52,128,638,29-07-2005 06:52,2.99,NULL
8416,29-07-2005 06:52,315,435,29-07-2005 06:52,5.99,NULL
8417,29-07-2005 06:53,227,164,29-07-2005 06:53,4.99,NULL
8418,29-07-2005 06:54,355,677,29-07-2005 06:54,1.99,0.5
8419,29-07-2005 06:54,37,1000,29-07-2005 06:54,9.99,1
8420,29-07-2005 07:00,376,911,29-07-2005 07:00,5.99,1
8421,29-07-2005 07:00,588,745,29-07-2005 07:00,4.99,1
8422,29-07-2005 07:02,7,682,29-07-2005 07:02,5.99,NULL
8423,29-07-2005 07:02,468,42,29-07-2005 07:02,5.99,1
8424,29-07-2005 07:06,138,80,29-07-2005 07:06,3.99,1
8425,29-07-2005 07:06,486,764,29-07-2005 07:06,8.99,NULL
8426,29-07-2005 07:07,564,400,29-07-2005 07:07,4.99,1
8427,29-07-2005 07:08,441,354,29-07-2005 07:08,4.99,NULL
8428,29-07-2005 07:10,398,558,29-07-2005 07:10,7.99,1
8429,29-07-2005 07:11,588,536,29-07-2005 07:11,2.99,1
8430,29-07-2005 07:12,219,741,29-07-2005 07:12,0.99,NULL
8431,29-07-2005 07:12,193,347,29-07-2005 07:12,4.99,NULL
8432,29-07-2005 07:13,572,851,29-07-2005 07:13,0.99,NULL
8433,29-07-2005 07:19,125,427,29-07-2005 07:19,2.99,NULL
8434,29-07-2005 07:20,141,8,29-07-2005 07:20,4.99,0.5
8435,29-07-2005 07:20,520,975,29-07-2005 07:20,2.99,1
8436,29-07-2005 07:21,598,593,29-07-2005 07:21,0.99,NULL
8437,29-07-2005 07:23,96,459,29-07-2005 07:23,6.99,NULL
8438,29-07-2005 07:25,97,158,29-07-2005 07:25,2.99,NULL
8439,29-07-2005 07:28,224,40,29-07-2005 07:28,2.99,1
8440,29-07-2005 07:31,175,109,29-07-2005 07:31,3.99,1
8441,29-07-2005 07:33,526,223,29-07-2005 07:33,2.99,NULL
8442,29-07-2005 07:33,185,947,29-07-2005 07:33,0.99,0.5
8443,29-07-2005 07:33,251,235,29-07-2005 07:33,2.99,NULL
8444,29-07-2005 07:36,213,732,29-07-2005 07:36,2.99,NULL
8445,29-07-2005 07:37,384,613,29-07-2005 07:37,1.99,1
8446,29-07-2005 07:38,235,349,29-07-2005 07:38,6.99,NULL
8447,29-07-2005 07:38,11,206,29-07-2005 07:38,1.99,0.5
8448,29-07-2005 07:41,393,948,29-07-2005 07:41,0.99,1
8449,29-07-2005 07:42,273,572,29-07-2005 07:42,2.99,NULL
8450,29-07-2005 07:44,401,107,29-07-2005 07:44,2.99,0.5
8451,29-07-2005 07:44,495,728,29-07-2005 07:44,5.99,1
8452,29-07-2005 07:45,16,939,29-07-2005 07:45,5.99,NULL
8453,29-07-2005 07:46,32,638,29-07-2005 07:46,2.99,1
8454,29-07-2005 07:49,244,34,29-07-2005 07:49,0.99,NULL
8455,29-07-2005 07:53,404,880,29-07-2005 07:53,3.99,0.5
8456,29-07-2005 07:58,388,146,29-07-2005 07:58,3.99,NULL
8457,29-07-2005 07:59,239,739,29-07-2005 07:59,6.99,NULL
8458,29-07-2005 08:05,317,844,29-07-2005 08:05,4.99,NULL
8459,29-07-2005 08:05,144,755,29-07-2005 08:05,5.99,NULL
8460,29-07-2005 08:08,329,620,29-07-2005 08:08,6.99,0.5
8461,29-07-2005 08:11,399,740,29-07-2005 08:11,5.99,NULL
8462,29-07-2005 08:15,200,793,29-07-2005 08:15,2.99,NULL
8463,29-07-2005 08:17,203,103,29-07-2005 08:17,4.99,NULL
8464,29-07-2005 08:18,28,510,29-07-2005 08:18,4.99,1
8465,29-07-2005 08:20,238,894,29-07-2005 08:20,0.99,1
8466,29-07-2005 08:24,285,873,29-07-2005 08:24,0.99,0.5
8467,29-07-2005 08:25,326,58,29-07-2005 08:25,5.99,NULL
8468,29-07-2005 08:26,282,295,29-07-2005 08:26,1.99,NULL
8469,29-07-2005 08:26,408,604,29-07-2005 08:26,3.99,NULL
8470,29-07-2005 08:28,159,813,29-07-2005 08:28,0.99,NULL
8471,29-07-2005 08:32,533,331,29-07-2005 08:32,2.99,1
8472,29-07-2005 08:36,196,651,29-07-2005 08:36,1.99,NULL
8473,29-07-2005 08:36,311,900,29-07-2005 08:36,2.99,1
8474,29-07-2005 08:36,323,947,29-07-2005 08:36,0.99,NULL
8475,29-07-2005 08:37,260,808,29-07-2005 08:37,1.99,1
8476,29-07-2005 08:39,470,818,29-07-2005 08:39,8.99,NULL
8477,29-07-2005 08:40,354,781,29-07-2005 08:40,8.99,1
8478,29-07-2005 08:40,162,818,29-07-2005 08:40,4.99,NULL
8479,29-07-2005 08:42,195,434,29-07-2005 08:42,0.99,NULL
8480,29-07-2005 08:44,467,768,29-07-2005 08:44,8.99,NULL
8481,29-07-2005 08:45,454,378,29-07-2005 08:45,2.99,NULL
8482,29-07-2005 08:46,405,590,29-07-2005 08:46,2.99,NULL
8483,29-07-2005 08:50,186,611,29-07-2005 08:50,4.99,1
8484,29-07-2005 08:51,260,162,29-07-2005 08:51,2.99,1
8485,29-07-2005 08:53,420,697,29-07-2005 08:53,0.99,NULL
8486,29-07-2005 08:53,221,382,29-07-2005 08:53,0.99,NULL
8487,29-07-2005 08:53,82,412,29-07-2005 08:53,4.99,NULL
8488,29-07-2005 08:57,478,470,29-07-2005 08:57,4.99,NULL
8489,29-07-2005 08:58,265,83,29-07-2005 08:58,2.99,NULL
8490,29-07-2005 08:59,367,423,29-07-2005 08:59,0.99,1
8491,29-07-2005 09:02,242,392,29-07-2005 09:02,4.99,1
8492,29-07-2005 09:04,266,993,29-07-2005 09:04,2.99,NULL
8493,29-07-2005 09:04,390,143,29-07-2005 09:04,0.99,NULL
8494,29-07-2005 09:04,92,771,29-07-2005 09:04,4.99,1
8495,29-07-2005 09:05,51,76,29-07-2005 09:05,4.99,NULL
8496,29-07-2005 09:05,114,167,29-07-2005 09:05,4.99,NULL
8497,29-07-2005 09:07,593,399,29-07-2005 09:07,2.99,NULL
8498,29-07-2005 09:07,190,976,29-07-2005 09:07,0.99,NULL
8499,29-07-2005 09:10,42,49,29-07-2005 09:10,3.99,NULL
8500,29-07-2005 09:12,348,986,29-07-2005 09:12,2.99,NULL
8501,29-07-2005 09:12,309,234,29-07-2005 09:12,2.99,NULL
8502,29-07-2005 09:15,457,464,29-07-2005 09:15,2.99,NULL
8503,29-07-2005 09:16,240,257,29-07-2005 09:16,3.99,0.5
8504,29-07-2005 09:20,561,499,29-07-2005 09:20,10.99,NULL
8505,29-07-2005 09:22,346,319,29-07-2005 09:22,6.99,1
8506,29-07-2005 09:23,506,812,29-07-2005 09:23,0.99,NULL
8507,29-07-2005 09:29,524,721,29-07-2005 09:29,6.99,NULL
8508,29-07-2005 09:34,484,907,29-07-2005 09:34,0.99,1
8509,29-07-2005 09:38,80,294,29-07-2005 09:38,5.99,NULL
8510,29-07-2005 09:41,487,1,29-07-2005 09:41,1.99,1
8511,29-07-2005 09:42,598,803,29-07-2005 09:42,5.99,NULL
8512,29-07-2005 09:48,351,897,29-07-2005 09:48,4.99,1
8513,29-07-2005 09:52,142,693,29-07-2005 09:52,2.99,NULL
8514,29-07-2005 09:53,99,821,29-07-2005 09:53,0.99,NULL
8515,29-07-2005 09:55,477,239,29-07-2005 09:55,6.99,NULL
8516,29-07-2005 10:00,337,219,29-07-2005 10:00,4.99,0.5
8517,29-07-2005 10:00,274,448,29-07-2005 10:00,7.99,1
8518,29-07-2005 10:05,385,502,29-07-2005 10:05,2.99,0.5
8519,29-07-2005 10:09,588,257,29-07-2005 10:09,2.99,1
8520,29-07-2005 10:10,103,532,29-07-2005 10:10,4.99,NULL
8521,29-07-2005 10:12,402,572,29-07-2005 10:12,7.99,NULL
8522,29-07-2005 10:16,363,794,29-07-2005 10:16,3.99,NULL
8523,29-07-2005 10:18,558,789,29-07-2005 10:18,2.99,NULL
8524,29-07-2005 10:20,124,457,29-07-2005 10:20,0.99,0.5
8525,29-07-2005 10:20,111,292,29-07-2005 10:20,0.99,NULL
8526,29-07-2005 10:20,88,125,29-07-2005 10:20,2.99,NULL
8527,29-07-2005 10:21,168,155,29-07-2005 10:21,1.99,1
8528,29-07-2005 10:24,428,457,29-07-2005 10:24,4.99,1
8529,29-07-2005 10:24,501,235,29-07-2005 10:24,2.99,NULL
8530,29-07-2005 10:26,233,988,29-07-2005 10:26,2.99,0.5
8531,29-07-2005 10:26,427,356,29-07-2005 10:26,5.99,1
8532,29-07-2005 10:26,546,668,29-07-2005 10:26,4.99,1
8533,29-07-2005 10:29,542,120,29-07-2005 10:29,4.99,NULL
8534,29-07-2005 10:30,516,878,29-07-2005 10:30,5.99,NULL
8535,29-07-2005 10:32,536,980,29-07-2005 10:32,4.99,NULL
8536,29-07-2005 10:37,219,985,29-07-2005 10:37,4.99,NULL
8537,29-07-2005 10:44,447,227,29-07-2005 10:44,8.99,1
8538,29-07-2005 10:45,500,824,29-07-2005 10:45,6.99,NULL
8539,29-07-2005 10:48,325,130,29-07-2005 10:48,0.99,1
8540,29-07-2005 10:52,180,118,29-07-2005 10:52,2.99,NULL
8541,29-07-2005 10:55,340,218,29-07-2005 10:55,0.99,1
8542,29-07-2005 11:01,213,173,29-07-2005 11:01,4.99,NULL
8543,29-07-2005 11:01,346,89,29-07-2005 11:01,0.99,1
8544,29-07-2005 11:02,542,91,29-07-2005 11:02,3.99,NULL
8545,29-07-2005 11:07,3,717,29-07-2005 11:07,2.99,NULL
8546,29-07-2005 11:08,418,708,29-07-2005 11:08,5.99,NULL
8547,29-07-2005 11:10,438,193,29-07-2005 11:10,2.99,NULL
8548,29-07-2005 11:11,14,738,29-07-2005 11:11,3.99,NULL
8549,29-07-2005 11:12,206,407,29-07-2005 11:12,3.99,1
8550,29-07-2005 11:12,70,295,29-07-2005 11:12,0.99,NULL
8551,29-07-2005 11:13,340,451,29-07-2005 11:13,4.99,1
8552,29-07-2005 11:14,490,433,29-07-2005 11:14,5.99,NULL
8553,29-07-2005 11:15,49,580,29-07-2005 11:15,10.99,NULL
8554,29-07-2005 11:16,582,343,29-07-2005 11:16,2.99,NULL
8555,29-07-2005 11:18,18,611,29-07-2005 11:18,4.99,NULL
8556,29-07-2005 11:18,231,613,29-07-2005 11:18,0.99,1
8557,29-07-2005 11:19,459,324,29-07-2005 11:19,10.99,0.5
8558,29-07-2005 11:24,169,256,29-07-2005 11:24,4.99,1
8559,29-07-2005 11:25,279,450,29-07-2005 11:25,3.99,0.5
8560,29-07-2005 11:27,430,767,29-07-2005 11:27,4.99,1
8561,29-07-2005 11:29,344,477,29-07-2005 11:29,2.99,NULL
8562,29-07-2005 11:32,255,786,29-07-2005 11:32,0.99,NULL
8563,29-07-2005 11:32,67,12,29-07-2005 11:32,1.99,1
8564,29-07-2005 11:33,316,621,29-07-2005 11:33,4.99,1
8565,29-07-2005 11:35,280,706,29-07-2005 11:35,7.99,NULL
8566,29-07-2005 11:35,544,437,29-07-2005 11:35,2.99,1
8567,29-07-2005 11:37,594,352,29-07-2005 11:37,1.99,1
8568,29-07-2005 11:38,583,350,29-07-2005 11:38,7.99,NULL
8569,29-07-2005 11:39,348,61,29-07-2005 11:39,4.99,NULL
8570,29-07-2005 11:40,131,680,29-07-2005 11:40,8.99,NULL
8571,29-07-2005 11:48,407,387,29-07-2005 11:48,0.99,NULL
8572,29-07-2005 11:51,267,618,29-07-2005 11:51,1.99,1
8573,29-07-2005 11:51,179,357,29-07-2005 11:51,2.99,1
8574,29-07-2005 11:51,71,647,29-07-2005 11:51,1.99,NULL
8575,29-07-2005 11:52,441,364,29-07-2005 11:52,4.99,NULL
8576,29-07-2005 11:55,157,776,29-07-2005 11:55,4.99,NULL
8577,29-07-2005 11:56,328,115,29-07-2005 11:56,6.99,NULL
8578,29-07-2005 11:58,148,817,29-07-2005 11:58,4.99,NULL
8579,29-07-2005 11:59,250,880,29-07-2005 11:59,2.99,NULL
8580,29-07-2005 12:00,543,880,29-07-2005 12:00,2.99,NULL
8581,29-07-2005 12:02,254,456,29-07-2005 12:02,4.99,1
8582,29-07-2005 12:03,162,184,29-07-2005 12:03,4.99,NULL
8583,29-07-2005 12:04,191,688,29-07-2005 12:04,0.99,1
8584,29-07-2005 12:07,482,361,29-07-2005 12:07,2.99,NULL
8585,29-07-2005 12:14,516,114,29-07-2005 12:14,2.99,NULL
8586,29-07-2005 12:16,374,603,29-07-2005 12:16,7.99,1
8587,29-07-2005 12:18,108,422,29-07-2005 12:18,4.99,NULL
8588,29-07-2005 12:22,416,626,29-07-2005 12:22,2.99,NULL
8589,29-07-2005 12:28,293,356,29-07-2005 12:28,4.99,NULL
8590,29-07-2005 12:32,114,551,29-07-2005 12:32,10.99,NULL
8591,29-07-2005 12:32,418,562,29-07-2005 12:32,0.99,NULL
8592,29-07-2005 12:33,271,425,29-07-2005 12:33,0.99,1
8593,29-07-2005 12:38,181,571,29-07-2005 12:38,5.99,NULL
8594,29-07-2005 12:42,115,902,29-07-2005 12:42,4.99,NULL
8595,29-07-2005 12:47,423,708,29-07-2005 12:47,9.99,0.5
8596,29-07-2005 12:48,233,11,29-07-2005 12:48,0.99,0.5
8597,29-07-2005 12:55,222,917,29-07-2005 12:55,6.99,1
8598,29-07-2005 12:56,2,136,29-07-2005 12:56,2.99,NULL
8599,29-07-2005 12:58,545,259,29-07-2005 12:58,3.99,NULL
8600,29-07-2005 13:01,226,326,29-07-2005 13:01,2.99,NULL
8601,29-07-2005 13:03,181,715,29-07-2005 13:03,9.99,NULL
8602,29-07-2005 13:04,64,871,29-07-2005 13:04,4.99,1
8603,29-07-2005 13:07,594,660,29-07-2005 13:07,2.99,1
8604,29-07-2005 13:07,326,853,29-07-2005 13:07,4.99,NULL
8605,29-07-2005 13:13,224,833,29-07-2005 13:13,4.99,1
8606,29-07-2005 13:14,340,881,29-07-2005 13:14,4.99,1
8607,29-07-2005 13:18,336,934,29-07-2005 13:18,4.99,1
8608,29-07-2005 13:18,165,652,29-07-2005 13:18,0.99,1
8609,29-07-2005 13:19,354,870,29-07-2005 13:19,4.99,1
8610,29-07-2005 13:25,563,918,29-07-2005 13:25,5.99,NULL
8611,29-07-2005 13:26,373,132,29-07-2005 13:26,3.99,NULL
8612,29-07-2005 13:28,392,771,29-07-2005 13:28,9.99,NULL
8613,29-07-2005 13:30,411,86,29-07-2005 13:30,5.99,NULL
8614,29-07-2005 13:32,552,131,29-07-2005 13:32,5.99,1
8615,29-07-2005 13:36,15,973,29-07-2005 13:36,6.99,1
8616,29-07-2005 13:39,493,567,29-07-2005 13:39,2.99,0.5
8617,29-07-2005 13:46,441,85,29-07-2005 13:46,4.99,NULL
8618,29-07-2005 13:48,270,220,29-07-2005 13:48,3.99,NULL
8619,29-07-2005 13:50,50,468,29-07-2005 13:50,5.99,NULL
8620,29-07-2005 13:51,306,813,29-07-2005 13:51,0.99,NULL
8621,29-07-2005 13:52,358,542,29-07-2005 13:52,2.99,1
8622,29-07-2005 13:53,98,888,29-07-2005 13:53,4.99,NULL
8623,29-07-2005 13:55,142,101,29-07-2005 13:55,4.99,NULL
8624,29-07-2005 13:55,439,962,29-07-2005 13:55,2.99,NULL
8625,29-07-2005 13:59,410,194,29-07-2005 13:59,3.99,NULL
8626,29-07-2005 14:03,148,680,29-07-2005 14:03,4.99,NULL
8627,29-07-2005 14:05,226,921,29-07-2005 14:05,2.99,NULL
8628,29-07-2005 14:06,550,979,29-07-2005 14:06,6.99,1
8629,29-07-2005 14:06,567,187,29-07-2005 14:06,2.99,1
8630,29-07-2005 14:07,406,303,29-07-2005 14:07,0.99,NULL
8631,29-07-2005 14:08,559,19,29-07-2005 14:08,1.99,0.5
8632,29-07-2005 14:11,563,363,29-07-2005 14:11,6.99,NULL
8633,29-07-2005 14:19,534,753,29-07-2005 14:19,0.99,1
8634,29-07-2005 14:19,335,440,29-07-2005 14:19,3.99,NULL
8635,29-07-2005 14:22,383,636,29-07-2005 14:22,0.99,NULL
8636,29-07-2005 14:24,252,938,29-07-2005 14:24,5.99,NULL
8637,29-07-2005 14:30,310,239,29-07-2005 14:30,5.99,1
8638,29-07-2005 14:30,571,884,29-07-2005 14:30,4.99,NULL
8639,29-07-2005 14:30,290,767,29-07-2005 14:30,4.99,NULL
8640,29-07-2005 14:34,257,409,29-07-2005 14:34,4.99,NULL
8641,29-07-2005 14:37,30,702,29-07-2005 14:37,2.99,NULL
8642,29-07-2005 14:38,522,861,29-07-2005 14:38,6.99,NULL
8643,29-07-2005 14:45,59,84,29-07-2005 14:45,4.99,1
8644,29-07-2005 14:45,314,984,29-07-2005 14:45,4.99,1
8645,29-07-2005 14:47,535,556,29-07-2005 14:47,4.99,NULL
8646,29-07-2005 14:48,302,18,29-07-2005 14:48,0.99,1
8647,29-07-2005 14:52,307,121,29-07-2005 14:52,6.99,1
8648,29-07-2005 14:56,416,35,29-07-2005 14:56,2.99,NULL
8649,29-07-2005 14:57,69,172,29-07-2005 14:57,6.99,NULL
8650,29-07-2005 14:59,134,282,29-07-2005 14:59,1.99,0.5
8651,29-07-2005 15:02,61,454,29-07-2005 15:02,3.99,NULL
8652,29-07-2005 15:02,219,599,29-07-2005 15:02,6.99,NULL
8653,29-07-2005 15:04,230,970,29-07-2005 15:04,0.99,NULL
8654,29-07-2005 15:04,84,856,29-07-2005 15:04,8.99,NULL
8655,29-07-2005 15:04,232,869,29-07-2005 15:04,4.99,NULL
8656,29-07-2005 15:05,460,304,29-07-2005 15:05,2.99,NULL
8657,29-07-2005 15:09,236,702,29-07-2005 15:09,2.99,NULL
8658,29-07-2005 15:16,427,443,29-07-2005 15:16,5.99,1
8659,29-07-2005 15:26,168,121,29-07-2005 15:26,6.99,1
8660,29-07-2005 15:26,566,686,29-07-2005 15:26,6.99,0.5
8661,29-07-2005 15:28,341,747,29-07-2005 15:28,2.99,NULL
8662,29-07-2005 15:31,362,822,29-07-2005 15:31,0.99,1
8663,29-07-2005 15:33,214,284,29-07-2005 15:33,4.99,NULL
8664,29-07-2005 15:36,102,44,29-07-2005 15:36,5.99,NULL
8665,29-07-2005 15:39,265,247,29-07-2005 15:39,0.99,NULL
8666,29-07-2005 15:39,591,803,29-07-2005 15:39,5.99,1
8667,29-07-2005 15:40,25,754,29-07-2005 15:40,2.99,NULL
8668,29-07-2005 15:41,71,989,29-07-2005 15:41,4.99,NULL
8669,29-07-2005 15:44,401,364,29-07-2005 15:44,2.99,0.5
8670,29-07-2005 15:49,446,512,29-07-2005 15:49,4.99,1
8671,29-07-2005 15:49,577,313,29-07-2005 15:49,6.99,NULL
8672,29-07-2005 15:49,495,90,29-07-2005 15:49,5.99,1
8673,29-07-2005 15:50,29,468,29-07-2005 15:50,2.99,0.5
8674,29-07-2005 15:54,412,379,29-07-2005 15:54,0.99,1
8675,29-07-2005 15:56,258,229,29-07-2005 15:56,4.99,NULL
8676,29-07-2005 15:59,533,63,29-07-2005 15:59,1.99,1
8677,29-07-2005 16:01,315,114,29-07-2005 16:01,6.99,NULL
8678,29-07-2005 16:04,210,870,29-07-2005 16:04,3.99,NULL
8679,29-07-2005 16:07,536,776,29-07-2005 16:07,4.99,NULL
8680,29-07-2005 16:08,330,272,29-07-2005 16:08,4.99,NULL
8681,29-07-2005 16:12,309,872,29-07-2005 16:12,2.99,NULL
8682,29-07-2005 16:15,348,944,29-07-2005 16:15,4.99,NULL
8683,29-07-2005 16:15,513,854,29-07-2005 16:15,9.99,NULL
8684,29-07-2005 16:16,185,536,29-07-2005 16:16,8.99,0.5
8685,29-07-2005 16:17,321,397,29-07-2005 16:17,6.99,NULL
8686,29-07-2005 16:17,52,903,29-07-2005 16:17,4.99,NULL
8687,29-07-2005 16:19,117,50,29-07-2005 16:19,2.99,1
8688,29-07-2005 16:31,381,489,29-07-2005 16:31,0.99,NULL
8689,29-07-2005 16:38,487,180,29-07-2005 16:38,2.99,1
8690,29-07-2005 16:39,291,285,29-07-2005 16:39,0.99,NULL
8691,29-07-2005 16:41,446,147,29-07-2005 16:41,0.99,1
8692,29-07-2005 16:43,88,702,29-07-2005 16:43,2.99,NULL
8693,29-07-2005 16:44,51,204,29-07-2005 16:44,0.99,NULL
8694,29-07-2005 16:44,345,112,29-07-2005 16:44,8.99,NULL
8695,29-07-2005 16:44,280,152,29-07-2005 16:44,6.99,NULL
8696,29-07-2005 16:45,178,559,29-07-2005 16:45,4.99,1
8697,29-07-2005 16:46,291,98,29-07-2005 16:46,4.99,NULL
8698,29-07-2005 16:52,324,651,29-07-2005 16:52,3.99,1
8699,29-07-2005 16:53,123,890,29-07-2005 16:53,4.99,1
8700,29-07-2005 16:56,196,812,29-07-2005 16:56,0.99,NULL
8701,29-07-2005 17:02,245,693,29-07-2005 17:02,6.99,NULL
8702,29-07-2005 17:04,306,479,29-07-2005 17:04,0.99,NULL
8703,29-07-2005 17:12,439,237,29-07-2005 17:12,2.99,NULL
8704,29-07-2005 17:13,107,458,29-07-2005 17:13,1.99,NULL
8705,29-07-2005 17:14,2,879,29-07-2005 17:14,5.99,NULL
8706,29-07-2005 17:19,515,633,29-07-2005 17:19,4.99,NULL
8707,29-07-2005 17:21,157,555,29-07-2005 17:21,0.99,NULL
8708,29-07-2005 17:24,529,882,29-07-2005 17:24,2.99,1
8709,29-07-2005 17:25,199,200,29-07-2005 17:25,0.99,1
8710,29-07-2005 17:26,566,744,29-07-2005 17:26,0.99,0.5
8711,29-07-2005 17:27,575,760,29-07-2005 17:27,2.99,NULL
8712,29-07-2005 17:30,41,615,29-07-2005 17:30,2.99,NULL
8713,29-07-2005 17:31,433,104,29-07-2005 17:31,2.99,NULL
8714,29-07-2005 17:31,362,993,29-07-2005 17:31,2.99,1
8715,29-07-2005 17:33,11,189,29-07-2005 17:33,0.99,0.5
8716,29-07-2005 17:39,48,460,29-07-2005 17:39,6.99,1
8717,29-07-2005 17:40,260,395,29-07-2005 17:40,0.99,1
8718,29-07-2005 17:41,23,27,29-07-2005 17:41,0.99,NULL
8719,29-07-2005 17:45,333,222,29-07-2005 17:45,4.99,NULL
8720,29-07-2005 17:48,180,31,29-07-2005 17:48,5.99,NULL
8721,29-07-2005 17:56,312,527,29-07-2005 17:56,4.99,NULL
8722,29-07-2005 17:58,401,304,29-07-2005 17:58,8.99,0.5
8723,29-07-2005 18:03,39,50,29-07-2005 18:03,7.99,1
8724,29-07-2005 18:05,372,200,29-07-2005 18:05,0.99,NULL
8725,29-07-2005 18:08,421,521,29-07-2005 18:08,4.99,1
8726,29-07-2005 18:09,409,200,29-07-2005 18:09,1.99,NULL
8727,29-07-2005 18:09,528,665,29-07-2005 18:09,3.99,NULL
8728,29-07-2005 18:12,341,216,29-07-2005 18:12,9.99,NULL
8729,29-07-2005 18:23,83,734,29-07-2005 18:23,4.99,NULL
8730,29-07-2005 18:23,592,912,29-07-2005 18:23,2.99,NULL
8731,29-07-2005 18:23,179,579,29-07-2005 18:23,8.99,1
8732,29-07-2005 18:25,346,253,29-07-2005 18:25,8.99,1
8733,29-07-2005 18:26,450,699,29-07-2005 18:26,4.99,NULL
8734,29-07-2005 18:28,303,518,29-07-2005 18:28,6.99,NULL
8735,29-07-2005 18:28,570,632,29-07-2005 18:28,4.99,NULL
8736,29-07-2005 18:31,530,376,29-07-2005 18:31,0.99,NULL
8737,29-07-2005 18:32,298,902,29-07-2005 18:32,5.99,NULL
8738,29-07-2005 18:32,210,850,29-07-2005 18:32,0.99,NULL
8739,29-07-2005 18:34,326,939,29-07-2005 18:34,2.99,NULL
8740,29-07-2005 18:41,378,828,29-07-2005 18:41,2.99,1
8741,29-07-2005 18:44,4,35,29-07-2005 18:44,3.99,NULL
8742,29-07-2005 18:56,208,204,29-07-2005 18:56,1.99,1
8743,29-07-2005 18:57,282,585,29-07-2005 18:57,0.99,NULL
8744,29-07-2005 18:58,280,242,29-07-2005 18:58,3.99,NULL
8745,29-07-2005 19:03,293,383,29-07-2005 19:03,2.99,NULL
8746,29-07-2005 19:03,275,471,29-07-2005 19:03,2.99,NULL
8747,29-07-2005 19:07,70,567,29-07-2005 19:07,2.99,NULL
8748,29-07-2005 19:08,237,471,29-07-2005 19:08,2.99,NULL
8749,29-07-2005 19:13,456,487,29-07-2005 19:13,4.99,NULL
8750,29-07-2005 19:14,158,693,29-07-2005 19:14,2.99,NULL
8751,29-07-2005 19:14,386,760,29-07-2005 19:14,2.99,NULL
8752,29-07-2005 19:15,253,914,29-07-2005 19:15,2.99,0.5
8753,29-07-2005 19:15,560,296,29-07-2005 19:15,2.99,NULL
8754,29-07-2005 19:18,174,366,29-07-2005 19:18,4.99,NULL
8755,29-07-2005 19:18,372,328,29-07-2005 19:18,2.99,NULL
8756,29-07-2005 19:18,120,901,29-07-2005 19:18,1.99,NULL
8757,29-07-2005 19:19,462,761,29-07-2005 19:19,2.99,1
8758,29-07-2005 19:20,442,618,29-07-2005 19:20,4.99,1
8759,29-07-2005 19:22,209,184,29-07-2005 19:22,8.99,1
8760,29-07-2005 19:22,118,779,29-07-2005 19:22,7.99,NULL
8761,29-07-2005 19:26,539,291,29-07-2005 19:26,5.99,NULL
8762,29-07-2005 19:30,463,608,29-07-2005 19:30,2.99,NULL
8763,29-07-2005 19:38,510,83,29-07-2005 19:38,3.99,1
8764,29-07-2005 19:39,303,511,29-07-2005 19:39,0.99,NULL
8765,29-07-2005 19:40,538,577,29-07-2005 19:40,0.99,1
8766,29-07-2005 19:41,338,849,29-07-2005 19:41,0.99,NULL
8767,29-07-2005 19:42,467,214,29-07-2005 19:42,4.99,NULL
8768,29-07-2005 19:43,468,350,29-07-2005 19:43,6.99,1
8769,29-07-2005 19:45,588,471,29-07-2005 19:45,2.99,1
8770,29-07-2005 19:53,499,877,29-07-2005 19:53,3.99,NULL
8771,29-07-2005 19:54,347,773,29-07-2005 19:54,2.99,NULL
8772,29-07-2005 19:55,122,772,29-07-2005 19:55,5.99,NULL
8773,29-07-2005 19:55,592,26,29-07-2005 19:55,0.99,NULL
8774,29-07-2005 20:05,161,70,29-07-2005 20:05,4.99,NULL
8775,29-07-2005 20:05,44,300,29-07-2005 20:05,4.99,1
8776,29-07-2005 20:07,587,344,29-07-2005 20:07,5.99,NULL
8777,29-07-2005 20:10,382,538,29-07-2005 20:10,0.99,NULL
8778,29-07-2005 20:14,582,798,29-07-2005 20:14,6.99,NULL
8779,29-07-2005 20:15,202,714,29-07-2005 20:15,2.99,1
8780,29-07-2005 20:19,328,244,29-07-2005 20:19,4.99,NULL
8781,29-07-2005 20:20,235,819,29-07-2005 20:20,0.99,NULL
8782,29-07-2005 20:29,365,957,29-07-2005 20:29,4.99,0.5
8783,29-07-2005 20:31,71,503,29-07-2005 20:31,3.99,NULL
8784,29-07-2005 20:35,580,501,29-07-2005 20:35,4.99,NULL
8785,29-07-2005 20:36,42,49,29-07-2005 20:36,2.99,NULL
8786,29-07-2005 20:39,533,525,29-07-2005 20:39,1.99,1
8787,29-07-2005 20:43,222,515,29-07-2005 20:43,4.99,1
8788,29-07-2005 20:46,121,748,29-07-2005 20:46,1.99,1
8789,29-07-2005 20:47,71,673,29-07-2005 20:47,4.99,NULL
8790,29-07-2005 20:51,323,164,29-07-2005 20:51,0.99,NULL
8791,29-07-2005 20:53,469,366,29-07-2005 20:53,0.99,NULL
8792,29-07-2005 20:56,203,823,29-07-2005 20:56,7.99,NULL
8793,29-07-2005 20:57,167,395,29-07-2005 20:57,0.99,1
8794,29-07-2005 20:59,320,768,29-07-2005 20:59,4.99,NULL
8795,29-07-2005 21:04,302,413,29-07-2005 21:04,2.99,1
8796,29-07-2005 21:09,74,483,29-07-2005 21:09,5.99,1
8797,29-07-2005 21:10,566,644,29-07-2005 21:10,4.99,0.5
8798,29-07-2005 21:15,513,174,29-07-2005 21:15,5.99,NULL
8799,29-07-2005 21:16,237,73,29-07-2005 21:16,6.99,NULL
8800,29-07-2005 21:18,207,451,29-07-2005 21:18,5.99,NULL
8801,29-07-2005 21:25,590,246,29-07-2005 21:25,4.99,NULL
8802,29-07-2005 21:25,407,67,29-07-2005 21:25,2.99,NULL
8803,29-07-2005 21:26,86,618,29-07-2005 21:26,5.99,NULL
8804,29-07-2005 21:28,363,975,29-07-2005 21:28,2.99,NULL
8805,29-07-2005 21:29,39,880,29-07-2005 21:29,2.99,1
8806,29-07-2005 21:36,454,890,29-07-2005 21:36,0.99,NULL
8807,29-07-2005 21:36,396,573,29-07-2005 21:36,2.99,0.5
8808,29-07-2005 21:39,173,129,29-07-2005 21:39,4.99,NULL
8809,29-07-2005 21:42,8,722,29-07-2005 21:42,1.99,NULL
8810,29-07-2005 21:45,431,273,29-07-2005 21:45,4.99,NULL
8811,29-07-2005 21:46,245,444,29-07-2005 21:46,10.99,NULL
8812,29-07-2005 21:47,563,260,29-07-2005 21:47,7.99,NULL
8813,29-07-2005 21:47,497,755,29-07-2005 21:47,6.99,NULL
8814,29-07-2005 21:49,487,327,29-07-2005 21:49,4.99,1
8815,29-07-2005 21:51,230,760,29-07-2005 21:51,2.99,NULL
8816,29-07-2005 21:53,209,869,29-07-2005 21:53,2.99,1
8817,29-07-2005 22:09,175,596,29-07-2005 22:09,4.99,1
8818,29-07-2005 22:14,98,679,29-07-2005 22:14,5.99,NULL
8819,29-07-2005 22:14,591,681,29-07-2005 22:14,4.99,1
8820,29-07-2005 22:14,594,106,29-07-2005 22:14,5.99,1
8821,29-07-2005 22:18,477,10,29-07-2005 22:18,5.99,NULL
8822,29-07-2005 22:20,35,162,29-07-2005 22:20,6.99,NULL
8823,29-07-2005 22:22,75,212,29-07-2005 22:22,6.99,NULL
8824,29-07-2005 22:22,164,767,29-07-2005 22:22,4.99,0.5
8825,29-07-2005 22:24,101,194,29-07-2005 22:24,1.99,NULL
8826,29-07-2005 22:30,369,391,29-07-2005 22:30,2.99,NULL
8827,29-07-2005 22:31,157,331,29-07-2005 22:31,4.99,NULL
8828,29-07-2005 22:32,547,351,29-07-2005 22:32,2.99,0.5
8829,29-07-2005 22:33,173,321,29-07-2005 22:33,8.99,NULL
8830,29-07-2005 22:34,202,380,29-07-2005 22:34,2.99,1
8831,29-07-2005 22:37,13,771,29-07-2005 22:37,11.99,0.5
8832,29-07-2005 22:37,125,84,29-07-2005 22:37,4.99,NULL
8833,29-07-2005 22:39,101,378,29-07-2005 22:39,4.99,NULL
8834,29-07-2005 22:41,243,978,29-07-2005 22:41,4.99,NULL
8835,29-07-2005 22:44,237,581,29-07-2005 22:44,3.99,NULL
8836,29-07-2005 22:46,14,719,29-07-2005 22:46,4.99,NULL
8837,29-07-2005 22:49,372,9,29-07-2005 22:49,8.99,NULL
8838,29-07-2005 22:52,550,26,29-07-2005 22:52,2.99,1
8839,29-07-2005 22:52,580,754,29-07-2005 22:52,3.99,NULL
8840,29-07-2005 22:55,295,324,29-07-2005 22:55,9.99,1
8841,29-07-2005 22:56,363,858,29-07-2005 22:56,4.99,NULL
8842,29-07-2005 23:03,292,914,29-07-2005 23:03,4.99,NULL
8843,29-07-2005 23:04,294,90,29-07-2005 23:04,4.99,NULL
8844,29-07-2005 23:05,244,73,29-07-2005 23:05,5.99,NULL
8845,29-07-2005 23:06,543,666,29-07-2005 23:06,4.99,NULL
8846,29-07-2005 23:10,108,640,29-07-2005 23:10,4.99,NULL
8847,29-07-2005 23:13,480,898,29-07-2005 23:13,4.99,0.5
8848,29-07-2005 23:20,545,651,29-07-2005 23:20,2.99,NULL
8849,29-07-2005 23:21,79,937,29-07-2005 23:21,2.99,0.5
8850,29-07-2005 23:24,86,78,29-07-2005 23:24,2.99,NULL
8851,29-07-2005 23:26,445,48,29-07-2005 23:26,8.99,NULL
8852,29-07-2005 23:30,42,252,29-07-2005 23:30,3.99,NULL
8853,29-07-2005 23:34,58,504,29-07-2005 23:34,0.99,NULL
8854,29-07-2005 23:40,527,301,29-07-2005 23:40,0.99,NULL
8855,29-07-2005 23:40,335,958,29-07-2005 23:40,2.99,NULL
8856,29-07-2005 23:42,365,646,29-07-2005 23:42,3.99,0.5
8857,29-07-2005 23:44,477,297,29-07-2005 23:44,2.99,NULL
8858,29-07-2005 23:44,558,518,29-07-2005 23:44,4.99,NULL
8859,29-07-2005 23:44,216,131,29-07-2005 23:44,8.99,1
8860,29-07-2005 23:45,531,623,29-07-2005 23:45,4.99,0.5
8861,29-07-2005 23:47,560,166,29-07-2005 23:47,5.99,NULL
8862,29-07-2005 23:49,21,204,29-07-2005 23:49,2.99,0.5
8863,29-07-2005 23:52,47,15,29-07-2005 23:52,3.99,1
8864,29-07-2005 23:52,167,504,29-07-2005 23:52,0.99,1
8865,29-07-2005 23:54,305,398,29-07-2005 23:54,4.99,NULL
8866,29-07-2005 23:58,44,334,29-07-2005 23:58,4.99,1
8867,30-07-2005 00:02,497,304,30-07-2005 00:02,4.99,NULL
8868,30-07-2005 00:02,512,272,30-07-2005 00:02,4.99,NULL
8869,30-07-2005 00:06,308,949,30-07-2005 00:06,0.99,NULL
8870,30-07-2005 00:08,90,893,30-07-2005 00:08,9.99,1
8871,30-07-2005 00:12,382,989,30-07-2005 00:12,9.99,NULL
8872,30-07-2005 00:13,186,586,30-07-2005 00:13,0.99,1
8873,30-07-2005 00:14,91,766,30-07-2005 00:14,0.99,NULL
8874,30-07-2005 00:14,564,101,30-07-2005 00:14,0.99,1
8875,30-07-2005 00:15,121,285,30-07-2005 00:15,2.99,1
8876,30-07-2005 00:15,579,523,30-07-2005 00:15,0.99,NULL
8877,30-07-2005 00:15,417,252,30-07-2005 00:15,2.99,NULL
8878,30-07-2005 00:15,25,97,30-07-2005 00:15,0.99,NULL
8879,30-07-2005 00:16,584,648,30-07-2005 00:16,4.99,NULL
8880,30-07-2005 00:16,51,641,30-07-2005 00:16,0.99,NULL
8881,30-07-2005 00:22,118,438,30-07-2005 00:22,4.99,NULL
8882,30-07-2005 00:24,410,97,30-07-2005 00:24,0.99,NULL
8883,30-07-2005 00:24,168,311,30-07-2005 00:24,1.99,1
8884,30-07-2005 00:26,80,670,30-07-2005 00:26,6.99,NULL
8885,30-07-2005 00:36,135,654,30-07-2005 00:36,7.99,1
8886,30-07-2005 00:36,418,321,30-07-2005 00:36,10.99,NULL
8887,30-07-2005 00:36,389,895,30-07-2005 00:36,4.99,1
8888,30-07-2005 00:39,284,620,30-07-2005 00:39,2.99,NULL
8889,30-07-2005 00:39,558,758,30-07-2005 00:39,2.99,NULL
8890,30-07-2005 00:42,470,798,30-07-2005 00:42,6.99,NULL
8891,30-07-2005 00:46,435,891,30-07-2005 00:46,4.99,1
8892,30-07-2005 00:47,184,347,30-07-2005 00:47,4.99,NULL
8893,30-07-2005 00:48,147,234,30-07-2005 00:48,2.99,0.5
8894,30-07-2005 00:48,552,446,30-07-2005 00:48,4.99,1
8895,30-07-2005 00:49,494,707,30-07-2005 00:49,2.99,NULL
8896,30-07-2005 00:51,205,778,30-07-2005 00:51,4.99,NULL
8897,30-07-2005 01:00,459,428,30-07-2005 01:00,2.99,0.5
8898,30-07-2005 01:02,452,863,30-07-2005 01:02,1.99,NULL
8899,30-07-2005 01:05,252,901,30-07-2005 01:05,0.99,NULL
8900,30-07-2005 01:07,375,672,30-07-2005 01:07,2.99,NULL
8901,30-07-2005 01:07,28,960,30-07-2005 01:07,2.99,1
8902,30-07-2005 01:08,408,654,30-07-2005 01:08,6.99,NULL
8903,30-07-2005 01:08,406,992,30-07-2005 01:08,0.99,NULL
8904,30-07-2005 01:08,575,790,30-07-2005 01:08,0.99,NULL
8905,30-07-2005 01:11,240,465,30-07-2005 01:11,5.99,0.5
8906,30-07-2005 01:21,560,586,30-07-2005 01:21,4.99,NULL
8907,30-07-2005 01:25,576,711,30-07-2005 01:25,4.99,NULL
8908,30-07-2005 01:26,391,982,30-07-2005 01:26,0.99,0.5
8909,30-07-2005 01:28,556,572,30-07-2005 01:28,5.99,NULL
8910,30-07-2005 01:29,569,232,30-07-2005 01:29,2.99,1
8911,30-07-2005 01:30,445,467,30-07-2005 01:30,0.99,NULL
8912,30-07-2005 01:31,280,367,30-07-2005 01:31,0.99,NULL
8913,30-07-2005 01:35,391,95,30-07-2005 01:35,6.99,0.5
8914,30-07-2005 01:42,32,297,30-07-2005 01:42,2.99,1
8915,30-07-2005 01:42,42,665,30-07-2005 01:42,3.99,NULL
8916,30-07-2005 01:42,377,843,30-07-2005 01:42,4.99,0.5
8917,30-07-2005 01:47,309,974,30-07-2005 01:47,2.99,NULL
8918,30-07-2005 01:56,424,558,30-07-2005 01:56,4.99,1
8919,30-07-2005 01:57,337,872,30-07-2005 01:57,8.99,0.5
8920,30-07-2005 01:59,78,889,30-07-2005 01:59,4.99,1
8921,30-07-2005 02:04,354,228,30-07-2005 02:04,0.99,1
8922,30-07-2005 02:08,446,369,30-07-2005 02:08,9.99,1
8923,30-07-2005 02:08,446,529,30-07-2005 02:08,3.99,1
8924,30-07-2005 02:08,38,496,30-07-2005 02:08,3.99,NULL
8925,30-07-2005 02:09,500,821,30-07-2005 02:09,0.99,NULL
8926,30-07-2005 02:10,510,804,30-07-2005 02:10,4.99,1
8927,30-07-2005 02:13,15,61,30-07-2005 02:13,4.99,1
8928,30-07-2005 02:18,366,154,30-07-2005 02:18,2.99,0.5
8929,30-07-2005 02:28,472,767,30-07-2005 02:28,5.99,1
8930,30-07-2005 02:28,202,245,30-07-2005 02:28,0.99,1
8931,30-07-2005 02:30,268,4,30-07-2005 02:30,2.99,1
8932,30-07-2005 02:31,295,990,30-07-2005 02:31,2.99,1
8933,30-07-2005 02:36,260,363,30-07-2005 02:36,0.99,1
8934,30-07-2005 02:37,494,708,30-07-2005 02:37,4.99,NULL
8935,30-07-2005 02:38,76,64,30-07-2005 02:38,0.99,NULL
8936,30-07-2005 02:47,227,308,30-07-2005 02:47,2.99,NULL
8937,30-07-2005 02:53,544,525,30-07-2005 02:53,5.99,1
8938,30-07-2005 02:56,92,878,30-07-2005 02:56,4.99,1
8939,30-07-2005 02:56,598,908,30-07-2005 02:56,4.99,NULL
8940,30-07-2005 02:57,212,344,30-07-2005 02:57,3.99,NULL
8941,30-07-2005 02:59,329,901,30-07-2005 02:59,0.99,0.5
8942,30-07-2005 03:01,77,956,30-07-2005 03:01,4.99,1
8943,30-07-2005 03:06,531,809,30-07-2005 03:06,0.99,0.5
8944,30-07-2005 03:11,172,769,30-07-2005 03:11,6.99,0.5
8945,30-07-2005 03:11,447,315,30-07-2005 03:11,4.99,1
8946,30-07-2005 03:14,257,768,30-07-2005 03:14,6.99,NULL
8947,30-07-2005 03:15,24,75,30-07-2005 03:15,4.99,NULL
8948,30-07-2005 03:16,597,211,30-07-2005 03:16,4.99,NULL
8949,30-07-2005 03:17,231,631,30-07-2005 03:17,5.99,1
8950,30-07-2005 03:17,11,662,30-07-2005 03:17,9.99,0.5
8951,30-07-2005 03:18,336,25,30-07-2005 03:18,8.99,1
8952,30-07-2005 03:20,36,961,30-07-2005 03:20,4.99,0.5
8953,30-07-2005 03:21,278,117,30-07-2005 03:21,4.99,0.5
8954,30-07-2005 03:25,137,220,30-07-2005 03:25,2.99,NULL
8955,30-07-2005 03:28,405,989,30-07-2005 03:28,5.99,NULL
8956,30-07-2005 03:32,71,461,30-07-2005 03:32,0.99,NULL
8957,30-07-2005 03:34,158,176,30-07-2005 03:34,1.99,NULL
8958,30-07-2005 03:34,536,341,30-07-2005 03:34,2.99,NULL
8959,30-07-2005 03:35,550,768,30-07-2005 03:35,8.99,1
8960,30-07-2005 03:36,525,86,30-07-2005 03:36,4.99,NULL
8961,30-07-2005 03:43,211,805,30-07-2005 03:43,6.99,1
8962,30-07-2005 03:43,406,970,30-07-2005 03:43,1.99,NULL
8963,30-07-2005 03:46,544,20,30-07-2005 03:46,9.99,1
8964,30-07-2005 03:49,424,63,30-07-2005 03:49,1.99,1
8965,30-07-2005 03:52,599,527,30-07-2005 03:52,6.99,1
8966,30-07-2005 03:54,522,414,30-07-2005 03:54,2.99,NULL
8967,30-07-2005 03:56,480,336,30-07-2005 03:56,6.99,0.5
8968,30-07-2005 03:57,339,493,30-07-2005 03:57,0.99,1
8969,30-07-2005 04:00,121,444,30-07-2005 04:00,8.99,1
8970,30-07-2005 04:02,313,645,30-07-2005 04:02,3.99,1
8971,30-07-2005 04:03,35,782,30-07-2005 04:03,5.99,NULL
8972,30-07-2005 04:06,89,430,30-07-2005 04:06,0.99,NULL
8973,30-07-2005 04:09,282,196,30-07-2005 04:09,1.99,NULL
8974,30-07-2005 04:09,425,741,30-07-2005 04:09,0.99,NULL
8975,30-07-2005 04:10,356,724,30-07-2005 04:10,5.99,1
8976,30-07-2005 04:12,507,462,30-07-2005 04:12,2.99,0.5
8977,30-07-2005 04:14,334,892,30-07-2005 04:14,7.99,NULL
8978,30-07-2005 04:14,5,155,30-07-2005 04:14,1.99,NULL
8979,30-07-2005 04:20,529,305,30-07-2005 04:20,5.99,1
8980,30-07-2005 04:22,105,672,30-07-2005 04:22,2.99,NULL
8981,30-07-2005 04:25,310,964,30-07-2005 04:25,7.99,1
8982,30-07-2005 04:31,251,250,30-07-2005 04:31,0.99,NULL
8983,30-07-2005 04:31,144,406,30-07-2005 04:31,0.99,NULL
8984,30-07-2005 04:31,485,460,30-07-2005 04:31,6.99,1
8985,30-07-2005 04:34,12,697,30-07-2005 04:34,0.99,1
8986,30-07-2005 04:37,551,870,30-07-2005 04:37,0.99,1
8987,30-07-2005 04:37,135,314,30-07-2005 04:37,6.99,1
8988,30-07-2005 04:38,487,170,30-07-2005 04:38,7.99,1
8989,30-07-2005 04:39,575,212,30-07-2005 04:39,4.99,NULL
8990,30-07-2005 04:41,292,408,30-07-2005 04:41,8.99,NULL
8991,30-07-2005 04:42,474,991,30-07-2005 04:42,2.99,NULL
8992,30-07-2005 04:44,54,979,30-07-2005 04:44,4.99,0.5
8993,30-07-2005 04:51,382,412,30-07-2005 04:51,4.99,NULL
8994,30-07-2005 04:51,287,334,30-07-2005 04:51,6.99,1
8995,30-07-2005 04:53,331,782,30-07-2005 04:53,4.99,NULL
8996,30-07-2005 04:53,579,429,30-07-2005 04:53,0.99,NULL
8997,30-07-2005 04:53,31,186,30-07-2005 04:53,0.99,1
8998,30-07-2005 04:54,120,345,30-07-2005 04:54,6.99,NULL
8999,30-07-2005 04:55,424,758,30-07-2005 04:55,2.99,1
9000,30-07-2005 04:58,290,823,30-07-2005 04:58,7.99,NULL
9001,30-07-2005 04:59,440,805,30-07-2005 04:59,4.99,1
9002,30-07-2005 05:02,137,421,30-07-2005 05:02,4.99,NULL
9003,30-07-2005 05:02,507,351,30-07-2005 05:02,2.99,0.5
9004,30-07-2005 05:04,178,827,30-07-2005 05:04,4.99,1
9005,30-07-2005 05:04,204,34,30-07-2005 05:04,0.99,0.5
9006,30-07-2005 05:06,49,730,30-07-2005 05:06,0.99,NULL
9007,30-07-2005 05:09,63,618,30-07-2005 05:09,0.99,NULL
9008,30-07-2005 05:10,371,785,30-07-2005 05:10,4.99,NULL
9009,30-07-2005 05:12,166,898,30-07-2005 05:12,8.99,NULL
9010,30-07-2005 05:12,152,370,30-07-2005 05:12,5.99,1
9011,30-07-2005 05:16,236,614,30-07-2005 05:16,5.99,NULL
9012,30-07-2005 05:18,494,788,30-07-2005 05:18,4.99,NULL
9013,30-07-2005 05:19,347,515,30-07-2005 05:19,4.99,NULL
9014,30-07-2005 05:19,297,69,30-07-2005 05:19,2.99,1
9015,30-07-2005 05:21,203,897,30-07-2005 05:21,10.99,NULL
9016,30-07-2005 05:26,312,938,30-07-2005 05:26,6.99,NULL
9017,30-07-2005 05:26,319,731,30-07-2005 05:26,4.99,NULL
9018,30-07-2005 05:28,218,432,30-07-2005 05:28,6.99,NULL
9019,30-07-2005 05:28,235,210,30-07-2005 05:28,5.99,NULL
9020,30-07-2005 05:31,142,370,30-07-2005 05:31,7.99,NULL
9021,30-07-2005 05:34,498,147,30-07-2005 05:34,0.99,NULL
9022,30-07-2005 05:34,159,977,30-07-2005 05:34,3.99,NULL
9023,30-07-2005 05:36,148,639,30-07-2005 05:36,5.99,NULL
9024,30-07-2005 05:44,329,35,30-07-2005 05:44,4.99,0.5
9025,30-07-2005 05:50,473,485,30-07-2005 05:50,4.99,NULL
9026,30-07-2005 05:55,423,333,30-07-2005 05:55,2.99,0.5
9027,30-07-2005 05:58,72,99,30-07-2005 05:58,2.99,NULL
9028,30-07-2005 06:00,119,590,30-07-2005 06:00,2.99,0.5
9029,30-07-2005 06:03,52,480,30-07-2005 06:03,4.99,NULL
9030,30-07-2005 06:05,367,484,30-07-2005 06:05,3.99,1
9031,30-07-2005 06:06,2,518,30-07-2005 06:06,4.99,NULL
9032,30-07-2005 06:06,369,972,30-07-2005 06:06,4.99,NULL
9033,30-07-2005 06:07,35,748,30-07-2005 06:07,2.99,NULL
9034,30-07-2005 06:10,144,842,30-07-2005 06:10,7.99,NULL
9035,30-07-2005 06:16,243,829,30-07-2005 06:16,2.99,NULL
9036,30-07-2005 06:18,18,173,30-07-2005 06:18,4.99,NULL
9037,30-07-2005 06:23,356,840,30-07-2005 06:23,4.99,1
9038,30-07-2005 06:23,514,49,30-07-2005 06:23,3.99,1
9039,30-07-2005 06:24,485,981,30-07-2005 06:24,2.99,1
9040,30-07-2005 06:31,33,86,30-07-2005 06:31,4.99,NULL
9041,30-07-2005 06:32,454,245,30-07-2005 06:32,0.99,NULL
9042,30-07-2005 06:33,398,608,30-07-2005 06:33,2.99,1
9043,30-07-2005 06:34,9,897,30-07-2005 06:34,4.99,NULL
9044,30-07-2005 06:35,319,831,30-07-2005 06:35,0.99,NULL
9045,30-07-2005 06:36,46,987,30-07-2005 06:36,8.99,1
9046,30-07-2005 06:46,215,378,30-07-2005 06:46,2.99,NULL
9047,30-07-2005 06:56,522,57,30-07-2005 06:56,7.99,NULL
9048,30-07-2005 06:57,100,857,30-07-2005 06:57,5.99,1
9049,30-07-2005 06:57,417,574,30-07-2005 06:57,2.99,NULL
9050,30-07-2005 06:59,40,21,30-07-2005 06:59,8.99,NULL
9051,30-07-2005 07:05,337,402,30-07-2005 07:05,5.99,0.5
9052,30-07-2005 07:06,408,736,30-07-2005 07:06,0.99,NULL
9053,30-07-2005 07:07,485,556,30-07-2005 07:07,4.99,1
9054,30-07-2005 07:11,209,626,30-07-2005 07:11,6.99,1
9055,30-07-2005 07:13,512,138,30-07-2005 07:13,2.99,NULL
9056,30-07-2005 07:13,380,951,30-07-2005 07:13,0.99,NULL
9057,30-07-2005 07:14,202,690,30-07-2005 07:14,2.99,1
9058,30-07-2005 07:15,403,916,30-07-2005 07:15,2.99,1
9059,30-07-2005 07:18,267,105,30-07-2005 07:18,3.99,1
9060,30-07-2005 07:20,87,951,30-07-2005 07:20,0.99,NULL
9061,30-07-2005 07:21,255,420,30-07-2005 07:21,6.99,NULL
9062,30-07-2005 07:23,358,610,30-07-2005 07:23,0.99,1
9063,30-07-2005 07:24,564,625,30-07-2005 07:24,3.99,1
9064,30-07-2005 07:24,194,310,30-07-2005 07:24,7.99,0.5
9065,30-07-2005 07:25,238,77,30-07-2005 07:25,4.99,1
9066,30-07-2005 07:28,171,44,30-07-2005 07:28,4.99,NULL
9067,30-07-2005 07:31,382,791,30-07-2005 07:31,6.99,NULL
9068,30-07-2005 07:31,78,489,30-07-2005 07:31,5.99,1
9069,30-07-2005 07:39,258,403,30-07-2005 07:39,4.99,NULL
9070,30-07-2005 07:40,276,807,30-07-2005 07:40,0.99,NULL
9071,30-07-2005 07:40,523,692,30-07-2005 07:40,2.99,1
9072,30-07-2005 07:45,106,990,30-07-2005 07:45,2.99,1
9073,30-07-2005 07:49,141,472,30-07-2005 07:49,7.99,0.5
9074,30-07-2005 07:50,84,714,30-07-2005 07:50,2.99,NULL
9075,30-07-2005 07:55,20,420,30-07-2005 07:55,4.99,NULL
9076,30-07-2005 07:58,447,110,30-07-2005 07:58,5.99,1
9077,30-07-2005 08:00,471,942,30-07-2005 08:00,2.99,NULL
9078,30-07-2005 08:01,300,213,30-07-2005 08:01,0.99,1
9079,30-07-2005 08:02,193,463,30-07-2005 08:02,2.99,NULL
9080,30-07-2005 08:02,276,19,30-07-2005 08:02,1.99,NULL
9081,30-07-2005 08:09,572,667,30-07-2005 08:09,3.99,NULL
9082,30-07-2005 08:11,438,880,30-07-2005 08:11,3.99,NULL
9083,30-07-2005 08:14,488,100,30-07-2005 08:14,5.99,NULL
9084,30-07-2005 08:14,171,861,30-07-2005 08:14,5.99,NULL
9085,30-07-2005 08:17,33,745,30-07-2005 08:17,4.99,NULL
9086,30-07-2005 08:18,57,610,30-07-2005 08:18,0.99,NULL
9087,30-07-2005 08:19,546,881,30-07-2005 08:19,4.99,1
9088,30-07-2005 08:21,245,747,30-07-2005 08:21,0.99,NULL
9089,30-07-2005 08:23,369,109,30-07-2005 08:23,0.99,NULL
9090,30-07-2005 08:24,104,751,30-07-2005 08:24,3.99,NULL
9091,30-07-2005 08:30,66,486,30-07-2005 08:30,5.99,NULL
9092,30-07-2005 08:30,17,409,30-07-2005 08:30,8.99,1
9093,30-07-2005 08:33,96,478,30-07-2005 08:33,3.99,NULL
9094,30-07-2005 08:35,140,592,30-07-2005 08:35,4.99,NULL
9095,30-07-2005 08:38,511,663,30-07-2005 08:38,0.99,1
9096,30-07-2005 08:39,216,118,30-07-2005 08:39,0.99,1
9097,30-07-2005 08:40,173,123,30-07-2005 08:40,4.99,NULL
9098,30-07-2005 08:44,144,281,30-07-2005 08:44,3.99,NULL
9099,30-07-2005 08:45,250,130,30-07-2005 08:45,0.99,NULL
9100,30-07-2005 08:46,4,895,30-07-2005 08:46,5.99,NULL
9101,30-07-2005 08:47,566,695,30-07-2005 08:47,4.99,0.5
9102,30-07-2005 08:48,276,255,30-07-2005 08:48,4.99,NULL
9103,30-07-2005 08:49,280,833,30-07-2005 08:49,0.99,NULL
9104,30-07-2005 08:49,322,739,30-07-2005 08:49,7.99,NULL
9105,30-07-2005 08:50,262,971,30-07-2005 08:50,6.99,NULL
9106,30-07-2005 08:52,148,645,30-07-2005 08:52,2.99,NULL
9107,30-07-2005 08:52,531,238,30-07-2005 08:52,4.99,0.5
9108,30-07-2005 08:56,490,867,30-07-2005 08:56,4.99,NULL
9109,30-07-2005 08:58,266,172,30-07-2005 08:58,5.99,NULL
9110,30-07-2005 09:05,317,322,30-07-2005 09:05,2.99,NULL
9111,30-07-2005 09:05,211,35,30-07-2005 09:05,3.99,1
9112,30-07-2005 09:06,74,88,30-07-2005 09:06,4.99,1
9113,30-07-2005 09:09,374,852,30-07-2005 09:09,0.99,1
9114,30-07-2005 09:13,18,199,30-07-2005 09:13,4.99,NULL
9115,30-07-2005 09:13,322,820,30-07-2005 09:13,4.99,NULL
9116,30-07-2005 09:19,446,641,30-07-2005 09:19,0.99,1
9117,30-07-2005 09:20,371,670,30-07-2005 09:20,8.99,NULL
9118,30-07-2005 09:24,172,991,30-07-2005 09:24,2.99,0.5
9119,30-07-2005 09:25,305,61,30-07-2005 09:25,4.99,NULL
9120,30-07-2005 09:26,473,28,30-07-2005 09:26,8.99,NULL
9121,30-07-2005 09:36,150,681,30-07-2005 09:36,2.99,NULL
9122,30-07-2005 09:36,365,136,30-07-2005 09:36,2.99,0.5
9123,30-07-2005 09:39,293,820,30-07-2005 09:39,2.99,NULL
9124,30-07-2005 09:43,105,993,30-07-2005 09:43,3.99,NULL
9125,30-07-2005 09:43,335,73,30-07-2005 09:43,5.99,NULL
9126,30-07-2005 09:44,590,981,30-07-2005 09:44,0.99,NULL
9127,30-07-2005 09:46,300,895,30-07-2005 09:46,2.99,1
9128,30-07-2005 09:51,372,796,30-07-2005 09:51,5.99,NULL
9129,30-07-2005 09:51,125,583,30-07-2005 09:51,9.99,NULL
9130,30-07-2005 09:55,354,374,30-07-2005 09:55,2.99,1
9131,30-07-2005 09:55,142,135,30-07-2005 09:55,2.99,NULL
9132,30-07-2005 09:56,159,89,30-07-2005 09:56,0.99,NULL
9133,30-07-2005 09:59,576,90,30-07-2005 09:59,5.99,NULL
9134,30-07-2005 10:00,559,832,30-07-2005 10:00,0.99,0.5
9135,30-07-2005 10:06,161,179,30-07-2005 10:06,4.99,NULL
9136,30-07-2005 10:07,57,377,30-07-2005 10:07,0.99,NULL
9137,30-07-2005 10:09,459,184,30-07-2005 10:09,6.99,0.5
9138,30-07-2005 10:11,17,559,30-07-2005 10:11,2.99,1
9139,30-07-2005 10:11,133,616,30-07-2005 10:11,2.99,NULL
9140,30-07-2005 10:12,25,892,30-07-2005 10:12,8.99,NULL
9141,30-07-2005 10:16,484,678,30-07-2005 10:16,5.99,1
9142,30-07-2005 10:21,486,976,30-07-2005 10:21,0.99,NULL
9143,30-07-2005 10:22,511,649,30-07-2005 10:22,6.99,1
9144,30-07-2005 10:22,381,157,30-07-2005 10:22,0.99,NULL
9145,30-07-2005 10:27,176,121,30-07-2005 10:27,6.99,NULL
9146,30-07-2005 10:32,302,107,30-07-2005 10:32,7.99,1
9147,30-07-2005 10:38,394,906,30-07-2005 10:38,0.99,NULL
9148,30-07-2005 10:39,333,308,30-07-2005 10:39,4.99,NULL
9149,30-07-2005 10:45,21,577,30-07-2005 10:45,0.99,0.5
9150,30-07-2005 10:49,213,621,30-07-2005 10:49,6.99,NULL
9151,30-07-2005 10:50,102,863,30-07-2005 10:50,3.99,NULL
9152,30-07-2005 10:51,595,788,30-07-2005 10:51,2.99,1
9153,30-07-2005 10:58,589,818,30-07-2005 10:58,4.99,NULL
9154,30-07-2005 10:59,312,125,30-07-2005 10:59,3.99,NULL
9155,30-07-2005 11:00,107,829,30-07-2005 11:00,2.99,NULL
9156,30-07-2005 11:04,145,380,30-07-2005 11:04,2.99,NULL
9157,30-07-2005 11:06,19,31,30-07-2005 11:06,5.99,NULL
9158,30-07-2005 11:12,16,875,30-07-2005 11:12,0.99,NULL
9159,30-07-2005 11:16,217,273,30-07-2005 11:16,0.99,1
9160,30-07-2005 11:17,34,40,30-07-2005 11:17,3.99,0.5
9161,30-07-2005 11:19,433,216,30-07-2005 11:19,4.99,NULL
9162,30-07-2005 11:21,184,913,30-07-2005 11:21,0.99,NULL
9163,30-07-2005 11:23,345,995,30-07-2005 11:23,4.99,NULL
9164,30-07-2005 11:24,342,970,30-07-2005 11:24,2.99,1
9165,30-07-2005 11:24,291,879,30-07-2005 11:24,5.99,NULL
9166,30-07-2005 11:26,12,69,30-07-2005 11:26,4.99,1
9167,30-07-2005 11:30,162,388,30-07-2005 11:30,4.99,NULL
9168,30-07-2005 11:31,75,443,30-07-2005 11:31,5.99,NULL
9169,30-07-2005 11:35,245,344,30-07-2005 11:35,4.99,NULL
9170,30-07-2005 11:35,425,931,30-07-2005 11:35,0.99,NULL
9171,30-07-2005 11:36,189,397,30-07-2005 11:36,5.99,NULL
9172,30-07-2005 11:36,437,152,30-07-2005 11:36,2.99,NULL
9173,30-07-2005 11:40,381,456,30-07-2005 11:40,4.99,NULL
9174,30-07-2005 11:42,144,578,30-07-2005 11:42,4.99,NULL
9175,30-07-2005 11:47,133,79,30-07-2005 11:47,0.99,NULL
9176,30-07-2005 11:50,260,583,30-07-2005 11:50,4.99,1
9177,30-07-2005 11:52,400,242,30-07-2005 11:52,5.99,NULL
9178,30-07-2005 11:58,448,444,30-07-2005 11:58,10.99,NULL
9179,30-07-2005 12:02,50,12,30-07-2005 12:02,0.99,NULL
9180,30-07-2005 12:03,442,763,30-07-2005 12:03,4.99,1
9181,30-07-2005 12:05,224,862,30-07-2005 12:05,0.99,1
9182,30-07-2005 12:06,165,556,30-07-2005 12:06,7.99,1
9183,30-07-2005 12:09,475,941,30-07-2005 12:09,7.99,NULL
9184,30-07-2005 12:10,365,10,30-07-2005 12:10,4.99,0.5
9185,30-07-2005 12:10,426,490,30-07-2005 12:10,5.99,1
9186,30-07-2005 12:13,273,985,30-07-2005 12:13,4.99,NULL
9187,30-07-2005 12:14,469,873,30-07-2005 12:14,2.99,NULL
9188,30-07-2005 12:19,195,159,30-07-2005 12:19,6.99,NULL
9189,30-07-2005 12:20,485,988,30-07-2005 12:20,2.99,1
9190,30-07-2005 12:24,177,966,30-07-2005 12:24,1.99,NULL
9191,30-07-2005 12:25,314,111,30-07-2005 12:25,3.99,1
9192,30-07-2005 12:26,102,517,30-07-2005 12:26,2.99,NULL
9193,30-07-2005 12:28,69,760,30-07-2005 12:28,2.99,NULL
9194,30-07-2005 12:28,294,540,30-07-2005 12:28,2.99,NULL
9195,30-07-2005 12:29,440,209,30-07-2005 12:29,2.99,1
9196,30-07-2005 12:30,251,936,30-07-2005 12:30,2.99,NULL
9197,30-07-2005 12:31,168,706,30-07-2005 12:31,4.99,1
9198,30-07-2005 12:37,105,517,30-07-2005 12:37,5.99,NULL
9199,30-07-2005 12:38,580,945,30-07-2005 12:38,0.99,NULL
9200,30-07-2005 12:39,137,722,30-07-2005 12:39,4.99,NULL
9201,30-07-2005 12:42,291,958,30-07-2005 12:42,5.99,NULL
9202,30-07-2005 12:43,466,988,30-07-2005 12:43,3.99,1
9203,30-07-2005 12:43,169,458,30-07-2005 12:43,0.99,1
9204,30-07-2005 12:43,43,956,30-07-2005 12:43,4.99,NULL
9205,30-07-2005 12:46,259,905,30-07-2005 12:46,6.99,1
9206,30-07-2005 12:46,404,439,30-07-2005 12:46,4.99,0.5
9207,30-07-2005 12:49,345,296,30-07-2005 12:49,2.99,NULL
9208,30-07-2005 12:54,339,603,30-07-2005 12:54,5.99,1
9209,30-07-2005 12:55,23,859,30-07-2005 12:55,5.99,NULL
9210,30-07-2005 12:56,105,20,30-07-2005 12:56,9.99,NULL
9211,30-07-2005 12:59,57,130,30-07-2005 12:59,1.99,NULL
9212,30-07-2005 13:03,73,457,30-07-2005 13:03,2.99,NULL
9213,30-07-2005 13:07,388,40,30-07-2005 13:07,0.99,NULL
9214,30-07-2005 13:10,181,620,30-07-2005 13:10,4.99,NULL
9215,30-07-2005 13:11,128,785,30-07-2005 13:11,5.99,NULL
9216,30-07-2005 13:11,38,610,30-07-2005 13:11,0.99,NULL
9217,30-07-2005 13:13,112,342,30-07-2005 13:13,4.99,NULL
9218,30-07-2005 13:14,172,23,30-07-2005 13:14,5.99,0.5
9219,30-07-2005 13:15,329,168,30-07-2005 13:15,0.99,0.5
9220,30-07-2005 13:17,569,538,30-07-2005 13:17,1.99,1
9221,30-07-2005 13:20,113,548,30-07-2005 13:20,6.99,NULL
9222,30-07-2005 13:21,95,796,30-07-2005 13:21,6.99,1
9223,30-07-2005 13:23,595,709,30-07-2005 13:23,2.99,1
9224,30-07-2005 13:25,406,489,30-07-2005 13:25,0.99,NULL
9225,30-07-2005 13:29,391,434,30-07-2005 13:29,0.99,0.5
9226,30-07-2005 13:31,3,940,30-07-2005 13:31,1.99,NULL
9227,30-07-2005 13:36,522,512,30-07-2005 13:36,7.99,NULL
9228,30-07-2005 13:36,91,505,30-07-2005 13:36,2.99,NULL
9229,30-07-2005 13:38,276,827,30-07-2005 13:38,8.99,NULL
9230,30-07-2005 13:39,109,266,30-07-2005 13:39,0.99,NULL
9231,30-07-2005 13:42,489,348,30-07-2005 13:42,0.99,0.5
9232,30-07-2005 13:43,502,434,30-07-2005 13:43,0.99,1
9233,30-07-2005 13:44,357,504,30-07-2005 13:44,3.99,NULL
9234,30-07-2005 13:45,128,362,30-07-2005 13:45,2.99,NULL
9235,30-07-2005 13:47,181,219,30-07-2005 13:47,5.99,NULL
9236,30-07-2005 13:47,2,878,30-07-2005 13:47,10.99,NULL
9237,30-07-2005 13:48,157,609,30-07-2005 13:48,2.99,NULL
9238,30-07-2005 13:49,12,737,30-07-2005 13:49,5.99,1
9239,30-07-2005 13:50,580,376,30-07-2005 13:50,3.99,NULL
9240,30-07-2005 13:57,92,127,30-07-2005 13:57,4.99,1
9241,30-07-2005 13:58,187,901,30-07-2005 13:58,2.99,NULL
9242,30-07-2005 14:03,306,165,30-07-2005 14:03,4.99,NULL
9243,30-07-2005 14:06,516,193,30-07-2005 14:06,4.99,NULL
9244,30-07-2005 14:06,27,795,30-07-2005 14:06,0.99,NULL
9245,30-07-2005 14:07,116,567,30-07-2005 14:07,6.99,NULL
9246,30-07-2005 14:12,185,744,30-07-2005 14:12,0.99,0.5
9247,30-07-2005 14:13,426,893,30-07-2005 14:13,4.99,1
9248,30-07-2005 14:14,2,303,30-07-2005 14:14,0.99,NULL
9249,30-07-2005 14:15,296,438,30-07-2005 14:15,5.99,1
9250,30-07-2005 14:18,539,992,30-07-2005 14:18,0.99,NULL
9251,30-07-2005 14:19,390,647,30-07-2005 14:19,5.99,NULL
9252,30-07-2005 14:19,322,511,30-07-2005 14:19,1.99,NULL
9253,30-07-2005 14:20,151,911,30-07-2005 14:20,4.99,1
9254,30-07-2005 14:26,33,110,30-07-2005 14:26,1.99,NULL
9255,30-07-2005 14:26,23,350,30-07-2005 14:26,9.99,NULL
9256,30-07-2005 14:29,19,875,30-07-2005 14:29,0.99,NULL
9257,30-07-2005 14:30,466,573,30-07-2005 14:30,2.99,1
9258,30-07-2005 14:31,275,437,30-07-2005 14:31,2.99,NULL
9259,30-07-2005 14:37,138,19,30-07-2005 14:37,1.99,1
9260,30-07-2005 14:38,13,865,30-07-2005 14:38,9.99,0.5
9261,30-07-2005 14:39,380,82,30-07-2005 14:39,6.99,NULL
9262,30-07-2005 14:45,349,504,30-07-2005 14:45,1.99,NULL
9263,30-07-2005 14:48,410,15,30-07-2005 14:48,2.99,NULL
9264,30-07-2005 14:51,157,887,30-07-2005 14:51,4.99,NULL
9265,30-07-2005 14:55,560,810,30-07-2005 14:55,0.99,NULL
9266,30-07-2005 14:59,364,371,30-07-2005 14:59,4.99,NULL
9267,30-07-2005 14:59,409,140,30-07-2005 14:59,0.99,NULL
9268,30-07-2005 15:02,592,785,30-07-2005 15:02,4.99,NULL
9269,30-07-2005 15:02,435,119,30-07-2005 15:02,0.99,1
9270,30-07-2005 15:03,232,153,30-07-2005 15:03,0.99,NULL
9271,30-07-2005 15:04,100,583,30-07-2005 15:04,4.99,1
9272,30-07-2005 15:05,553,298,30-07-2005 15:05,4.99,NULL
9273,30-07-2005 15:05,497,408,30-07-2005 15:05,9.99,NULL
9274,30-07-2005 15:07,47,967,30-07-2005 15:07,4.99,1
9275,30-07-2005 15:09,439,416,30-07-2005 15:09,0.99,NULL
9276,30-07-2005 15:09,237,334,30-07-2005 15:09,5.99,NULL
9277,30-07-2005 15:13,82,816,30-07-2005 15:13,3.99,NULL
9278,30-07-2005 15:15,581,828,30-07-2005 15:15,2.99,NULL
9279,30-07-2005 15:15,567,239,30-07-2005 15:15,7.99,1
9280,30-07-2005 15:15,286,893,30-07-2005 15:15,6.99,NULL
9281,30-07-2005 15:15,398,678,30-07-2005 15:15,5.99,1
9282,30-07-2005 15:17,259,161,30-07-2005 15:17,6.99,1
9283,30-07-2005 15:25,360,405,30-07-2005 15:25,4.99,NULL
9284,30-07-2005 15:25,38,866,30-07-2005 15:25,0.99,NULL
9285,30-07-2005 15:26,273,806,30-07-2005 15:26,5.99,NULL
9286,30-07-2005 15:32,154,542,30-07-2005 15:32,2.99,1
9287,30-07-2005 15:35,551,445,30-07-2005 15:35,2.99,1
9288,30-07-2005 15:56,447,579,30-07-2005 15:56,6.99,1
9289,30-07-2005 15:57,453,86,30-07-2005 15:57,6.99,NULL
9290,30-07-2005 15:59,500,491,30-07-2005 15:59,3.99,NULL
9291,30-07-2005 16:03,406,633,30-07-2005 16:03,4.99,NULL
9292,30-07-2005 16:08,11,370,30-07-2005 16:08,6.99,0.5
9293,30-07-2005 16:12,65,366,30-07-2005 16:12,3.99,NULL
9294,30-07-2005 16:14,433,540,30-07-2005 16:14,3.99,NULL
9295,30-07-2005 16:18,102,110,30-07-2005 16:18,0.99,NULL
9296,30-07-2005 16:21,2,891,30-07-2005 16:21,6.99,NULL
9297,30-07-2005 16:26,191,767,30-07-2005 16:26,4.99,1
9298,30-07-2005 16:27,208,457,30-07-2005 16:27,3.99,1
9299,30-07-2005 16:32,555,331,30-07-2005 16:32,5.99,NULL
9300,30-07-2005 16:33,571,358,30-07-2005 16:33,1.99,NULL
9301,30-07-2005 16:34,174,239,30-07-2005 16:34,4.99,NULL
9302,30-07-2005 16:34,55,505,30-07-2005 16:34,2.99,1
9303,30-07-2005 16:35,186,937,30-07-2005 16:35,2.99,1
9304,30-07-2005 16:41,296,645,30-07-2005 16:41,2.99,1
9305,30-07-2005 16:45,82,271,30-07-2005 16:45,8.99,NULL
9306,30-07-2005 16:47,336,868,30-07-2005 16:47,0.99,1
9307,30-07-2005 16:52,538,839,30-07-2005 16:52,0.99,1
9308,30-07-2005 16:53,267,476,30-07-2005 16:53,6.99,1
9309,30-07-2005 16:55,30,790,30-07-2005 16:55,2.99,NULL
9310,30-07-2005 16:57,529,648,30-07-2005 16:57,4.99,1
9311,30-07-2005 16:58,178,313,30-07-2005 16:58,7.99,1
9312,30-07-2005 16:59,76,544,30-07-2005 16:59,2.99,NULL
9313,30-07-2005 16:59,41,887,30-07-2005 16:59,5.99,NULL
9314,30-07-2005 17:05,390,513,30-07-2005 17:05,2.99,NULL
9315,30-07-2005 17:05,96,98,30-07-2005 17:05,4.99,NULL
9316,30-07-2005 17:11,366,964,30-07-2005 17:11,6.99,0.5
9317,30-07-2005 17:13,217,899,30-07-2005 17:13,2.99,1
9318,30-07-2005 17:14,314,529,30-07-2005 17:14,6.99,1
9319,30-07-2005 17:15,136,886,30-07-2005 17:15,0.99,1
9320,30-07-2005 17:16,221,202,30-07-2005 17:16,6.99,NULL
9321,30-07-2005 17:19,112,777,30-07-2005 17:19,6.99,NULL
9322,30-07-2005 17:21,439,50,30-07-2005 17:21,6.99,NULL
9323,30-07-2005 17:21,131,820,30-07-2005 17:21,3.99,NULL
9324,30-07-2005 17:28,332,273,30-07-2005 17:28,1.99,0.5
9325,30-07-2005 17:29,476,421,30-07-2005 17:29,6.99,NULL
9326,30-07-2005 17:30,588,825,30-07-2005 17:30,2.99,1
9327,30-07-2005 17:31,373,77,30-07-2005 17:31,8.99,NULL
9328,30-07-2005 17:32,89,242,30-07-2005 17:32,2.99,NULL
9329,30-07-2005 17:42,593,285,30-07-2005 17:42,6.99,NULL
9330,30-07-2005 17:44,232,919,30-07-2005 17:44,10.99,NULL
9331,30-07-2005 17:46,274,486,30-07-2005 17:46,4.99,1
9332,30-07-2005 17:53,480,255,30-07-2005 17:53,4.99,0.5
9333,30-07-2005 17:53,437,302,30-07-2005 17:53,2.99,NULL
9334,30-07-2005 17:56,25,328,30-07-2005 17:56,2.99,NULL
9335,30-07-2005 18:00,522,226,30-07-2005 18:00,4.99,NULL
9336,30-07-2005 18:01,557,416,30-07-2005 18:01,0.99,NULL
9337,30-07-2005 18:02,90,514,30-07-2005 18:02,2.99,1
9338,30-07-2005 18:03,333,324,30-07-2005 18:03,10.99,NULL
9339,30-07-2005 18:03,68,696,30-07-2005 18:03,3.99,1
9340,30-07-2005 18:07,213,709,30-07-2005 18:07,2.99,NULL
9341,30-07-2005 18:07,557,199,30-07-2005 18:07,2.99,NULL
9342,30-07-2005 18:09,552,503,30-07-2005 18:09,8.99,1
9343,30-07-2005 18:13,53,771,30-07-2005 18:13,4.99,0.5
9344,30-07-2005 18:13,396,225,30-07-2005 18:13,5.99,0.5
9345,30-07-2005 18:13,436,444,30-07-2005 18:13,9.99,NULL
9346,30-07-2005 18:13,196,624,30-07-2005 18:13,5.99,NULL
9347,30-07-2005 18:16,479,777,30-07-2005 18:16,5.99,NULL
9348,30-07-2005 18:17,87,687,30-07-2005 18:17,2.99,NULL
9349,30-07-2005 18:20,579,818,30-07-2005 18:20,9.99,NULL
9350,30-07-2005 18:24,434,174,30-07-2005 18:24,4.99,NULL
9351,30-07-2005 18:28,107,447,30-07-2005 18:28,2.99,NULL
9352,30-07-2005 18:29,360,574,30-07-2005 18:29,0.99,NULL
9353,30-07-2005 18:30,283,783,30-07-2005 18:30,4.99,1
9354,30-07-2005 18:32,595,113,30-07-2005 18:32,4.99,1
9355,30-07-2005 18:35,201,249,30-07-2005 18:35,0.99,NULL
9356,30-07-2005 18:36,60,911,30-07-2005 18:36,4.99,1
9357,30-07-2005 18:37,181,856,30-07-2005 18:37,8.99,NULL
9358,30-07-2005 18:37,302,155,30-07-2005 18:37,2.99,1
9359,30-07-2005 18:39,501,4,30-07-2005 18:39,2.99,NULL
9360,30-07-2005 18:39,186,459,30-07-2005 18:39,5.99,1
9361,30-07-2005 18:43,335,905,30-07-2005 18:43,4.99,NULL
9362,30-07-2005 18:44,420,737,30-07-2005 18:44,0.99,NULL
9363,30-07-2005 18:44,323,193,30-07-2005 18:44,2.99,NULL
9364,30-07-2005 18:44,87,69,30-07-2005 18:44,8.99,NULL
9365,30-07-2005 18:46,232,337,30-07-2005 18:46,2.99,NULL
9366,30-07-2005 18:48,557,873,30-07-2005 18:48,1.99,NULL
9367,30-07-2005 18:49,557,173,30-07-2005 18:49,6.99,NULL
9368,30-07-2005 18:50,388,664,30-07-2005 18:50,2.99,NULL
9369,30-07-2005 18:52,36,773,30-07-2005 18:52,2.99,0.5
9370,30-07-2005 18:57,588,969,30-07-2005 18:57,4.99,1
9371,30-07-2005 18:58,4,653,30-07-2005 18:58,5.99,NULL
9372,30-07-2005 19:04,454,888,30-07-2005 19:04,9.99,NULL
9373,30-07-2005 19:05,180,762,30-07-2005 19:05,0.99,NULL
9374,30-07-2005 19:10,302,21,30-07-2005 19:10,8.99,1
9375,30-07-2005 19:10,529,673,30-07-2005 19:10,0.99,1
9376,30-07-2005 19:11,86,100,30-07-2005 19:11,4.99,NULL
9377,30-07-2005 19:12,421,905,30-07-2005 19:12,4.99,1
9378,30-07-2005 19:12,197,478,30-07-2005 19:12,4.99,1
9379,30-07-2005 19:13,452,844,30-07-2005 19:13,6.99,NULL
9380,30-07-2005 19:17,264,962,30-07-2005 19:17,2.99,0.5
9381,30-07-2005 19:23,329,886,30-07-2005 19:23,0.99,0.5
9382,30-07-2005 19:23,17,460,30-07-2005 19:23,8.99,1
9383,30-07-2005 19:24,416,616,30-07-2005 19:24,2.99,NULL
9384,30-07-2005 19:25,220,502,30-07-2005 19:25,7.99,NULL
9385,30-07-2005 19:25,570,757,30-07-2005 19:25,7.99,NULL
9386,30-07-2005 19:26,189,249,30-07-2005 19:26,0.99,NULL
9387,30-07-2005 19:27,495,126,30-07-2005 19:27,9.99,1
9388,30-07-2005 19:27,332,458,30-07-2005 19:27,5.99,0.5
9389,30-07-2005 19:27,198,687,30-07-2005 19:27,0.99,NULL
9390,30-07-2005 19:42,103,390,30-07-2005 19:42,4.99,NULL
9391,30-07-2005 19:48,273,143,30-07-2005 19:48,0.99,NULL
9392,30-07-2005 19:50,29,614,30-07-2005 19:50,4.99,0.5
9393,30-07-2005 20:04,158,184,30-07-2005 20:04,2.99,NULL
9394,30-07-2005 20:06,204,35,30-07-2005 20:06,5.99,0.5
9395,30-07-2005 20:07,306,286,30-07-2005 20:07,4.99,NULL
9396,30-07-2005 20:07,91,276,30-07-2005 20:07,4.99,NULL
9397,30-07-2005 20:07,373,340,30-07-2005 20:07,4.99,NULL
9398,30-07-2005 20:09,570,261,30-07-2005 20:09,0.99,NULL
9399,30-07-2005 20:14,569,803,30-07-2005 20:14,4.99,1
9400,30-07-2005 20:15,368,853,30-07-2005 20:15,5.99,0.5
9401,30-07-2005 20:18,331,447,30-07-2005 20:18,5.99,NULL
9402,30-07-2005 20:18,48,529,30-07-2005 20:18,7.99,1
9403,30-07-2005 20:18,267,760,30-07-2005 20:18,4.99,1
9404,30-07-2005 20:21,140,839,30-07-2005 20:21,0.99,NULL
9405,30-07-2005 20:22,463,432,30-07-2005 20:22,7.99,NULL
9406,30-07-2005 20:24,453,749,30-07-2005 20:24,6.99,NULL
9407,30-07-2005 20:25,585,570,30-07-2005 20:25,8.99,NULL
9408,30-07-2005 20:32,571,957,30-07-2005 20:32,4.99,NULL
9409,30-07-2005 20:33,156,670,30-07-2005 20:33,6.99,NULL
9410,30-07-2005 20:38,22,388,30-07-2005 20:38,0.99,NULL
9411,30-07-2005 20:38,536,764,30-07-2005 20:38,8.99,NULL
9412,30-07-2005 20:44,522,544,30-07-2005 20:44,5.99,NULL
9413,30-07-2005 20:44,290,574,30-07-2005 20:44,0.99,NULL
9414,30-07-2005 20:46,484,126,30-07-2005 20:46,9.99,1
9415,30-07-2005 20:48,139,733,30-07-2005 20:48,2.99,NULL
9416,30-07-2005 20:52,265,322,30-07-2005 20:52,2.99,NULL
9417,30-07-2005 20:54,519,551,30-07-2005 20:54,6.99,0.5
9418,30-07-2005 21:00,168,54,30-07-2005 21:00,4.99,1
9419,30-07-2005 21:04,142,968,30-07-2005 21:04,5.99,NULL
9420,30-07-2005 21:05,72,31,30-07-2005 21:05,5.99,NULL
9421,30-07-2005 21:08,161,477,30-07-2005 21:08,0.99,NULL
9422,30-07-2005 21:08,470,402,30-07-2005 21:08,5.99,NULL
9423,30-07-2005 21:10,242,690,30-07-2005 21:10,3.99,1
9424,30-07-2005 21:10,256,982,30-07-2005 21:10,2.99,NULL
9425,30-07-2005 21:11,295,60,30-07-2005 21:11,7.99,1
9427,30-07-2005 21:16,85,327,30-07-2005 21:16,7.99,NULL
9428,30-07-2005 21:18,335,424,30-07-2005 21:18,0.99,NULL
9429,30-07-2005 21:19,288,383,30-07-2005 21:19,2.99,NULL
9430,30-07-2005 21:20,367,334,30-07-2005 21:20,4.99,1
9431,30-07-2005 21:24,39,738,30-07-2005 21:24,1.99,1
9432,30-07-2005 21:26,570,545,30-07-2005 21:26,2.99,NULL
9433,30-07-2005 21:28,128,241,30-07-2005 21:28,5.99,NULL
9434,30-07-2005 21:29,13,830,30-07-2005 21:29,0.99,0.5
9435,30-07-2005 21:31,301,684,30-07-2005 21:31,4.99,1
9436,30-07-2005 21:33,268,506,30-07-2005 21:33,7.99,1
9437,30-07-2005 21:36,592,273,30-07-2005 21:36,3.99,NULL
9438,30-07-2005 21:36,14,24,30-07-2005 21:36,4.99,NULL
9439,30-07-2005 21:38,479,65,30-07-2005 21:38,8.99,NULL
9440,30-07-2005 21:40,535,91,30-07-2005 21:40,0.99,NULL
9441,30-07-2005 21:43,519,868,30-07-2005 21:43,4.99,0.5
9442,30-07-2005 21:44,75,9,30-07-2005 21:44,4.99,NULL
9443,30-07-2005 21:45,3,366,30-07-2005 21:45,3.99,NULL
9444,30-07-2005 21:48,259,251,30-07-2005 21:48,7.99,1
9445,30-07-2005 21:50,549,324,30-07-2005 21:50,7.99,NULL
9446,30-07-2005 21:53,477,409,30-07-2005 21:53,8.99,NULL
9447,30-07-2005 21:54,82,234,30-07-2005 21:54,6.99,NULL
9448,30-07-2005 21:56,278,269,30-07-2005 21:56,2.99,0.5
9449,30-07-2005 22:02,581,1,30-07-2005 22:02,1.99,NULL
9450,30-07-2005 22:04,430,301,30-07-2005 22:04,2.99,1
9451,30-07-2005 22:10,584,150,30-07-2005 22:10,3.99,NULL
9452,30-07-2005 22:19,130,697,30-07-2005 22:19,0.99,1
9453,30-07-2005 22:20,221,433,30-07-2005 22:20,7.99,NULL
9454,30-07-2005 22:20,81,665,30-07-2005 22:20,3.99,NULL
9455,30-07-2005 22:20,220,580,30-07-2005 22:20,10.99,NULL
9456,30-07-2005 22:22,534,448,30-07-2005 22:22,5.99,1
9457,30-07-2005 22:23,487,468,30-07-2005 22:23,2.99,1
9458,30-07-2005 22:24,343,682,30-07-2005 22:24,5.99,NULL
9459,30-07-2005 22:24,489,251,30-07-2005 22:24,4.99,0.5
9460,30-07-2005 22:25,580,975,30-07-2005 22:25,5.99,NULL
9461,30-07-2005 22:29,377,366,30-07-2005 22:29,3.99,0.5
9462,30-07-2005 22:30,192,891,30-07-2005 22:30,7.99,1
9463,30-07-2005 22:30,352,194,30-07-2005 22:30,0.99,NULL
9464,30-07-2005 22:31,534,852,30-07-2005 22:31,4.99,1
9465,30-07-2005 22:39,2,678,30-07-2005 22:39,6.99,NULL
9466,30-07-2005 22:44,137,570,30-07-2005 22:44,7.99,NULL
9467,30-07-2005 22:45,202,415,30-07-2005 22:45,8.99,1
9468,30-07-2005 22:53,20,952,30-07-2005 22:53,3.99,NULL
9469,30-07-2005 22:56,59,215,30-07-2005 22:56,8.99,1
9470,30-07-2005 23:01,566,852,30-07-2005 23:01,4.99,0.5
9471,30-07-2005 23:02,424,521,30-07-2005 23:02,4.99,1
9472,30-07-2005 23:03,404,908,30-07-2005 23:03,4.99,0.5
9473,30-07-2005 23:04,185,374,30-07-2005 23:04,2.99,0.5
9474,30-07-2005 23:05,206,825,30-07-2005 23:05,2.99,1
9475,30-07-2005 23:06,567,472,30-07-2005 23:06,6.99,1
9476,30-07-2005 23:06,197,786,30-07-2005 23:06,0.99,1
9477,30-07-2005 23:07,213,420,30-07-2005 23:07,4.99,NULL
9478,30-07-2005 23:12,283,252,30-07-2005 23:12,2.99,1
9479,30-07-2005 23:22,308,759,30-07-2005 23:22,2.99,NULL
9480,30-07-2005 23:26,373,130,30-07-2005 23:26,0.99,NULL
9481,30-07-2005 23:26,481,133,30-07-2005 23:26,4.99,NULL
9482,30-07-2005 23:29,348,528,30-07-2005 23:29,2.99,NULL
9483,30-07-2005 23:31,593,252,30-07-2005 23:31,6.99,NULL
9484,30-07-2005 23:31,26,744,30-07-2005 23:31,0.99,NULL
9485,30-07-2005 23:32,338,814,30-07-2005 23:32,7.99,NULL
9486,30-07-2005 23:35,403,611,30-07-2005 23:35,7.99,1
9487,30-07-2005 23:40,406,468,30-07-2005 23:40,2.99,NULL
9488,30-07-2005 23:42,528,917,30-07-2005 23:42,8.99,NULL
9489,30-07-2005 23:43,17,873,30-07-2005 23:43,0.99,1
9490,30-07-2005 23:45,487,287,30-07-2005 23:45,3.99,1
9491,30-07-2005 23:45,179,791,30-07-2005 23:45,4.99,1
9492,30-07-2005 23:52,126,139,30-07-2005 23:52,6.99,1
9493,30-07-2005 23:52,5,333,30-07-2005 23:52,4.99,NULL
9494,30-07-2005 23:52,254,832,30-07-2005 23:52,1.99,1
9495,30-07-2005 23:54,397,461,30-07-2005 23:54,0.99,1
9496,30-07-2005 23:55,125,100,30-07-2005 23:55,4.99,NULL
9497,30-07-2005 23:56,595,206,30-07-2005 23:56,0.99,1
9498,30-07-2005 23:56,289,231,30-07-2005 23:56,2.99,NULL
9499,30-07-2005 23:58,461,131,30-07-2005 23:58,4.99,NULL
9500,30-07-2005 23:58,241,616,30-07-2005 23:58,6.99,1
9501,30-07-2005 23:59,75,961,30-07-2005 23:59,4.99,NULL
9502,31-07-2005 00:02,471,593,31-07-2005 00:02,0.99,NULL
9503,31-07-2005 00:02,311,227,31-07-2005 00:02,6.99,1
9504,31-07-2005 00:09,125,18,31-07-2005 00:09,0.99,NULL
9505,31-07-2005 00:11,543,880,31-07-2005 00:11,2.99,NULL
9506,31-07-2005 00:19,189,846,31-07-2005 00:19,4.99,NULL
9507,31-07-2005 00:22,525,86,31-07-2005 00:22,5.99,NULL
9508,31-07-2005 00:22,316,267,31-07-2005 00:22,4.99,1
9509,31-07-2005 00:22,320,178,31-07-2005 00:22,0.99,NULL
9510,31-07-2005 00:24,494,500,31-07-2005 00:24,7.99,NULL
9511,31-07-2005 00:25,549,215,31-07-2005 00:25,9.99,NULL
9512,31-07-2005 00:26,173,829,31-07-2005 00:26,2.99,NULL
9513,31-07-2005 00:28,317,88,31-07-2005 00:28,4.99,NULL
9514,31-07-2005 00:29,243,412,31-07-2005 00:29,4.99,NULL
9515,31-07-2005 00:35,264,681,31-07-2005 00:35,0.99,0.5
9516,31-07-2005 00:40,424,771,31-07-2005 00:40,8.99,1
9517,31-07-2005 00:41,170,726,31-07-2005 00:41,2.99,1
9518,31-07-2005 00:43,215,595,31-07-2005 00:43,0.99,NULL
9519,31-07-2005 00:45,235,824,31-07-2005 00:45,6.99,NULL
9520,31-07-2005 00:50,299,288,31-07-2005 00:50,2.99,0.5
9521,31-07-2005 00:52,227,311,31-07-2005 00:52,2.99,NULL
9522,31-07-2005 00:55,294,928,31-07-2005 00:55,2.99,NULL
9523,31-07-2005 00:56,356,199,31-07-2005 00:56,3.99,1
9524,31-07-2005 01:01,535,390,31-07-2005 01:01,4.99,NULL
9525,31-07-2005 01:02,246,655,31-07-2005 01:02,5.99,1
9526,31-07-2005 01:02,342,91,31-07-2005 01:02,0.99,1
9527,31-07-2005 01:02,200,557,31-07-2005 01:02,6.99,NULL
9528,31-07-2005 01:05,241,43,31-07-2005 01:05,3.99,1
9529,31-07-2005 01:05,123,177,31-07-2005 01:05,4.99,1
9530,31-07-2005 01:09,148,374,31-07-2005 01:09,1.99,NULL
9531,31-07-2005 01:11,268,993,31-07-2005 01:11,3.99,1
9532,31-07-2005 01:16,488,288,31-07-2005 01:16,2.99,NULL
9533,31-07-2005 01:18,522,902,31-07-2005 01:18,5.99,NULL
9534,31-07-2005 01:18,519,973,31-07-2005 01:18,7.99,0.5
9535,31-07-2005 01:18,485,526,31-07-2005 01:18,2.99,1
9536,31-07-2005 01:19,310,559,31-07-2005 01:19,2.99,1
9537,31-07-2005 01:23,488,119,31-07-2005 01:23,0.99,NULL
9538,31-07-2005 01:25,68,746,31-07-2005 01:25,3.99,1
9539,31-07-2005 01:36,436,830,31-07-2005 01:36,0.99,NULL
9540,31-07-2005 01:40,365,476,31-07-2005 01:40,2.99,0.5
9541,31-07-2005 01:40,422,385,31-07-2005 01:40,4.99,1
9542,31-07-2005 01:41,595,485,31-07-2005 01:41,4.99,1
9543,31-07-2005 01:43,369,213,31-07-2005 01:43,0.99,NULL
9544,31-07-2005 01:44,28,520,31-07-2005 01:44,2.99,1
9545,31-07-2005 01:46,594,757,31-07-2005 01:46,7.99,1
9546,31-07-2005 01:47,63,47,31-07-2005 01:47,4.99,NULL
9547,31-07-2005 01:52,440,527,31-07-2005 01:52,4.99,1
9548,31-07-2005 01:54,576,666,31-07-2005 01:54,5.99,NULL
9549,31-07-2005 01:57,63,525,31-07-2005 01:57,3.99,NULL
9550,31-07-2005 01:57,583,483,31-07-2005 01:57,7.99,NULL
9551,31-07-2005 02:04,30,280,31-07-2005 02:04,0.99,NULL
9552,31-07-2005 02:05,261,775,31-07-2005 02:05,4.99,NULL
9553,31-07-2005 02:06,579,911,31-07-2005 02:06,5.99,NULL
9554,31-07-2005 02:06,490,566,31-07-2005 02:06,0.99,NULL
9555,31-07-2005 02:11,382,457,31-07-2005 02:11,0.99,NULL
9556,31-07-2005 02:13,521,720,31-07-2005 02:13,7.99,1
9557,31-07-2005 02:14,328,154,31-07-2005 02:14,2.99,NULL
9558,31-07-2005 02:14,418,256,31-07-2005 02:14,4.99,NULL
9559,31-07-2005 02:15,159,632,31-07-2005 02:15,7.99,NULL
9560,31-07-2005 02:17,471,921,31-07-2005 02:17,2.99,NULL
9561,31-07-2005 02:22,58,240,31-07-2005 02:22,2.99,NULL
9562,31-07-2005 02:23,116,345,31-07-2005 02:23,3.99,NULL
9563,31-07-2005 02:28,167,844,31-07-2005 02:28,4.99,1
9564,31-07-2005 02:31,377,85,31-07-2005 02:31,0.99,0.5
9565,31-07-2005 02:32,485,790,31-07-2005 02:32,0.99,1
9566,31-07-2005 02:32,346,139,31-07-2005 02:32,4.99,1
9567,31-07-2005 02:36,37,806,31-07-2005 02:36,5.99,1
9568,31-07-2005 02:37,358,275,31-07-2005 02:37,0.99,1
9569,31-07-2005 02:39,405,176,31-07-2005 02:39,0.99,NULL
9570,31-07-2005 02:40,385,129,31-07-2005 02:40,2.99,0.5
9571,31-07-2005 02:42,1,480,31-07-2005 02:42,2.99,0.5
9572,31-07-2005 02:44,283,319,31-07-2005 02:44,2.99,1
9573,31-07-2005 02:45,59,819,31-07-2005 02:45,6.99,1
9574,31-07-2005 02:49,233,610,31-07-2005 02:49,0.99,0.5
9575,31-07-2005 02:51,193,865,31-07-2005 02:51,4.99,NULL
9576,31-07-2005 02:52,145,732,31-07-2005 02:52,0.99,NULL
9577,31-07-2005 02:53,526,529,31-07-2005 02:53,6.99,NULL
9578,31-07-2005 02:54,115,650,31-07-2005 02:54,0.99,NULL
9579,31-07-2005 02:59,35,775,31-07-2005 02:59,6.99,NULL
9580,31-07-2005 03:01,22,117,31-07-2005 03:01,4.99,NULL
9581,31-07-2005 03:03,302,568,31-07-2005 03:03,5.99,1
9582,31-07-2005 03:05,347,854,31-07-2005 03:05,4.99,NULL
9583,31-07-2005 03:05,568,775,31-07-2005 03:05,6.99,NULL
9584,31-07-2005 03:05,141,92,31-07-2005 03:05,4.99,0.5
9585,31-07-2005 03:05,197,715,31-07-2005 03:05,4.99,1
9586,31-07-2005 03:07,415,869,31-07-2005 03:07,2.99,NULL
9587,31-07-2005 03:10,235,650,31-07-2005 03:10,3.99,NULL
9588,31-07-2005 03:13,499,301,31-07-2005 03:13,0.99,NULL
9589,31-07-2005 03:13,574,572,31-07-2005 03:13,7.99,0.5
9590,31-07-2005 03:17,585,498,31-07-2005 03:17,3.99,NULL
9591,31-07-2005 03:19,97,112,31-07-2005 03:19,4.99,NULL
9592,31-07-2005 03:21,14,397,31-07-2005 03:21,2.99,NULL
9593,31-07-2005 03:22,28,271,31-07-2005 03:22,4.99,1
9594,31-07-2005 03:23,148,957,31-07-2005 03:23,4.99,NULL
9595,31-07-2005 03:27,3,621,31-07-2005 03:27,2.99,NULL
9596,31-07-2005 03:28,55,624,31-07-2005 03:28,5.99,1
9597,31-07-2005 03:29,61,730,31-07-2005 03:29,6.99,NULL
9598,31-07-2005 03:30,468,245,31-07-2005 03:30,0.99,1
9599,31-07-2005 03:32,502,694,31-07-2005 03:32,4.99,1
9600,31-07-2005 03:35,464,816,31-07-2005 03:35,5.99,NULL
9601,31-07-2005 03:42,553,349,31-07-2005 03:42,2.99,NULL
9602,31-07-2005 03:42,386,697,31-07-2005 03:42,0.99,NULL
9603,31-07-2005 03:43,541,489,31-07-2005 03:43,0.99,NULL
9604,31-07-2005 03:47,580,946,31-07-2005 03:47,4.99,NULL
9605,31-07-2005 03:50,94,323,31-07-2005 03:50,4.99,NULL
9606,31-07-2005 03:50,253,299,31-07-2005 03:50,0.99,0.5
9607,31-07-2005 03:51,294,748,31-07-2005 03:51,0.99,NULL
9608,31-07-2005 03:51,397,79,31-07-2005 03:51,1.99,1
9609,31-07-2005 03:53,112,151,31-07-2005 03:53,4.99,NULL
9610,31-07-2005 03:54,16,683,31-07-2005 03:54,5.99,NULL
9611,31-07-2005 03:54,215,431,31-07-2005 03:54,4.99,NULL
9612,31-07-2005 03:58,69,463,31-07-2005 03:58,2.99,NULL
9613,31-07-2005 03:58,188,715,31-07-2005 03:58,4.99,NULL
9614,31-07-2005 03:59,548,648,31-07-2005 03:59,5.99,NULL
9615,31-07-2005 03:59,50,739,31-07-2005 03:59,4.99,NULL
9616,31-07-2005 04:05,550,269,31-07-2005 04:05,2.99,1
9617,31-07-2005 04:15,102,116,31-07-2005 04:15,2.99,NULL
9618,31-07-2005 04:16,253,590,31-07-2005 04:16,6.99,0.5
9619,31-07-2005 04:17,138,377,31-07-2005 04:17,0.99,1
9620,31-07-2005 04:19,576,470,31-07-2005 04:19,8.99,NULL
9621,31-07-2005 04:21,38,72,31-07-2005 04:21,4.99,NULL
9622,31-07-2005 04:21,411,488,31-07-2005 04:21,0.99,NULL
9623,31-07-2005 04:30,360,22,31-07-2005 04:30,2.99,NULL
9624,31-07-2005 04:30,7,763,31-07-2005 04:30,7.99,NULL
9625,31-07-2005 04:30,445,371,31-07-2005 04:30,4.99,NULL
9626,31-07-2005 04:37,546,479,31-07-2005 04:37,1.99,1
9627,31-07-2005 04:42,12,103,31-07-2005 04:42,5.99,1
9628,31-07-2005 04:51,565,304,31-07-2005 04:51,2.99,NULL
9629,31-07-2005 04:54,8,609,31-07-2005 04:54,2.99,NULL
9630,31-07-2005 04:57,599,437,31-07-2005 04:57,2.99,1
9631,31-07-2005 05:02,595,72,31-07-2005 05:02,2.99,1
9632,31-07-2005 05:02,217,739,31-07-2005 05:02,6.99,1
9633,31-07-2005 05:04,334,252,31-07-2005 05:04,2.99,NULL
9634,31-07-2005 05:06,444,205,31-07-2005 05:06,1.99,NULL
9635,31-07-2005 05:12,371,367,31-07-2005 05:12,0.99,NULL
9636,31-07-2005 05:12,27,376,31-07-2005 05:12,5.99,NULL
9637,31-07-2005 05:18,130,661,31-07-2005 05:18,4.99,1
9638,31-07-2005 05:30,436,353,31-07-2005 05:30,5.99,NULL
9639,31-07-2005 05:32,459,302,31-07-2005 05:32,2.99,0.5
9640,31-07-2005 05:33,67,238,31-07-2005 05:33,7.99,1
9641,31-07-2005 05:33,30,242,31-07-2005 05:33,0.99,NULL
9642,31-07-2005 05:33,68,776,31-07-2005 05:33,4.99,1
9643,31-07-2005 05:35,538,782,31-07-2005 05:35,4.99,1
9644,31-07-2005 05:40,441,1000,31-07-2005 05:40,10.99,NULL
9645,31-07-2005 05:42,519,748,31-07-2005 05:42,0.99,0.5
9646,31-07-2005 05:43,89,821,31-07-2005 05:43,2.99,NULL
9647,31-07-2005 05:45,475,748,31-07-2005 05:45,2.99,NULL
9648,31-07-2005 05:46,72,886,31-07-2005 05:46,4.99,NULL
9649,31-07-2005 05:46,51,348,31-07-2005 05:46,0.99,NULL
9650,31-07-2005 05:47,414,657,31-07-2005 05:47,2.99,NULL
9651,31-07-2005 05:48,324,884,31-07-2005 05:48,4.99,1
9652,31-07-2005 05:49,207,99,31-07-2005 05:49,2.99,NULL
9653,31-07-2005 05:55,383,317,31-07-2005 05:55,0.99,NULL
9654,31-07-2005 05:57,506,724,31-07-2005 05:57,3.99,NULL
9655,31-07-2005 05:57,435,746,31-07-2005 05:57,3.99,1
9656,31-07-2005 06:00,39,916,31-07-2005 06:00,4.99,1
9657,31-07-2005 06:00,402,588,31-07-2005 06:00,6.99,NULL
9658,31-07-2005 06:00,282,506,31-07-2005 06:00,9.99,NULL
9659,31-07-2005 06:02,360,927,31-07-2005 06:02,3.99,NULL
9660,31-07-2005 06:03,406,243,31-07-2005 06:03,8.99,NULL
9661,31-07-2005 06:06,237,591,31-07-2005 06:06,4.99,NULL
9662,31-07-2005 06:09,96,605,31-07-2005 06:09,3.99,NULL
9663,31-07-2005 06:10,339,455,31-07-2005 06:10,4.99,1
9664,31-07-2005 06:12,13,79,31-07-2005 06:12,0.99,0.5
9665,31-07-2005 06:17,478,627,31-07-2005 06:17,4.99,NULL
9666,31-07-2005 06:20,592,941,31-07-2005 06:20,6.99,NULL
9667,31-07-2005 06:23,523,934,31-07-2005 06:23,6.99,1
9668,31-07-2005 06:31,378,360,31-07-2005 06:31,3.99,1
9669,31-07-2005 06:31,277,982,31-07-2005 06:31,4.99,NULL
9670,31-07-2005 06:33,349,811,31-07-2005 06:33,5.99,NULL
9671,31-07-2005 06:33,133,204,31-07-2005 06:33,0.99,NULL
9672,31-07-2005 06:34,183,960,31-07-2005 06:34,5.99,1
9673,31-07-2005 06:34,27,75,31-07-2005 06:34,7.99,NULL
9674,31-07-2005 06:36,297,706,31-07-2005 06:36,5.99,1
9675,31-07-2005 06:37,243,554,31-07-2005 06:37,2.99,NULL
9676,31-07-2005 06:39,239,149,31-07-2005 06:39,0.99,NULL
9677,31-07-2005 06:39,274,703,31-07-2005 06:39,4.99,1
9678,31-07-2005 06:40,383,752,31-07-2005 06:40,0.99,NULL
9679,31-07-2005 06:41,599,836,31-07-2005 06:41,2.99,1
9680,31-07-2005 06:41,84,661,31-07-2005 06:41,4.99,NULL
9681,31-07-2005 06:42,160,12,31-07-2005 06:42,0.99,1
9682,31-07-2005 06:47,425,530,31-07-2005 06:47,2.99,NULL
9683,31-07-2005 06:47,141,188,31-07-2005 06:47,2.99,0.5
9684,31-07-2005 06:48,591,79,31-07-2005 06:48,0.99,1
9685,31-07-2005 06:49,165,680,31-07-2005 06:49,4.99,1
9686,31-07-2005 06:50,386,838,31-07-2005 06:50,5.99,NULL
9687,31-07-2005 06:52,470,774,31-07-2005 06:52,2.99,NULL
9688,31-07-2005 06:56,566,288,31-07-2005 06:56,3.99,0.5
9689,31-07-2005 07:00,498,179,31-07-2005 07:00,4.99,NULL
9690,31-07-2005 07:06,468,972,31-07-2005 07:06,6.99,1
9691,31-07-2005 07:09,50,575,31-07-2005 07:09,10.99,NULL
9692,31-07-2005 07:11,295,763,31-07-2005 07:11,8.99,1
9693,31-07-2005 07:11,273,231,31-07-2005 07:11,3.99,NULL
9694,31-07-2005 07:13,508,755,31-07-2005 07:13,5.99,1
9695,31-07-2005 07:13,95,159,31-07-2005 07:13,6.99,1
9696,31-07-2005 07:13,156,593,31-07-2005 07:13,0.99,NULL
9697,31-07-2005 07:23,479,166,31-07-2005 07:23,2.99,NULL
9698,31-07-2005 07:24,594,762,31-07-2005 07:24,3.99,1
9699,31-07-2005 07:29,21,44,31-07-2005 07:29,5.99,0.5
9700,31-07-2005 07:29,40,588,31-07-2005 07:29,4.99,NULL
9701,31-07-2005 07:32,401,1000,31-07-2005 07:32,4.99,0.5
9702,31-07-2005 07:34,525,736,31-07-2005 07:34,0.99,NULL
9703,31-07-2005 07:34,57,595,31-07-2005 07:34,0.99,NULL
9704,31-07-2005 07:39,385,307,31-07-2005 07:39,4.99,0.5
9705,31-07-2005 07:40,28,902,31-07-2005 07:40,4.99,1
9706,31-07-2005 07:43,508,29,31-07-2005 07:43,2.99,1
9707,31-07-2005 07:44,351,45,31-07-2005 07:44,7.99,1
9708,31-07-2005 07:45,12,719,31-07-2005 07:45,5.99,1
9709,31-07-2005 08:04,137,455,31-07-2005 08:04,4.99,NULL
9710,31-07-2005 08:05,380,764,31-07-2005 08:05,10.99,NULL
9711,31-07-2005 08:06,231,333,31-07-2005 08:06,2.99,1
9712,31-07-2005 08:13,219,545,31-07-2005 08:13,4.99,NULL
9713,31-07-2005 08:13,158,206,31-07-2005 08:13,1.99,NULL
9714,31-07-2005 08:15,144,335,31-07-2005 08:15,0.99,NULL
9715,31-07-2005 08:16,237,730,31-07-2005 08:16,1.99,NULL
9716,31-07-2005 08:23,287,743,31-07-2005 08:23,1.99,1
9717,31-07-2005 08:24,114,915,31-07-2005 08:24,4.99,NULL
9718,31-07-2005 08:25,23,602,31-07-2005 08:25,3.99,NULL
9719,31-07-2005 08:25,584,74,31-07-2005 08:25,5.99,NULL
9720,31-07-2005 08:25,587,284,31-07-2005 08:25,6.99,NULL
9721,31-07-2005 08:28,196,859,31-07-2005 08:28,6.99,NULL
9722,31-07-2005 08:29,125,926,31-07-2005 08:29,4.99,NULL
9723,31-07-2005 08:31,24,864,31-07-2005 08:31,0.99,NULL
9724,31-07-2005 08:33,130,114,31-07-2005 08:33,5.99,1
9725,31-07-2005 08:35,503,863,31-07-2005 08:35,0.99,0.5
9726,31-07-2005 08:37,162,370,31-07-2005 08:37,7.99,NULL
9727,31-07-2005 08:39,536,676,31-07-2005 08:39,4.99,NULL
9728,31-07-2005 08:40,399,792,31-07-2005 08:40,2.99,NULL
9729,31-07-2005 08:43,273,913,31-07-2005 08:43,0.99,NULL
9730,31-07-2005 08:50,242,572,31-07-2005 08:50,6.99,1
9731,31-07-2005 08:54,349,812,31-07-2005 08:54,0.99,NULL
9732,31-07-2005 08:56,288,718,31-07-2005 08:56,0.99,NULL
9733,31-07-2005 08:57,575,277,31-07-2005 08:57,4.99,NULL
9734,31-07-2005 08:57,125,730,31-07-2005 08:57,2.99,NULL
9735,31-07-2005 08:57,315,919,31-07-2005 08:57,9.99,NULL
9736,31-07-2005 08:58,13,449,31-07-2005 08:58,7.99,0.5
9737,31-07-2005 08:59,475,375,31-07-2005 08:59,2.99,NULL
9738,31-07-2005 09:04,568,493,31-07-2005 09:04,0.99,NULL
9739,31-07-2005 09:08,343,293,31-07-2005 09:08,2.99,NULL
9740,31-07-2005 09:08,443,766,31-07-2005 09:08,1.99,1
9741,31-07-2005 09:09,495,429,31-07-2005 09:09,4.99,1
9742,31-07-2005 09:10,48,884,31-07-2005 09:10,7.99,1
9743,31-07-2005 09:12,476,378,31-07-2005 09:12,3.99,NULL
9744,31-07-2005 09:15,459,183,31-07-2005 09:15,4.99,0.5
9745,31-07-2005 09:16,217,789,31-07-2005 09:16,2.99,1
9746,31-07-2005 09:16,308,320,31-07-2005 09:16,7.99,NULL
9747,31-07-2005 09:16,106,536,31-07-2005 09:16,7.99,1
9748,31-07-2005 09:17,550,728,31-07-2005 09:17,0.99,1
9749,31-07-2005 09:18,52,142,31-07-2005 09:18,3.99,NULL
9750,31-07-2005 09:19,527,697,31-07-2005 09:19,0.99,NULL
9751,31-07-2005 09:20,202,7,31-07-2005 09:20,4.99,1
9752,31-07-2005 09:22,199,56,31-07-2005 09:22,2.99,1
9753,31-07-2005 09:22,98,772,31-07-2005 09:22,2.99,NULL
9754,31-07-2005 09:23,479,820,31-07-2005 09:23,7.99,NULL
9755,31-07-2005 09:24,108,17,31-07-2005 09:24,4.99,NULL
9756,31-07-2005 09:25,400,46,31-07-2005 09:25,4.99,NULL
9757,31-07-2005 09:25,408,570,31-07-2005 09:25,4.99,NULL
9758,31-07-2005 09:25,160,288,31-07-2005 09:25,2.99,1
9759,31-07-2005 09:25,574,647,31-07-2005 09:25,3.99,0.5
9760,31-07-2005 09:29,511,94,31-07-2005 09:29,4.99,1
9761,31-07-2005 09:31,60,827,31-07-2005 09:31,4.99,1
9762,31-07-2005 09:32,540,32,31-07-2005 09:32,4.99,NULL
9763,31-07-2005 09:34,393,25,31-07-2005 09:34,7.99,1
9764,31-07-2005 09:42,136,823,31-07-2005 09:42,5.99,1
9765,31-07-2005 09:44,551,103,31-07-2005 09:44,4.99,1
9766,31-07-2005 09:46,570,881,31-07-2005 09:46,4.99,NULL
9767,31-07-2005 09:46,89,753,31-07-2005 09:46,0.99,NULL
9768,31-07-2005 09:48,582,583,31-07-2005 09:48,9.99,NULL
9769,31-07-2005 09:52,484,649,31-07-2005 09:52,4.99,1
9770,31-07-2005 09:52,317,272,31-07-2005 09:52,8.99,NULL
9771,31-07-2005 09:55,398,896,31-07-2005 09:55,1.99,1
9772,31-07-2005 09:56,147,794,31-07-2005 09:56,0.99,0.5
9773,31-07-2005 09:56,376,994,31-07-2005 09:56,4.99,1
9774,31-07-2005 09:57,306,907,31-07-2005 09:57,0.99,NULL
9775,31-07-2005 10:00,162,619,31-07-2005 10:00,0.99,NULL
9776,31-07-2005 10:01,73,554,31-07-2005 10:01,2.99,NULL
9777,31-07-2005 10:01,539,50,31-07-2005 10:01,7.99,NULL
9778,31-07-2005 10:02,230,69,31-07-2005 10:02,3.99,NULL
9779,31-07-2005 10:08,402,283,31-07-2005 10:08,0.99,NULL
9780,31-07-2005 10:10,102,711,31-07-2005 10:10,4.99,NULL
9781,31-07-2005 10:13,155,502,31-07-2005 10:13,7.99,NULL
9782,31-07-2005 10:14,438,524,31-07-2005 10:14,0.99,NULL
9783,31-07-2005 10:15,75,183,31-07-2005 10:15,9.99,NULL
9784,31-07-2005 10:21,362,606,31-07-2005 10:21,4.99,1
9785,31-07-2005 10:22,587,893,31-07-2005 10:22,4.99,NULL
9786,31-07-2005 10:25,586,561,31-07-2005 10:25,2.99,NULL
9787,31-07-2005 10:26,272,778,31-07-2005 10:26,10.99,1
9788,31-07-2005 10:28,344,952,31-07-2005 10:28,4.99,NULL
9789,31-07-2005 10:30,137,135,31-07-2005 10:30,2.99,NULL
9790,31-07-2005 10:34,284,795,31-07-2005 10:34,0.99,NULL
9791,31-07-2005 10:35,300,795,31-07-2005 10:35,0.99,1
9792,31-07-2005 10:43,292,694,31-07-2005 10:43,5.99,NULL
9793,31-07-2005 10:45,295,1000,31-07-2005 10:45,4.99,1
9794,31-07-2005 10:47,403,384,31-07-2005 10:47,4.99,1
9795,31-07-2005 10:47,63,436,31-07-2005 10:47,0.99,NULL
9796,31-07-2005 10:52,539,232,31-07-2005 10:52,4.99,NULL
9797,31-07-2005 10:53,52,150,31-07-2005 10:53,4.99,NULL
9798,31-07-2005 10:55,55,823,31-07-2005 10:55,2.99,1
9799,31-07-2005 10:58,494,660,31-07-2005 10:58,2.99,NULL
9800,31-07-2005 11:00,257,465,31-07-2005 11:00,4.99,NULL
9801,31-07-2005 11:03,158,665,31-07-2005 11:03,2.99,NULL
9802,31-07-2005 11:04,594,466,31-07-2005 11:04,4.99,1
9803,31-07-2005 11:06,520,828,31-07-2005 11:06,2.99,1
9804,31-07-2005 11:07,196,546,31-07-2005 11:07,4.99,NULL
9805,31-07-2005 11:11,36,910,31-07-2005 11:11,0.99,0.5
9806,31-07-2005 11:13,46,55,31-07-2005 11:13,2.99,1
9807,31-07-2005 11:13,267,462,31-07-2005 11:13,2.99,1
9808,31-07-2005 11:17,583,717,31-07-2005 11:17,1.99,NULL
9809,31-07-2005 11:19,286,79,31-07-2005 11:19,3.99,NULL
9810,31-07-2005 11:22,545,448,31-07-2005 11:22,2.99,NULL
9811,31-07-2005 11:23,77,727,31-07-2005 11:23,0.99,1
9812,31-07-2005 11:28,57,337,31-07-2005 11:28,2.99,NULL
9813,31-07-2005 11:29,245,372,31-07-2005 11:29,6.99,NULL
9814,31-07-2005 11:29,79,27,31-07-2005 11:29,1.99,0.5
9815,31-07-2005 11:30,540,598,31-07-2005 11:30,2.99,NULL
9816,31-07-2005 11:32,3,995,31-07-2005 11:32,4.99,NULL
9817,31-07-2005 11:33,170,875,31-07-2005 11:33,2.99,1
9818,31-07-2005 11:34,183,277,31-07-2005 11:34,4.99,1
9819,31-07-2005 11:39,292,418,31-07-2005 11:39,1.99,NULL
9820,31-07-2005 11:46,279,111,31-07-2005 11:46,5.99,0.5
9821,31-07-2005 11:47,271,85,31-07-2005 11:47,4.99,1
9822,31-07-2005 11:48,381,540,31-07-2005 11:48,2.99,NULL
9823,31-07-2005 11:49,129,967,31-07-2005 11:49,4.99,1
9824,31-07-2005 11:49,404,952,31-07-2005 11:49,2.99,0.5
9825,31-07-2005 11:50,390,941,31-07-2005 11:50,4.99,NULL
9826,31-07-2005 11:51,595,580,31-07-2005 11:51,10.99,1
9827,31-07-2005 11:56,329,841,31-07-2005 11:56,6.99,0.5
9828,31-07-2005 11:56,376,842,31-07-2005 11:56,2.99,1
9829,31-07-2005 11:58,435,51,31-07-2005 11:58,4.99,1
9830,31-07-2005 11:59,112,37,31-07-2005 11:59,5.99,NULL
9831,31-07-2005 11:59,192,428,31-07-2005 11:59,2.99,1
9832,31-07-2005 12:01,64,687,31-07-2005 12:01,2.99,1
9833,31-07-2005 12:05,368,922,31-07-2005 12:05,6.99,0.5
9834,31-07-2005 12:05,340,498,31-07-2005 12:05,2.99,1
9835,31-07-2005 12:07,328,234,31-07-2005 12:07,2.99,NULL
9836,31-07-2005 12:12,313,629,31-07-2005 12:12,2.99,1
9837,31-07-2005 12:14,573,764,31-07-2005 12:14,10.99,NULL
9838,31-07-2005 12:18,208,846,31-07-2005 12:18,4.99,1
9839,31-07-2005 12:21,561,349,31-07-2005 12:21,7.99,NULL
9840,31-07-2005 12:23,388,80,31-07-2005 12:23,2.99,NULL
9841,31-07-2005 12:24,238,994,31-07-2005 12:24,7.99,1
9842,31-07-2005 12:24,261,637,31-07-2005 12:24,4.99,NULL
9843,31-07-2005 12:25,532,643,31-07-2005 12:25,2.99,1
9844,31-07-2005 12:26,181,857,31-07-2005 12:26,4.99,NULL
9845,31-07-2005 12:28,79,527,31-07-2005 12:28,6.99,0.5
9846,31-07-2005 12:30,573,922,31-07-2005 12:30,4.99,NULL
9847,31-07-2005 12:33,174,252,31-07-2005 12:33,2.99,NULL
9848,31-07-2005 12:44,346,724,31-07-2005 12:44,4.99,1
9849,31-07-2005 12:44,429,482,31-07-2005 12:44,0.99,0.5
9850,31-07-2005 12:46,497,320,31-07-2005 12:46,4.99,NULL
9851,31-07-2005 12:50,49,5,31-07-2005 12:50,4.99,NULL
9852,31-07-2005 12:52,415,925,31-07-2005 12:52,2.99,NULL
9853,31-07-2005 12:58,221,387,31-07-2005 12:58,0.99,NULL
9854,31-07-2005 12:59,441,234,31-07-2005 12:59,2.99,NULL
9855,31-07-2005 13:00,326,275,31-07-2005 13:00,0.99,NULL
9856,31-07-2005 13:00,347,158,31-07-2005 13:00,3.99,NULL
9857,31-07-2005 13:00,168,730,31-07-2005 13:00,6.99,1
9858,31-07-2005 13:02,128,56,31-07-2005 13:02,2.99,NULL
9859,31-07-2005 13:02,127,892,31-07-2005 13:02,6.99,1
9860,31-07-2005 13:03,585,720,31-07-2005 13:03,6.99,NULL
9861,31-07-2005 13:04,264,234,31-07-2005 13:04,5.99,0.5
9862,31-07-2005 13:05,513,104,31-07-2005 13:05,2.99,NULL
9863,31-07-2005 13:05,239,4,31-07-2005 13:05,5.99,NULL
9864,31-07-2005 13:06,394,790,31-07-2005 13:06,0.99,NULL
9865,31-07-2005 13:10,580,299,31-07-2005 13:10,0.99,NULL
9866,31-07-2005 13:13,374,777,31-07-2005 13:13,6.99,1
9867,31-07-2005 13:17,83,545,31-07-2005 13:17,1.99,NULL
9868,31-07-2005 13:20,378,59,31-07-2005 13:20,2.99,1
9869,31-07-2005 13:21,261,172,31-07-2005 13:21,4.99,NULL
9870,31-07-2005 13:22,195,98,31-07-2005 13:22,5.99,NULL
9871,31-07-2005 13:25,109,43,31-07-2005 13:25,2.99,NULL
9872,31-07-2005 13:27,376,228,31-07-2005 13:27,0.99,1
9873,31-07-2005 13:32,442,145,31-07-2005 13:32,5.99,1
9874,31-07-2005 13:32,482,542,31-07-2005 13:32,6.99,NULL
9875,31-07-2005 13:37,421,631,31-07-2005 13:37,0.99,1
9876,31-07-2005 13:37,347,181,31-07-2005 13:37,2.99,NULL
9877,31-07-2005 13:41,559,286,31-07-2005 13:41,2.99,0.5
9878,31-07-2005 13:42,424,381,31-07-2005 13:42,4.99,1
9879,31-07-2005 13:45,178,420,31-07-2005 13:45,4.99,1
9880,31-07-2005 13:49,64,785,31-07-2005 13:49,6.99,1
9881,31-07-2005 13:50,412,915,31-07-2005 13:50,4.99,1
9882,31-07-2005 13:53,311,313,31-07-2005 13:53,8.99,1
9883,31-07-2005 13:53,356,933,31-07-2005 13:53,6.99,1
9884,31-07-2005 13:56,590,113,31-07-2005 13:56,4.99,NULL
9885,31-07-2005 13:59,461,786,31-07-2005 13:59,0.99,NULL
9886,31-07-2005 14:00,519,304,31-07-2005 14:00,7.99,0.5
9887,31-07-2005 14:00,549,97,31-07-2005 14:00,0.99,NULL
9888,31-07-2005 14:00,5,962,31-07-2005 14:00,3.99,NULL
9889,31-07-2005 14:02,143,623,31-07-2005 14:02,1.99,0.5
9890,31-07-2005 14:04,151,229,31-07-2005 14:04,4.99,1
9891,31-07-2005 14:05,462,737,31-07-2005 14:05,0.99,1
9892,31-07-2005 14:06,251,233,31-07-2005 14:06,0.99,NULL
9893,31-07-2005 14:07,179,534,31-07-2005 14:07,0.99,1
9894,31-07-2005 14:07,199,814,31-07-2005 14:07,4.99,1
9895,31-07-2005 14:07,560,183,31-07-2005 14:07,5.99,NULL
9896,31-07-2005 14:09,586,569,31-07-2005 14:09,2.99,NULL
9897,31-07-2005 14:11,538,861,31-07-2005 14:11,4.99,1
9898,31-07-2005 14:12,359,465,31-07-2005 14:12,4.99,NULL
9899,31-07-2005 14:12,168,736,31-07-2005 14:12,4.99,1
9900,31-07-2005 14:15,453,688,31-07-2005 14:15,1.99,NULL
9901,31-07-2005 14:20,277,733,31-07-2005 14:20,0.99,NULL
9902,31-07-2005 14:24,218,109,31-07-2005 14:24,6.99,NULL
9903,31-07-2005 14:31,316,354,31-07-2005 14:31,6.99,1
9904,31-07-2005 14:34,428,891,31-07-2005 14:34,5.99,1
9905,31-07-2005 14:37,519,623,31-07-2005 14:37,0.99,0.5
9906,31-07-2005 14:38,204,922,31-07-2005 14:38,4.99,0.5
9907,31-07-2005 14:39,120,932,31-07-2005 14:39,6.99,NULL
9908,31-07-2005 14:39,27,963,31-07-2005 14:39,4.99,NULL
9909,31-07-2005 14:43,587,571,31-07-2005 14:43,5.99,NULL
9910,31-07-2005 14:47,122,81,31-07-2005 14:47,4.99,NULL
9911,31-07-2005 14:48,112,848,31-07-2005 14:48,3.99,NULL
9912,31-07-2005 14:49,367,686,31-07-2005 14:49,4.99,1
9913,31-07-2005 14:51,229,819,31-07-2005 14:51,3.99,1
9914,31-07-2005 14:51,530,691,31-07-2005 14:51,4.99,NULL
9915,31-07-2005 14:52,566,644,31-07-2005 14:52,2.99,0.5
9916,31-07-2005 14:54,432,211,31-07-2005 14:54,4.99,NULL
9917,31-07-2005 14:55,159,838,31-07-2005 14:55,4.99,NULL
9918,31-07-2005 14:55,283,554,31-07-2005 14:55,2.99,1
9919,31-07-2005 14:55,291,704,31-07-2005 14:55,7.99,NULL
9920,31-07-2005 14:57,139,683,31-07-2005 14:57,4.99,NULL
9921,31-07-2005 14:59,332,225,31-07-2005 14:59,0.99,0.5
9922,31-07-2005 14:59,25,789,31-07-2005 14:59,2.99,NULL
9923,31-07-2005 15:00,209,357,31-07-2005 15:00,0.99,1
9924,31-07-2005 15:04,64,433,31-07-2005 15:04,3.99,1
9925,31-07-2005 15:08,24,511,31-07-2005 15:08,0.99,NULL
9926,31-07-2005 15:11,472,816,31-07-2005 15:11,6.99,1
9927,31-07-2005 15:12,346,223,31-07-2005 15:12,2.99,1
9928,31-07-2005 15:13,53,791,31-07-2005 15:13,7.99,0.5
9929,31-07-2005 15:17,564,554,31-07-2005 15:17,2.99,1
9930,31-07-2005 15:18,304,981,31-07-2005 15:18,0.99,NULL
9931,31-07-2005 15:18,183,757,31-07-2005 15:18,2.99,1
9932,31-07-2005 15:19,264,369,31-07-2005 15:19,5.99,0.5
9933,31-07-2005 15:24,111,511,31-07-2005 15:24,0.99,NULL
9934,31-07-2005 15:25,236,546,31-07-2005 15:25,2.99,NULL
9935,31-07-2005 15:27,10,486,31-07-2005 15:27,4.99,0.5
9936,31-07-2005 15:27,153,218,31-07-2005 15:27,0.99,NULL
9937,31-07-2005 15:28,521,809,31-07-2005 15:28,1.99,1
9938,31-07-2005 15:28,63,629,31-07-2005 15:28,2.99,NULL
9939,31-07-2005 15:29,538,670,31-07-2005 15:29,8.99,1
9940,31-07-2005 15:29,388,866,31-07-2005 15:29,0.99,NULL
9941,31-07-2005 15:31,175,381,31-07-2005 15:31,4.99,1
9942,31-07-2005 15:35,545,999,31-07-2005 15:35,4.99,NULL
9943,31-07-2005 15:37,494,197,31-07-2005 15:37,7.99,NULL
9944,31-07-2005 15:44,241,557,31-07-2005 15:44,5.99,1
9945,31-07-2005 15:47,309,450,31-07-2005 15:47,2.99,NULL
9946,31-07-2005 15:48,29,456,31-07-2005 15:48,4.99,0.5
9947,31-07-2005 15:49,138,260,31-07-2005 15:49,9.99,1
9948,31-07-2005 15:49,342,175,31-07-2005 15:49,5.99,1
9949,31-07-2005 15:50,309,717,31-07-2005 15:50,0.99,NULL
9950,31-07-2005 15:50,572,361,31-07-2005 15:50,5.99,NULL
9951,31-07-2005 15:51,95,964,31-07-2005 15:51,4.99,1
9952,31-07-2005 15:52,128,356,31-07-2005 15:52,3.99,NULL
9953,31-07-2005 15:56,211,358,31-07-2005 15:56,0.99,1
9954,31-07-2005 15:57,463,397,31-07-2005 15:57,2.99,NULL
9955,31-07-2005 16:01,342,379,31-07-2005 16:01,0.99,1
9956,31-07-2005 16:03,342,980,31-07-2005 16:03,4.99,1
9957,31-07-2005 16:03,85,405,31-07-2005 16:03,4.99,NULL
9958,31-07-2005 16:03,157,900,31-07-2005 16:03,2.99,NULL
9959,31-07-2005 16:04,199,75,31-07-2005 16:04,4.99,1
9960,31-07-2005 16:05,569,228,31-07-2005 16:05,1.99,1
9961,31-07-2005 16:07,40,403,31-07-2005 16:07,6.99,NULL
9962,31-07-2005 16:10,576,425,31-07-2005 16:10,0.99,NULL
9963,31-07-2005 16:16,573,351,31-07-2005 16:16,2.99,NULL
9964,31-07-2005 16:17,191,691,31-07-2005 16:17,4.99,1
9965,31-07-2005 16:19,101,861,31-07-2005 16:19,6.99,NULL
9966,31-07-2005 16:26,373,898,31-07-2005 16:26,4.99,NULL
9967,31-07-2005 16:31,537,213,31-07-2005 16:31,2.99,NULL
9968,31-07-2005 16:32,363,585,31-07-2005 16:32,4.99,NULL
9969,31-07-2005 16:38,151,208,31-07-2005 16:38,2.99,1
9970,31-07-2005 16:38,578,624,31-07-2005 16:38,4.99,NULL
9971,31-07-2005 16:42,573,586,31-07-2005 16:42,5.99,NULL
9972,31-07-2005 16:42,506,43,31-07-2005 16:42,2.99,NULL
9973,31-07-2005 16:49,369,403,31-07-2005 16:49,4.99,NULL
9974,31-07-2005 16:51,503,95,31-07-2005 16:51,4.99,0.5
9975,31-07-2005 16:53,40,562,31-07-2005 16:53,1.99,NULL
9976,31-07-2005 16:57,579,917,31-07-2005 16:57,2.99,NULL
9977,31-07-2005 16:58,363,500,31-07-2005 16:58,8.99,NULL
9978,31-07-2005 16:59,427,617,31-07-2005 16:59,2.99,1
9979,31-07-2005 17:00,576,140,31-07-2005 17:00,2.99,NULL
9980,31-07-2005 17:02,225,24,31-07-2005 17:02,4.99,1
9981,31-07-2005 17:08,321,299,31-07-2005 17:08,0.99,NULL
9982,31-07-2005 17:09,428,592,31-07-2005 17:09,2.99,1
9983,31-07-2005 17:09,129,77,31-07-2005 17:09,7.99,1
9984,31-07-2005 17:12,432,96,31-07-2005 17:12,2.99,NULL
9985,31-07-2005 17:14,85,397,31-07-2005 17:14,2.99,NULL
9986,31-07-2005 17:16,124,274,31-07-2005 17:16,3.99,0.5
9987,31-07-2005 17:22,15,353,31-07-2005 17:22,2.99,1
9988,31-07-2005 17:22,243,842,31-07-2005 17:22,5.99,NULL
9989,31-07-2005 17:22,79,374,31-07-2005 17:22,0.99,0.5
9990,31-07-2005 17:24,555,979,31-07-2005 17:24,7.99,NULL
9991,31-07-2005 17:26,414,800,31-07-2005 17:26,2.99,NULL
9992,31-07-2005 17:29,304,922,31-07-2005 17:29,6.99,NULL
9993,31-07-2005 17:30,225,550,31-07-2005 17:30,2.99,1
9994,31-07-2005 17:30,195,465,31-07-2005 17:30,4.99,NULL
9995,31-07-2005 17:30,180,431,31-07-2005 17:30,3.99,NULL
9996,31-07-2005 17:32,104,720,31-07-2005 17:32,5.99,NULL
9997,31-07-2005 17:37,579,139,31-07-2005 17:37,4.99,NULL
9998,31-07-2005 17:40,30,559,31-07-2005 17:40,2.99,NULL
9999,31-07-2005 17:40,543,314,31-07-2005 17:40,0.99,NULL
10000,31-07-2005 17:41,576,707,31-07-2005 17:41,2.99,NULL
10001,31-07-2005 17:46,244,473,31-07-2005 17:46,4.99,NULL
10002,31-07-2005 17:48,323,224,31-07-2005 17:48,4.99,NULL
10003,31-07-2005 17:48,13,350,31-07-2005 17:48,4.99,0.5
10004,31-07-2005 17:51,570,524,31-07-2005 17:51,0.99,NULL
10005,31-07-2005 17:53,454,206,31-07-2005 17:53,3.99,NULL
10006,31-07-2005 17:54,470,556,31-07-2005 17:54,4.99,NULL
10007,31-07-2005 17:54,445,66,31-07-2005 17:54,0.99,NULL
10008,31-07-2005 17:59,91,568,31-07-2005 17:59,4.99,NULL
10009,31-07-2005 18:00,437,971,31-07-2005 18:00,8.99,NULL
10010,31-07-2005 18:01,373,582,31-07-2005 18:01,6.99,NULL
10011,31-07-2005 18:02,128,132,31-07-2005 18:02,2.99,NULL
10012,31-07-2005 18:06,513,560,31-07-2005 18:06,3.99,NULL
10013,31-07-2005 18:08,377,514,31-07-2005 18:08,4.99,0.5
10014,31-07-2005 18:10,443,510,31-07-2005 18:10,4.99,1
10015,31-07-2005 18:11,153,13,31-07-2005 18:11,4.99,NULL
10016,31-07-2005 18:13,478,471,31-07-2005 18:13,4.99,NULL
10017,31-07-2005 18:13,424,327,31-07-2005 18:13,6.99,1
10018,31-07-2005 18:15,481,811,31-07-2005 18:15,3.99,NULL
10019,31-07-2005 18:20,536,458,31-07-2005 18:20,3.99,NULL
10020,31-07-2005 18:21,526,68,31-07-2005 18:21,4.99,NULL
10021,31-07-2005 18:24,597,710,31-07-2005 18:24,4.99,NULL
10022,31-07-2005 18:25,115,414,31-07-2005 18:25,3.99,NULL
10023,31-07-2005 18:25,318,85,31-07-2005 18:25,5.99,NULL
10024,31-07-2005 18:26,129,59,31-07-2005 18:26,7.99,1
10025,31-07-2005 18:29,565,104,31-07-2005 18:29,5.99,NULL
10026,31-07-2005 18:31,332,8,31-07-2005 18:31,4.99,0.5
10027,31-07-2005 18:33,287,115,31-07-2005 18:33,6.99,1
10028,31-07-2005 18:35,323,501,31-07-2005 18:35,4.99,NULL
10029,31-07-2005 18:37,578,112,31-07-2005 18:37,6.99,NULL
10030,31-07-2005 18:39,325,305,31-07-2005 18:39,2.99,1
10031,31-07-2005 18:40,96,668,31-07-2005 18:40,4.99,NULL
10032,31-07-2005 18:41,126,506,31-07-2005 18:41,4.99,1
10033,31-07-2005 18:44,381,979,31-07-2005 18:44,4.99,NULL
10034,31-07-2005 18:45,442,78,31-07-2005 18:45,2.99,1
10035,31-07-2005 18:46,333,591,31-07-2005 18:46,4.99,NULL
10036,31-07-2005 18:47,491,9,31-07-2005 18:47,2.99,0.5
10037,31-07-2005 18:48,58,97,31-07-2005 18:48,2.99,NULL
10038,31-07-2005 18:49,112,815,31-07-2005 18:49,2.99,NULL
10039,31-07-2005 18:50,111,959,31-07-2005 18:50,2.99,NULL
10040,31-07-2005 18:54,268,494,31-07-2005 18:54,1.99,1
10041,31-07-2005 19:01,379,657,31-07-2005 19:01,4.99,1
10042,31-07-2005 19:01,204,24,31-07-2005 19:01,2.99,0.5
10043,31-07-2005 19:02,222,560,31-07-2005 19:02,1.99,1
10044,31-07-2005 19:02,388,735,31-07-2005 19:02,2.99,NULL
10045,31-07-2005 19:04,118,11,31-07-2005 19:04,1.99,NULL
10046,31-07-2005 19:07,50,937,31-07-2005 19:07,2.99,NULL
10047,31-07-2005 19:07,244,913,31-07-2005 19:07,4.99,NULL
10048,31-07-2005 19:08,267,836,31-07-2005 19:08,4.99,1
10049,31-07-2005 19:11,457,188,31-07-2005 19:11,2.99,NULL
10050,31-07-2005 19:13,230,67,31-07-2005 19:13,3.99,NULL
10051,31-07-2005 19:14,74,35,31-07-2005 19:14,3.99,1
10052,31-07-2005 19:15,39,728,31-07-2005 19:15,4.99,1
10053,31-07-2005 19:15,223,893,31-07-2005 19:15,7.99,NULL
10054,31-07-2005 19:15,598,500,31-07-2005 19:15,4.99,NULL
10055,31-07-2005 19:15,336,598,31-07-2005 19:15,0.99,1
10056,31-07-2005 19:19,237,63,31-07-2005 19:19,0.99,NULL
10057,31-07-2005 19:20,230,764,31-07-2005 19:20,9.99,NULL
10058,31-07-2005 19:20,237,166,31-07-2005 19:20,2.99,NULL
10059,31-07-2005 19:20,274,439,31-07-2005 19:20,4.99,1
10060,31-07-2005 19:23,42,432,31-07-2005 19:23,6.99,NULL
10061,31-07-2005 19:23,390,307,31-07-2005 19:23,4.99,NULL
10062,31-07-2005 19:24,333,394,31-07-2005 19:24,2.99,NULL
10063,31-07-2005 19:25,517,658,31-07-2005 19:25,4.99,NULL
10064,31-07-2005 19:27,41,690,31-07-2005 19:27,2.99,NULL
10065,31-07-2005 19:27,495,312,31-07-2005 19:27,4.99,1
10066,31-07-2005 19:30,123,933,31-07-2005 19:30,4.99,1
10067,31-07-2005 19:37,148,422,31-07-2005 19:37,4.99,NULL
10068,31-07-2005 19:39,58,871,31-07-2005 19:39,4.99,NULL
10069,31-07-2005 19:43,270,468,31-07-2005 19:43,3.99,NULL
10070,31-07-2005 19:46,325,226,31-07-2005 19:46,4.99,1
10071,31-07-2005 19:49,353,514,31-07-2005 19:49,2.99,NULL
10072,31-07-2005 19:50,520,864,31-07-2005 19:50,0.99,1
10073,31-07-2005 19:53,584,923,31-07-2005 19:53,2.99,NULL
10074,31-07-2005 19:57,69,281,31-07-2005 19:57,0.99,NULL
10075,31-07-2005 19:58,469,443,31-07-2005 19:58,4.99,NULL
10076,31-07-2005 20:00,555,247,31-07-2005 20:00,7.99,NULL
10077,31-07-2005 20:01,19,506,31-07-2005 20:01,9.99,NULL
10078,31-07-2005 20:02,151,702,31-07-2005 20:02,2.99,1
10079,31-07-2005 20:05,486,991,31-07-2005 20:05,2.99,NULL
10080,31-07-2005 20:07,62,949,31-07-2005 20:07,0.99,NULL
10081,31-07-2005 20:07,443,698,31-07-2005 20:07,5.99,1
10082,31-07-2005 20:09,76,282,31-07-2005 20:09,0.99,NULL
10083,31-07-2005 20:10,449,567,31-07-2005 20:10,5.99,0.5
10084,31-07-2005 20:11,528,115,31-07-2005 20:11,3.99,NULL
10085,31-07-2005 20:12,392,560,31-07-2005 20:12,0.99,NULL
10086,31-07-2005 20:14,205,625,31-07-2005 20:14,4.99,NULL
10087,31-07-2005 20:15,245,305,31-07-2005 20:15,3.99,NULL
10088,31-07-2005 20:16,46,936,31-07-2005 20:16,2.99,1
10089,31-07-2005 20:17,160,56,31-07-2005 20:17,2.99,1
10090,31-07-2005 20:22,533,876,31-07-2005 20:22,3.99,1
10091,31-07-2005 20:23,135,409,31-07-2005 20:23,4.99,1
10092,31-07-2005 20:28,364,901,31-07-2005 20:28,0.99,NULL
10093,31-07-2005 20:30,162,859,31-07-2005 20:30,5.99,NULL
10094,31-07-2005 20:31,596,628,31-07-2005 20:31,3.99,NULL
10095,31-07-2005 20:38,370,885,31-07-2005 20:38,0.99,1
10096,31-07-2005 20:38,290,788,31-07-2005 20:38,3.99,NULL
10097,31-07-2005 20:39,519,172,31-07-2005 20:39,5.99,0.5
10098,31-07-2005 20:41,155,292,31-07-2005 20:41,0.99,NULL
10099,31-07-2005 20:47,220,428,31-07-2005 20:47,2.99,NULL
10100,31-07-2005 20:47,330,881,31-07-2005 20:47,4.99,NULL
10101,31-07-2005 20:47,119,552,31-07-2005 20:47,0.99,0.5
10102,31-07-2005 20:49,170,889,31-07-2005 20:49,9.99,1
10103,31-07-2005 20:49,25,16,31-07-2005 20:49,2.99,NULL
10104,31-07-2005 20:49,186,737,31-07-2005 20:49,1.99,1
10105,31-07-2005 20:54,286,22,31-07-2005 20:54,5.99,NULL
10106,31-07-2005 21:00,556,755,31-07-2005 21:00,4.99,NULL
10107,31-07-2005 21:01,414,293,31-07-2005 21:01,5.99,NULL
10108,31-07-2005 21:02,326,810,31-07-2005 21:02,0.99,NULL
10109,31-07-2005 21:04,403,625,31-07-2005 21:04,5.99,1
10110,31-07-2005 21:06,138,890,31-07-2005 21:06,0.99,1
10111,31-07-2005 21:08,38,761,31-07-2005 21:08,2.99,NULL
10112,31-07-2005 21:08,198,579,31-07-2005 21:08,4.99,NULL
10113,31-07-2005 21:10,461,865,31-07-2005 21:10,4.99,NULL
10114,31-07-2005 21:12,218,849,31-07-2005 21:12,0.99,NULL
10115,31-07-2005 21:13,68,599,31-07-2005 21:13,7.99,1
10116,31-07-2005 21:14,28,162,31-07-2005 21:14,2.99,1
10117,31-07-2005 21:14,459,412,31-07-2005 21:14,4.99,0.5
10118,31-07-2005 21:16,143,269,31-07-2005 21:16,0.99,0.5
10119,31-07-2005 21:20,351,11,31-07-2005 21:20,0.99,1
10120,31-07-2005 21:24,396,373,31-07-2005 21:24,2.99,0.5
10121,31-07-2005 21:24,425,650,31-07-2005 21:24,0.99,NULL
10122,31-07-2005 21:29,196,919,31-07-2005 21:29,10.99,NULL
10123,31-07-2005 21:30,487,996,31-07-2005 21:30,0.99,1
10124,31-07-2005 21:31,396,427,31-07-2005 21:31,0.99,0.5
10125,31-07-2005 21:33,178,110,31-07-2005 21:33,0.99,1
10126,31-07-2005 21:36,39,1,31-07-2005 21:36,0.99,1
10127,31-07-2005 21:39,478,157,31-07-2005 21:39,0.99,NULL
10128,31-07-2005 21:40,508,561,31-07-2005 21:40,2.99,1
10129,31-07-2005 21:41,564,624,31-07-2005 21:41,6.99,1
10130,31-07-2005 21:44,95,864,31-07-2005 21:44,0.99,1
10131,31-07-2005 21:45,510,906,31-07-2005 21:45,0.99,1
10132,31-07-2005 21:50,23,857,31-07-2005 21:50,6.99,NULL
10133,31-07-2005 21:55,234,133,31-07-2005 21:55,5.99,NULL
10134,31-07-2005 21:56,311,979,31-07-2005 21:56,4.99,1
10135,31-07-2005 21:57,307,912,31-07-2005 21:57,4.99,1
10136,31-07-2005 21:58,2,690,31-07-2005 21:58,2.99,NULL
10137,31-07-2005 22:01,236,133,31-07-2005 22:01,4.99,NULL
10138,31-07-2005 22:02,225,39,31-07-2005 22:02,2.99,1
10139,31-07-2005 22:02,441,90,31-07-2005 22:02,1.99,NULL
10140,31-07-2005 22:03,550,547,31-07-2005 22:03,4.99,1
10141,31-07-2005 22:08,8,1,31-07-2005 22:08,0.99,NULL
10142,31-07-2005 22:10,257,400,31-07-2005 22:10,4.99,NULL
10143,31-07-2005 22:11,271,463,31-07-2005 22:11,7.99,1
10144,31-07-2005 22:13,49,661,31-07-2005 22:13,4.99,NULL
10145,31-07-2005 22:15,361,552,31-07-2005 22:15,1.99,NULL
10146,31-07-2005 22:17,559,375,31-07-2005 22:17,2.99,0.5
10147,31-07-2005 22:18,198,298,31-07-2005 22:18,2.99,NULL
10148,31-07-2005 22:19,63,303,31-07-2005 22:19,0.99,NULL
10149,31-07-2005 22:20,276,199,31-07-2005 22:20,5.99,NULL
10150,31-07-2005 22:22,419,505,31-07-2005 22:22,2.99,1
10151,31-07-2005 22:22,361,971,31-07-2005 22:22,4.99,NULL
10152,31-07-2005 22:28,244,247,31-07-2005 22:28,5.99,NULL
10153,31-07-2005 22:30,297,646,31-07-2005 22:30,0.99,1
10154,31-07-2005 22:30,149,602,31-07-2005 22:30,2.99,NULL
10155,31-07-2005 22:31,235,697,31-07-2005 22:31,0.99,NULL
10156,31-07-2005 22:36,179,28,31-07-2005 22:36,4.99,1
10157,31-07-2005 22:38,232,649,31-07-2005 22:38,2.99,NULL
10158,31-07-2005 22:40,393,355,31-07-2005 22:40,1.99,1
10159,31-07-2005 22:54,515,260,31-07-2005 22:54,4.99,NULL
10160,31-07-2005 23:07,295,190,31-07-2005 23:07,4.99,1
10161,31-07-2005 23:09,120,581,31-07-2005 23:09,0.99,NULL
10162,31-07-2005 23:11,475,293,31-07-2005 23:11,3.99,NULL
10163,31-07-2005 23:12,425,617,31-07-2005 23:12,0.99,NULL
10164,31-07-2005 23:17,89,307,31-07-2005 23:17,4.99,NULL
10165,31-07-2005 23:21,50,762,31-07-2005 23:21,0.99,NULL
10166,31-07-2005 23:22,484,938,31-07-2005 23:22,8.99,1
10167,31-07-2005 23:24,129,271,31-07-2005 23:24,5.99,1
10168,31-07-2005 23:25,570,993,31-07-2005 23:25,2.99,NULL
10169,31-07-2005 23:27,57,587,31-07-2005 23:27,4.99,NULL
10170,31-07-2005 23:27,41,175,31-07-2005 23:27,7.99,NULL
10171,31-07-2005 23:29,401,301,31-07-2005 23:29,0.99,0.5
10172,31-07-2005 23:29,426,551,31-07-2005 23:29,10.99,1
10173,31-07-2005 23:36,326,555,31-07-2005 23:36,4.99,NULL
10174,31-07-2005 23:40,359,537,31-07-2005 23:40,5.99,NULL
10175,31-07-2005 23:40,137,804,31-07-2005 23:40,6.99,NULL
10176,31-07-2005 23:40,19,263,31-07-2005 23:40,7.99,NULL
10177,31-07-2005 23:42,279,484,31-07-2005 23:42,2.99,0.5
10178,31-07-2005 23:43,491,347,31-07-2005 23:43,4.99,0.5
10179,31-07-2005 23:49,131,462,31-07-2005 23:49,2.99,NULL
10180,31-07-2005 23:57,50,165,31-07-2005 23:57,6.99,NULL
10181,01-08-2005 0:00,113,683,01-08-2005 0:00,4.99,NULL
10182,01-08-2005 0:08,578,894,01-08-2005 0:08,2.99,NULL
10183,01-08-2005 0:08,377,941,01-08-2005 0:08,8.99,0.5
10184,01-08-2005 0:09,77,611,01-08-2005 0:09,4.99,1
10185,01-08-2005 0:12,64,281,01-08-2005 0:12,0.99,1
10186,01-08-2005 0:12,294,996,01-08-2005 0:12,0.99,NULL
10187,01-08-2005 0:15,400,356,01-08-2005 0:15,2.99,NULL
10188,01-08-2005 0:19,331,271,01-08-2005 0:19,6.99,NULL
10189,01-08-2005 0:25,509,134,01-08-2005 0:25,4.99,1
10190,01-08-2005 0:27,138,964,01-08-2005 0:27,4.99,1
10191,01-08-2005 0:28,196,251,01-08-2005 0:28,4.99,NULL
10192,01-08-2005 0:33,569,356,01-08-2005 0:33,2.99,1
10193,01-08-2005 0:33,358,443,01-08-2005 0:33,2.99,1
10194,01-08-2005 0:33,290,317,01-08-2005 0:33,1.99,NULL
10195,01-08-2005 0:34,396,590,01-08-2005 0:34,6.99,0.5
10196,01-08-2005 0:34,199,675,01-08-2005 0:34,2.99,1
10197,01-08-2005 0:35,127,264,01-08-2005 0:35,2.99,1
10198,01-08-2005 0:36,366,286,01-08-2005 0:36,2.99,0.5
10199,01-08-2005 0:38,526,800,01-08-2005 0:38,2.99,NULL
10200,01-08-2005 0:39,421,127,01-08-2005 0:39,4.99,1
10201,01-08-2005 0:42,299,797,01-08-2005 0:42,0.99,0.5
10202,01-08-2005 0:43,306,244,01-08-2005 0:43,6.99,NULL
10203,01-08-2005 0:45,157,244,01-08-2005 0:45,4.99,NULL
10204,01-08-2005 0:47,572,167,01-08-2005 0:47,4.99,NULL
10205,01-08-2005 0:48,87,7,01-08-2005 0:48,4.99,NULL
10206,01-08-2005 0:52,90,979,01-08-2005 0:52,7.99,1
10207,01-08-2005 0:53,334,643,01-08-2005 0:53,3.99,NULL
10208,01-08-2005 0:54,246,731,01-08-2005 0:54,4.99,1
10209,01-08-2005 0:56,303,530,01-08-2005 0:56,2.99,NULL
10210,01-08-2005 0:58,391,10,01-08-2005 0:58,7.99,0.5
10211,01-08-2005 1:01,530,176,01-08-2005 1:01,3.99,NULL
10212,01-08-2005 1:01,324,815,01-08-2005 1:01,2.99,1
10213,01-08-2005 1:03,106,320,01-08-2005 1:03,8.99,1
10214,01-08-2005 1:04,597,140,01-08-2005 1:04,0.99,NULL
10215,01-08-2005 1:04,345,183,01-08-2005 1:04,8.99,NULL
10216,01-08-2005 1:06,436,787,01-08-2005 1:06,3.99,NULL
10217,01-08-2005 1:07,389,266,01-08-2005 1:07,4.99,1
10218,01-08-2005 1:09,101,849,01-08-2005 1:09,0.99,NULL
10219,01-08-2005 1:10,505,489,01-08-2005 1:10,5.99,NULL
10220,01-08-2005 1:13,294,856,01-08-2005 1:13,4.99,NULL
10221,01-08-2005 1:16,373,670,01-08-2005 1:16,4.99,NULL
10222,01-08-2005 1:17,295,270,01-08-2005 1:17,0.99,1
10223,01-08-2005 1:23,522,301,01-08-2005 1:23,0.99,NULL
10224,01-08-2005 1:31,587,316,01-08-2005 1:31,4.99,NULL
10225,01-08-2005 1:38,498,688,01-08-2005 1:38,0.99,NULL
10226,01-08-2005 1:40,107,674,01-08-2005 1:40,4.99,NULL
10227,01-08-2005 1:42,571,191,01-08-2005 1:42,2.99,NULL
10228,01-08-2005 1:43,106,378,01-08-2005 1:43,2.99,1
10229,01-08-2005 1:45,175,759,01-08-2005 1:45,7.99,1
10230,01-08-2005 1:49,398,15,01-08-2005 1:49,2.99,1
10231,01-08-2005 1:50,511,235,01-08-2005 1:50,2.99,1
10232,01-08-2005 1:50,512,127,01-08-2005 1:50,4.99,NULL
10233,01-08-2005 1:54,459,999,01-08-2005 1:54,6.99,0.5
10234,01-08-2005 1:56,207,358,01-08-2005 1:56,3.99,NULL
10235,01-08-2005 1:57,30,625,01-08-2005 1:57,6.99,NULL
10236,01-08-2005 2:05,470,821,01-08-2005 2:05,0.99,NULL
10237,01-08-2005 2:07,313,95,01-08-2005 2:07,5.99,1
10238,01-08-2005 2:08,192,122,01-08-2005 2:08,0.99,1
10239,01-08-2005 2:09,467,273,01-08-2005 2:09,0.99,NULL
10240,01-08-2005 2:09,109,981,01-08-2005 2:09,0.99,NULL
10241,01-08-2005 2:12,161,334,01-08-2005 2:12,5.99,NULL
10242,01-08-2005 2:18,342,396,01-08-2005 2:18,4.99,1
10243,01-08-2005 2:18,132,484,01-08-2005 2:18,4.99,NULL
10244,01-08-2005 2:20,51,123,01-08-2005 2:20,4.99,NULL
10245,01-08-2005 2:24,163,631,01-08-2005 2:24,0.99,0.5
10246,01-08-2005 2:29,261,786,01-08-2005 2:29,1.99,NULL
10247,01-08-2005 2:34,189,879,01-08-2005 2:34,9.99,NULL
10248,01-08-2005 2:35,298,464,01-08-2005 2:35,6.99,NULL
10249,01-08-2005 2:35,437,27,01-08-2005 2:35,0.99,NULL
10250,01-08-2005 2:38,116,810,01-08-2005 2:38,1.99,NULL
10251,01-08-2005 2:39,39,655,01-08-2005 2:39,4.99,1
10252,01-08-2005 2:39,86,519,01-08-2005 2:39,8.99,NULL
10253,01-08-2005 2:39,101,308,01-08-2005 2:39,6.99,NULL
10254,01-08-2005 2:42,416,484,01-08-2005 2:42,3.99,NULL
10255,01-08-2005 2:46,459,995,01-08-2005 2:46,4.99,0.5
10256,01-08-2005 2:47,58,170,01-08-2005 2:47,4.99,NULL
10257,01-08-2005 2:49,543,525,01-08-2005 2:49,0.99,NULL
10258,01-08-2005 2:51,469,447,01-08-2005 2:51,4.99,NULL
10259,01-08-2005 2:52,566,410,01-08-2005 2:52,2.99,0.5
10260,01-08-2005 2:58,461,628,01-08-2005 2:58,2.99,NULL
10261,01-08-2005 2:58,50,510,01-08-2005 2:58,4.99,NULL
10262,01-08-2005 3:01,181,841,01-08-2005 3:01,4.99,NULL
10263,01-08-2005 3:02,415,528,01-08-2005 3:02,5.99,NULL
10264,01-08-2005 3:03,297,302,01-08-2005 3:03,4.99,1
10265,01-08-2005 3:05,510,734,01-08-2005 3:05,7.99,1
10266,01-08-2005 3:05,49,105,01-08-2005 3:05,0.99,NULL
10267,01-08-2005 3:07,72,849,01-08-2005 3:07,0.99,NULL
10268,01-08-2005 3:08,138,604,01-08-2005 3:08,3.99,1
10269,01-08-2005 3:09,39,556,01-08-2005 3:09,4.99,1
10270,01-08-2005 3:10,168,440,01-08-2005 3:10,0.99,1
10271,01-08-2005 3:13,6,807,01-08-2005 3:13,2.99,NULL
10272,01-08-2005 3:14,273,25,01-08-2005 3:14,8.99,NULL
10273,01-08-2005 3:14,212,319,01-08-2005 3:14,4.99,NULL
10274,01-08-2005 3:16,375,641,01-08-2005 3:16,0.99,NULL
10275,01-08-2005 3:20,463,146,01-08-2005 3:20,3.99,NULL
10276,01-08-2005 3:22,48,476,01-08-2005 3:22,2.99,1
10277,01-08-2005 3:22,176,322,01-08-2005 3:22,2.99,NULL
10278,01-08-2005 3:25,154,548,01-08-2005 3:25,6.99,1
10279,01-08-2005 3:26,247,831,01-08-2005 3:26,1.99,NULL
10280,01-08-2005 3:27,542,319,01-08-2005 3:27,4.99,NULL
10281,01-08-2005 3:28,549,233,01-08-2005 3:28,0.99,NULL
10282,01-08-2005 3:29,472,134,01-08-2005 3:29,6.99,1
10283,01-08-2005 3:29,462,921,01-08-2005 3:29,2.99,1
10284,01-08-2005 3:33,20,631,01-08-2005 3:33,4.99,NULL
10285,01-08-2005 3:35,167,987,01-08-2005 3:35,3.99,1
10286,01-08-2005 3:35,532,111,01-08-2005 3:35,6.99,1
10287,01-08-2005 3:37,141,25,01-08-2005 3:37,3.99,0.5
10288,01-08-2005 3:38,63,124,01-08-2005 3:38,6.99,NULL
10289,01-08-2005 3:39,566,692,01-08-2005 3:39,6.99,0.5
10290,01-08-2005 3:39,364,991,01-08-2005 3:39,5.99,NULL
10291,01-08-2005 3:39,420,446,01-08-2005 3:39,4.99,NULL
10292,01-08-2005 3:42,340,561,01-08-2005 3:42,2.99,1
10293,01-08-2005 3:44,258,345,01-08-2005 3:44,1.99,NULL
10294,01-08-2005 3:48,28,116,01-08-2005 3:48,6.99,1
10295,01-08-2005 3:53,123,512,01-08-2005 3:53,8.99,1
10296,01-08-2005 4:04,573,427,01-08-2005 4:04,0.99,NULL
10297,01-08-2005 4:05,289,614,01-08-2005 4:05,7.99,NULL
10298,01-08-2005 4:06,323,303,01-08-2005 4:06,0.99,NULL
10299,01-08-2005 4:08,369,249,01-08-2005 4:08,0.99,NULL
10300,01-08-2005 4:08,207,945,01-08-2005 4:08,0.99,NULL
10301,01-08-2005 4:09,583,676,01-08-2005 4:09,4.99,NULL
10302,01-08-2005 4:12,144,233,01-08-2005 4:12,0.99,NULL
10303,01-08-2005 4:13,479,207,01-08-2005 4:13,4.99,NULL
10304,01-08-2005 4:14,346,336,01-08-2005 4:14,5.99,1
10305,01-08-2005 4:16,160,647,01-08-2005 4:16,2.99,1
10306,01-08-2005 4:19,541,619,01-08-2005 4:19,5.99,NULL
10307,01-08-2005 4:21,332,218,01-08-2005 4:21,0.99,0.5
10308,01-08-2005 4:22,240,129,01-08-2005 4:22,7.99,0.5
10309,01-08-2005 4:24,156,329,01-08-2005 4:24,6.99,NULL
10310,01-08-2005 4:24,271,2,01-08-2005 4:24,4.99,1
10311,01-08-2005 4:27,151,915,01-08-2005 4:27,4.99,1
10312,01-08-2005 4:29,172,958,01-08-2005 4:29,3.99,0.5
10313,01-08-2005 4:29,80,266,01-08-2005 4:29,0.99,NULL
10314,01-08-2005 4:31,252,339,01-08-2005 4:31,0.99,NULL
10315,01-08-2005 4:34,258,199,01-08-2005 4:34,4.99,NULL
10316,01-08-2005 4:34,469,415,01-08-2005 4:34,4.99,NULL
10317,01-08-2005 4:35,561,22,01-08-2005 4:35,2.99,NULL
10318,01-08-2005 4:36,548,196,01-08-2005 4:36,0.99,NULL
10319,01-08-2005 4:37,394,686,01-08-2005 4:37,4.99,NULL
10320,01-08-2005 4:39,152,500,01-08-2005 4:39,6.99,1
10321,01-08-2005 4:40,177,985,01-08-2005 4:40,4.99,NULL
10322,01-08-2005 4:44,535,338,01-08-2005 4:44,5.99,NULL
10323,01-08-2005 4:44,577,774,01-08-2005 4:44,4.99,NULL
10324,01-08-2005 4:49,25,115,01-08-2005 4:49,5.99,NULL
10325,01-08-2005 4:52,258,603,01-08-2005 4:52,5.99,NULL
10326,01-08-2005 4:55,325,844,01-08-2005 4:55,4.99,1
10327,01-08-2005 4:55,382,73,01-08-2005 4:55,3.99,NULL
10328,01-08-2005 4:56,85,265,01-08-2005 4:56,4.99,NULL
10329,01-08-2005 4:56,302,496,01-08-2005 4:56,0.99,1
10330,01-08-2005 4:57,7,346,01-08-2005 4:57,6.99,NULL
10331,01-08-2005 4:57,575,902,01-08-2005 4:57,4.99,NULL
10332,01-08-2005 4:57,258,139,01-08-2005 4:57,6.99,NULL
10333,01-08-2005 4:58,499,862,01-08-2005 4:58,0.99,NULL
10334,01-08-2005 4:58,445,743,01-08-2005 4:58,1.99,NULL
10335,01-08-2005 4:59,33,72,01-08-2005 4:59,2.99,NULL
10336,01-08-2005 4:59,370,243,01-08-2005 4:59,4.99,1
10337,01-08-2005 5:01,451,69,01-08-2005 5:01,8.99,NULL
10338,01-08-2005 5:03,339,286,01-08-2005 5:03,3.99,1
10339,01-08-2005 5:05,363,133,01-08-2005 5:05,6.99,NULL
10340,01-08-2005 5:07,568,789,01-08-2005 5:07,2.99,NULL
10341,01-08-2005 5:10,445,727,01-08-2005 5:10,0.99,NULL
10342,01-08-2005 5:11,140,73,01-08-2005 5:11,6.99,NULL
10343,01-08-2005 5:15,267,576,01-08-2005 5:15,2.99,1
10344,01-08-2005 5:18,367,804,01-08-2005 5:18,4.99,1
10345,01-08-2005 5:18,42,869,01-08-2005 5:18,2.99,NULL
10346,01-08-2005 5:19,476,912,01-08-2005 5:19,4.99,NULL
10347,01-08-2005 5:20,574,212,01-08-2005 5:20,4.99,0.5
10348,01-08-2005 5:23,14,450,01-08-2005 5:23,2.99,NULL
10349,01-08-2005 5:27,295,22,01-08-2005 5:27,3.99,1
10350,01-08-2005 5:30,78,448,01-08-2005 5:30,3.99,1
10351,01-08-2005 5:32,173,814,01-08-2005 5:32,5.99,NULL
10352,01-08-2005 5:44,564,285,01-08-2005 5:44,1.99,1
10353,01-08-2005 5:46,535,317,01-08-2005 5:46,3.99,NULL
10354,01-08-2005 5:47,416,366,01-08-2005 5:47,2.99,NULL
10355,01-08-2005 5:47,161,467,01-08-2005 5:47,0.99,NULL
10356,01-08-2005 5:49,56,70,01-08-2005 5:49,6.99,NULL
10357,01-08-2005 5:49,475,681,01-08-2005 5:49,0.99,NULL
10358,01-08-2005 5:50,517,666,01-08-2005 5:50,4.99,NULL
10359,01-08-2005 5:52,369,57,01-08-2005 5:52,3.99,NULL
10360,01-08-2005 5:52,443,250,01-08-2005 5:52,0.99,1
10361,01-08-2005 5:53,529,71,01-08-2005 5:53,10.99,1
10362,01-08-2005 5:55,181,15,01-08-2005 5:55,6.99,NULL
10363,01-08-2005 6:01,174,72,01-08-2005 6:01,2.99,NULL
10364,01-08-2005 6:06,317,401,01-08-2005 6:06,2.99,NULL
10365,01-08-2005 6:08,442,878,01-08-2005 6:08,6.99,1
10366,01-08-2005 6:09,119,582,01-08-2005 6:09,3.99,0.5
10367,01-08-2005 6:12,242,747,01-08-2005 6:12,0.99,1
10368,01-08-2005 6:13,593,773,01-08-2005 6:13,3.99,NULL
10369,01-08-2005 6:13,424,556,01-08-2005 6:13,4.99,1
10370,01-08-2005 6:18,546,949,01-08-2005 6:18,0.99,1
10371,01-08-2005 6:20,327,205,01-08-2005 6:20,0.99,0.5
10372,01-08-2005 6:23,419,138,01-08-2005 6:23,2.99,1
10373,01-08-2005 6:24,588,381,01-08-2005 6:24,4.99,1
10374,01-08-2005 6:25,307,948,01-08-2005 6:25,0.99,1
10375,01-08-2005 6:26,202,189,01-08-2005 6:26,2.99,1
10376,01-08-2005 6:27,474,912,01-08-2005 6:27,5.99,NULL
10377,01-08-2005 6:28,559,524,01-08-2005 6:28,3.99,0.5
10378,01-08-2005 6:30,113,894,01-08-2005 6:30,0.99,NULL
10379,01-08-2005 6:34,141,681,01-08-2005 6:34,1.99,0.5
10380,01-08-2005 6:34,533,481,01-08-2005 6:34,2.99,1
10381,01-08-2005 6:36,412,115,01-08-2005 6:36,2.99,1
10382,01-08-2005 6:36,242,973,01-08-2005 6:36,4.99,1
10383,01-08-2005 6:37,592,906,01-08-2005 6:37,0.99,NULL
10384,01-08-2005 6:39,366,575,01-08-2005 6:39,4.99,0.5
10385,01-08-2005 6:39,179,170,01-08-2005 6:39,4.99,1
10386,01-08-2005 6:42,26,344,01-08-2005 6:42,3.99,NULL
10387,01-08-2005 6:42,87,361,01-08-2005 6:42,4.99,NULL
10388,01-08-2005 6:42,99,698,01-08-2005 6:42,7.99,NULL
10389,01-08-2005 6:46,346,773,01-08-2005 6:46,3.99,1
10390,01-08-2005 6:46,502,326,01-08-2005 6:46,4.99,1
10391,01-08-2005 6:49,357,476,01-08-2005 6:49,2.99,NULL
10392,01-08-2005 6:50,12,662,01-08-2005 6:50,10.99,1
10393,01-08-2005 6:52,258,176,01-08-2005 6:52,0.99,NULL
10394,01-08-2005 6:58,128,361,01-08-2005 6:58,2.99,NULL
10395,01-08-2005 7:08,129,62,01-08-2005 7:08,2.99,1
10396,01-08-2005 7:08,284,654,01-08-2005 7:08,7.99,NULL
10397,01-08-2005 7:11,504,906,01-08-2005 7:11,0.99,NULL
10398,01-08-2005 7:11,174,938,01-08-2005 7:11,4.99,NULL
10399,01-08-2005 7:13,204,553,01-08-2005 7:13,5.99,0.5
10400,01-08-2005 7:18,132,851,01-08-2005 7:18,6.99,NULL
10401,01-08-2005 7:27,564,342,01-08-2005 7:27,4.99,1
10402,01-08-2005 7:27,410,61,01-08-2005 7:27,4.99,NULL
10403,01-08-2005 7:30,494,429,01-08-2005 7:30,0.99,NULL
10404,01-08-2005 7:31,253,565,01-08-2005 7:31,4.99,0.5
10405,01-08-2005 7:35,463,795,01-08-2005 7:35,0.99,NULL
10406,01-08-2005 7:37,391,573,01-08-2005 7:37,2.99,0.5
10407,01-08-2005 7:38,101,118,01-08-2005 7:38,0.99,NULL
10408,01-08-2005 7:42,334,900,01-08-2005 7:42,4.99,NULL
10409,01-08-2005 7:49,449,616,01-08-2005 7:49,2.99,0.5
10410,01-08-2005 7:53,247,851,01-08-2005 7:53,6.99,NULL
10411,01-08-2005 7:56,522,424,01-08-2005 7:56,3.99,NULL
10412,01-08-2005 7:57,325,341,01-08-2005 7:57,0.99,1
10413,01-08-2005 7:59,376,228,01-08-2005 7:59,3.99,1
10414,01-08-2005 8:03,361,281,01-08-2005 8:03,0.99,NULL
10415,01-08-2005 8:05,591,570,01-08-2005 8:05,4.99,1
10416,01-08-2005 8:08,449,576,01-08-2005 8:08,4.99,0.5
10417,01-08-2005 8:10,427,804,01-08-2005 8:10,4.99,1
10418,01-08-2005 8:11,248,369,01-08-2005 8:11,4.99,NULL
10419,01-08-2005 8:13,66,91,01-08-2005 8:13,0.99,NULL
10420,01-08-2005 8:13,354,764,01-08-2005 8:13,6.99,1
10421,01-08-2005 8:14,262,205,01-08-2005 8:14,0.99,NULL
10422,01-08-2005 8:17,166,8,01-08-2005 8:17,7.99,NULL
10423,01-08-2005 8:19,7,162,01-08-2005 8:19,5.99,NULL
10424,01-08-2005 8:22,88,417,01-08-2005 8:22,0.99,NULL
10425,01-08-2005 8:23,447,72,01-08-2005 8:23,2.99,1
10426,01-08-2005 8:26,305,293,01-08-2005 8:26,4.99,NULL
10427,01-08-2005 8:30,356,652,01-08-2005 8:30,3.99,1
10428,01-08-2005 8:30,46,922,01-08-2005 8:30,4.99,1
10429,01-08-2005 8:34,511,850,01-08-2005 8:34,2.99,1
10430,01-08-2005 8:37,471,254,01-08-2005 8:37,2.99,NULL
10431,01-08-2005 8:41,138,239,01-08-2005 8:41,5.99,1
10432,01-08-2005 8:43,450,921,01-08-2005 8:43,2.99,NULL
10433,01-08-2005 8:45,517,330,01-08-2005 8:45,4.99,NULL
10434,01-08-2005 8:47,73,888,01-08-2005 8:47,4.99,NULL
10435,01-08-2005 8:50,392,420,01-08-2005 8:50,4.99,NULL
10436,01-08-2005 8:50,455,877,01-08-2005 8:50,0.99,NULL
10437,01-08-2005 8:51,1,3,01-08-2005 8:51,4.99,0.5
10438,01-08-2005 8:53,316,917,01-08-2005 8:53,7.99,1
10439,01-08-2005 8:54,332,595,01-08-2005 8:54,0.99,0.5
10440,01-08-2005 8:54,299,184,01-08-2005 8:54,2.99,0.5
10441,01-08-2005 8:55,176,896,01-08-2005 8:55,0.99,NULL
10442,01-08-2005 8:58,40,999,01-08-2005 8:58,2.99,NULL
10443,01-08-2005 9:01,403,428,01-08-2005 9:01,2.99,1
10444,01-08-2005 9:01,106,711,01-08-2005 9:01,8.99,1
10445,01-08-2005 9:02,211,784,01-08-2005 9:02,2.99,1
10446,01-08-2005 9:02,95,586,01-08-2005 9:02,0.99,1
10447,01-08-2005 9:04,241,266,01-08-2005 9:04,3.99,1
10448,01-08-2005 9:09,311,487,01-08-2005 9:09,4.99,1
10449,01-08-2005 9:09,213,305,01-08-2005 9:09,2.99,NULL
10450,01-08-2005 9:10,380,52,01-08-2005 9:10,1.99,NULL
10451,01-08-2005 9:11,9,531,01-08-2005 9:11,0.99,NULL
10452,01-08-2005 9:11,442,430,01-08-2005 9:11,0.99,1
10453,01-08-2005 9:13,188,334,01-08-2005 9:13,5.99,NULL
10454,01-08-2005 9:14,9,88,01-08-2005 9:14,4.99,NULL
10455,01-08-2005 9:15,99,913,01-08-2005 9:15,1.99,NULL
10456,01-08-2005 9:17,81,945,01-08-2005 9:17,0.99,NULL
10457,01-08-2005 9:17,121,670,01-08-2005 9:17,5.99,1
10458,01-08-2005 9:19,309,328,01-08-2005 9:19,2.99,NULL
10459,01-08-2005 9:20,131,45,01-08-2005 9:20,4.99,NULL
10460,01-08-2005 9:31,197,983,01-08-2005 9:31,3.99,1
10461,01-08-2005 9:32,270,706,01-08-2005 9:32,7.99,NULL
10462,01-08-2005 9:38,193,988,01-08-2005 9:38,2.99,NULL
10463,01-08-2005 9:39,291,287,01-08-2005 9:39,4.99,NULL
10464,01-08-2005 9:43,427,102,01-08-2005 9:43,5.99,1
10465,01-08-2005 9:45,534,958,01-08-2005 9:45,5.99,1
10466,01-08-2005 9:45,2,27,01-08-2005 9:45,0.99,NULL
10467,01-08-2005 9:45,412,826,01-08-2005 9:45,5.99,1
10468,01-08-2005 9:48,129,458,01-08-2005 9:48,0.99,1
10469,01-08-2005 9:51,466,670,01-08-2005 9:51,4.99,1
10470,01-08-2005 9:52,523,17,01-08-2005 9:52,1.99,1
10471,01-08-2005 9:52,135,367,01-08-2005 9:52,0.99,1
10472,01-08-2005 9:54,405,112,01-08-2005 9:54,4.99,NULL
10473,01-08-2005 9:56,329,665,01-08-2005 9:56,7.99,0.5
10474,01-08-2005 10:01,488,979,01-08-2005 10:01,5.99,NULL
10475,01-08-2005 10:03,115,644,01-08-2005 10:03,4.99,NULL
10476,01-08-2005 10:03,263,434,01-08-2005 10:03,6.99,NULL
10477,01-08-2005 10:04,506,53,01-08-2005 10:04,2.99,NULL
10478,01-08-2005 10:09,417,849,01-08-2005 10:09,0.99,NULL
10479,01-08-2005 10:11,275,1000,01-08-2005 10:11,6.99,NULL
10480,01-08-2005 10:13,560,120,01-08-2005 10:13,4.99,NULL
10481,01-08-2005 10:17,170,51,01-08-2005 10:17,5.99,1
10482,01-08-2005 10:17,358,10,01-08-2005 10:17,4.99,1
10483,01-08-2005 10:19,129,331,01-08-2005 10:19,2.99,1
10484,01-08-2005 10:19,400,415,01-08-2005 10:19,2.99,NULL
10485,01-08-2005 10:20,50,6,01-08-2005 10:20,7.99,NULL
10486,01-08-2005 10:23,527,536,01-08-2005 10:23,3.99,NULL
10487,01-08-2005 10:26,577,249,01-08-2005 10:26,0.99,NULL
10488,01-08-2005 10:27,423,67,01-08-2005 10:27,2.99,0.5
10489,01-08-2005 10:27,54,887,01-08-2005 10:27,5.99,0.5
10490,01-08-2005 10:37,329,951,01-08-2005 10:37,0.99,0.5
10491,01-08-2005 10:38,24,679,01-08-2005 10:38,2.99,NULL
10492,01-08-2005 10:42,334,364,01-08-2005 10:42,2.99,NULL
10493,01-08-2005 10:43,285,518,01-08-2005 10:43,5.99,0.5
10494,01-08-2005 10:45,188,186,01-08-2005 10:45,0.99,NULL
10495,01-08-2005 10:45,41,483,01-08-2005 10:45,4.99,NULL
10496,01-08-2005 10:53,525,91,01-08-2005 10:53,2.99,NULL
10497,01-08-2005 10:55,499,235,01-08-2005 10:55,2.99,NULL
10498,01-08-2005 10:56,355,586,01-08-2005 10:56,0.99,0.5
10499,01-08-2005 11:00,459,725,01-08-2005 11:00,7.99,0.5
10500,01-08-2005 11:01,477,103,01-08-2005 11:01,4.99,NULL
10501,01-08-2005 11:04,351,389,01-08-2005 11:04,2.99,1
10502,01-08-2005 11:06,357,702,01-08-2005 11:06,2.99,NULL
10503,01-08-2005 11:07,357,396,01-08-2005 11:07,6.99,NULL
10504,01-08-2005 11:10,530,735,01-08-2005 11:10,4.99,NULL
10505,01-08-2005 11:13,426,652,01-08-2005 11:13,1.99,1
10506,01-08-2005 11:16,216,260,01-08-2005 11:16,4.99,1
10507,01-08-2005 11:22,45,80,01-08-2005 11:22,2.99,NULL
10508,01-08-2005 11:23,431,850,01-08-2005 11:23,0.99,NULL
10509,01-08-2005 11:25,504,19,01-08-2005 11:25,3.99,NULL
10510,01-08-2005 11:28,259,90,01-08-2005 11:28,3.99,1
10511,01-08-2005 11:32,487,847,01-08-2005 11:32,2.99,1
10512,01-08-2005 11:36,438,725,01-08-2005 11:36,6.99,NULL
10513,01-08-2005 11:37,105,883,01-08-2005 11:37,4.99,NULL
10514,01-08-2005 11:39,7,330,01-08-2005 11:39,4.99,NULL
10515,01-08-2005 11:41,383,193,01-08-2005 11:41,4.99,NULL
10516,01-08-2005 11:41,449,856,01-08-2005 11:41,6.99,0.5
10517,01-08-2005 11:41,199,500,01-08-2005 11:41,4.99,1
10518,01-08-2005 11:44,556,971,01-08-2005 11:44,6.99,NULL
10519,01-08-2005 11:44,456,429,01-08-2005 11:44,5.99,NULL
10520,01-08-2005 11:45,543,961,01-08-2005 11:45,4.99,NULL
10521,01-08-2005 11:46,346,143,01-08-2005 11:46,0.99,1
10522,01-08-2005 11:48,254,903,01-08-2005 11:48,4.99,1
10523,01-08-2005 11:52,34,525,01-08-2005 11:52,0.99,0.5
10524,01-08-2005 11:53,38,895,01-08-2005 11:53,6.99,NULL
10525,01-08-2005 11:53,36,835,01-08-2005 11:53,2.99,0.5
10526,01-08-2005 11:55,14,6,01-08-2005 11:55,6.99,NULL
10527,01-08-2005 11:55,431,989,01-08-2005 11:55,4.99,NULL
10528,01-08-2005 11:56,564,962,01-08-2005 11:56,2.99,1
10529,01-08-2005 12:00,444,187,01-08-2005 12:00,4.99,NULL
10530,01-08-2005 12:01,520,706,01-08-2005 12:01,4.99,1
10531,01-08-2005 12:06,459,842,01-08-2005 12:06,2.99,0.5
10532,01-08-2005 12:06,191,163,01-08-2005 12:06,2.99,1
10533,01-08-2005 12:14,593,418,01-08-2005 12:14,3.99,NULL
10534,01-08-2005 12:15,397,949,01-08-2005 12:15,0.99,1
10535,01-08-2005 12:21,284,399,01-08-2005 12:21,4.99,NULL
10536,01-08-2005 12:21,86,276,01-08-2005 12:21,4.99,NULL
10537,01-08-2005 12:22,418,463,01-08-2005 12:22,5.99,NULL
10538,01-08-2005 12:22,37,150,01-08-2005 12:22,2.99,1
10539,01-08-2005 12:23,232,734,01-08-2005 12:23,6.99,NULL
10540,01-08-2005 12:24,84,896,01-08-2005 12:24,0.99,NULL
10541,01-08-2005 12:24,234,309,01-08-2005 12:24,0.99,NULL
10542,01-08-2005 12:32,465,245,01-08-2005 12:32,3.99,NULL
10543,01-08-2005 12:36,29,135,01-08-2005 12:36,5.99,0.5
10544,01-08-2005 12:36,589,702,01-08-2005 12:36,4.99,NULL
10545,01-08-2005 12:37,425,920,01-08-2005 12:37,0.99,NULL
10546,01-08-2005 12:44,362,349,01-08-2005 12:44,3.99,1
10547,01-08-2005 12:44,403,372,01-08-2005 12:44,6.99,1
10548,01-08-2005 12:44,85,416,01-08-2005 12:44,0.99,NULL
10549,01-08-2005 12:46,61,813,01-08-2005 12:46,0.99,NULL
10550,01-08-2005 12:46,129,432,01-08-2005 12:46,2.99,1
10551,01-08-2005 12:48,294,651,01-08-2005 12:48,6.99,NULL
10552,01-08-2005 12:49,119,927,01-08-2005 12:49,2.99,0.5
10553,01-08-2005 12:54,415,608,01-08-2005 12:54,2.99,NULL
10554,01-08-2005 12:56,209,707,01-08-2005 12:56,2.99,1
10555,01-08-2005 12:56,487,83,01-08-2005 12:56,6.99,1
10556,01-08-2005 12:58,117,30,01-08-2005 12:58,2.99,1
10557,01-08-2005 12:59,385,54,01-08-2005 12:59,0.99,0.5
10558,01-08-2005 13:00,117,961,01-08-2005 13:00,4.99,1
10559,01-08-2005 13:02,174,627,01-08-2005 13:02,8.99,NULL
10560,01-08-2005 13:04,427,336,01-08-2005 13:04,4.99,1
10561,01-08-2005 13:05,8,474,01-08-2005 13:05,2.99,NULL
10562,01-08-2005 13:05,178,424,01-08-2005 13:05,0.99,1
10563,01-08-2005 13:06,214,410,01-08-2005 13:06,3.99,NULL
10564,01-08-2005 13:07,387,976,01-08-2005 13:07,0.99,NULL
10565,01-08-2005 13:08,165,77,01-08-2005 13:08,4.99,1
10566,01-08-2005 13:12,269,869,01-08-2005 13:12,2.99,NULL
10567,01-08-2005 13:16,212,602,01-08-2005 13:16,0.99,NULL
10568,01-08-2005 13:17,130,660,01-08-2005 13:17,2.99,1
10569,01-08-2005 13:18,179,132,01-08-2005 13:18,3.99,1
10570,01-08-2005 13:23,21,81,01-08-2005 13:23,4.99,0.5
10571,01-08-2005 13:25,308,800,01-08-2005 13:25,2.99,NULL
10572,01-08-2005 13:26,386,274,01-08-2005 13:26,4.99,NULL
10573,01-08-2005 13:27,585,924,01-08-2005 13:27,0.99,NULL
10574,01-08-2005 13:36,287,149,01-08-2005 13:36,2.99,1
10575,01-08-2005 13:41,251,972,01-08-2005 13:41,7.99,NULL
10576,01-08-2005 13:46,180,409,01-08-2005 13:46,5.99,NULL
10577,01-08-2005 13:46,428,484,01-08-2005 13:46,4.99,1
10578,01-08-2005 13:48,113,810,01-08-2005 13:48,1.99,NULL
10579,01-08-2005 13:48,270,887,01-08-2005 13:48,5.99,NULL
10580,01-08-2005 13:51,234,129,01-08-2005 13:51,6.99,NULL
10581,01-08-2005 13:52,217,615,01-08-2005 13:52,5.99,1
10582,01-08-2005 13:54,233,556,01-08-2005 13:54,4.99,0.5
10583,01-08-2005 13:54,125,154,01-08-2005 13:54,2.99,NULL
10584,01-08-2005 13:58,86,156,01-08-2005 13:58,6.99,NULL
10585,01-08-2005 14:00,228,586,01-08-2005 14:00,4.99,NULL
10586,01-08-2005 14:00,583,728,01-08-2005 14:00,2.99,NULL
10587,01-08-2005 14:03,521,658,01-08-2005 14:03,2.99,1
10588,01-08-2005 14:10,49,520,01-08-2005 14:10,2.99,NULL
10589,01-08-2005 14:11,375,931,01-08-2005 14:11,1.99,NULL
10590,01-08-2005 14:11,78,162,01-08-2005 14:11,2.99,1
10591,01-08-2005 14:12,52,738,01-08-2005 14:12,0.99,NULL
10592,01-08-2005 14:13,265,181,01-08-2005 14:13,3.99,NULL
10593,01-08-2005 14:13,144,411,01-08-2005 14:13,4.99,NULL
10594,01-08-2005 14:14,53,397,01-08-2005 14:14,3.99,0.5
10595,01-08-2005 14:16,137,215,01-08-2005 14:16,4.99,NULL
10596,01-08-2005 14:18,112,175,01-08-2005 14:18,5.99,NULL
10597,01-08-2005 14:19,3,725,01-08-2005 14:19,5.99,NULL
10598,01-08-2005 14:23,397,509,01-08-2005 14:23,4.99,1
10599,01-08-2005 14:23,271,528,01-08-2005 14:23,3.99,1
10600,01-08-2005 14:25,294,851,01-08-2005 14:25,2.99,NULL
10601,01-08-2005 14:25,420,624,01-08-2005 14:25,10.99,NULL
10602,01-08-2005 14:30,111,329,01-08-2005 14:30,4.99,NULL
10603,01-08-2005 14:30,394,877,01-08-2005 14:30,0.99,NULL
10604,01-08-2005 14:35,250,621,01-08-2005 14:35,4.99,NULL
10605,01-08-2005 14:36,341,149,01-08-2005 14:36,0.99,NULL
10606,01-08-2005 14:39,335,17,01-08-2005 14:39,4.99,NULL
10607,01-08-2005 14:44,438,871,01-08-2005 14:44,4.99,NULL
10608,01-08-2005 14:48,381,840,01-08-2005 14:48,0.99,NULL
10609,01-08-2005 14:48,5,568,01-08-2005 14:48,4.99,NULL
10610,01-08-2005 14:49,396,407,01-08-2005 14:49,0.99,0.5
10611,01-08-2005 14:53,135,213,01-08-2005 14:53,2.99,1
10612,01-08-2005 14:55,554,65,01-08-2005 14:55,6.99,1
10613,01-08-2005 14:56,527,949,01-08-2005 14:56,0.99,NULL
10614,01-08-2005 14:57,533,51,01-08-2005 14:57,6.99,1
10615,01-08-2005 14:58,34,579,01-08-2005 14:58,4.99,0.5
10616,01-08-2005 14:59,20,243,01-08-2005 14:59,7.99,NULL
10617,01-08-2005 15:05,476,946,01-08-2005 15:05,9.99,NULL
10618,01-08-2005 15:06,386,815,01-08-2005 15:06,3.99,NULL
10619,01-08-2005 15:07,132,473,01-08-2005 15:07,3.99,NULL
10620,01-08-2005 15:09,183,673,01-08-2005 15:09,5.99,1
10621,01-08-2005 15:10,172,360,01-08-2005 15:10,0.99,0.5
10622,01-08-2005 15:12,171,668,01-08-2005 15:12,4.99,NULL
10623,01-08-2005 15:22,494,967,01-08-2005 15:22,2.99,NULL
10624,01-08-2005 15:27,74,833,01-08-2005 15:27,0.99,1
10625,01-08-2005 15:27,5,663,01-08-2005 15:27,0.99,NULL
10626,01-08-2005 15:32,122,233,01-08-2005 15:32,1.99,NULL
10627,01-08-2005 15:33,472,440,01-08-2005 15:33,0.99,1
10628,01-08-2005 15:33,285,94,01-08-2005 15:33,2.99,0.5
10629,01-08-2005 15:33,575,222,01-08-2005 15:33,7.99,NULL
10630,01-08-2005 15:34,39,507,01-08-2005 15:34,0.99,1
10631,01-08-2005 15:35,304,595,01-08-2005 15:35,0.99,NULL
10632,01-08-2005 15:36,406,285,01-08-2005 15:36,1.99,NULL
10633,01-08-2005 15:37,475,687,01-08-2005 15:37,3.99,NULL
10634,01-08-2005 15:37,592,99,01-08-2005 15:37,2.99,NULL
10635,01-08-2005 15:37,52,119,01-08-2005 15:37,0.99,NULL
10636,01-08-2005 15:40,385,135,01-08-2005 15:40,3.99,0.5
10637,01-08-2005 15:44,161,274,01-08-2005 15:44,2.99,NULL
10638,01-08-2005 15:44,132,484,01-08-2005 15:44,6.99,NULL
10639,01-08-2005 15:44,39,227,01-08-2005 15:44,9.99,1
10640,01-08-2005 15:44,375,663,01-08-2005 15:44,0.99,NULL
10641,01-08-2005 15:44,285,216,01-08-2005 15:44,4.99,0.5
10642,01-08-2005 15:45,294,563,01-08-2005 15:45,4.99,NULL
10643,01-08-2005 15:48,495,843,01-08-2005 15:48,5.99,1
10644,01-08-2005 15:52,7,953,01-08-2005 15:52,4.99,NULL
10645,01-08-2005 15:52,130,845,01-08-2005 15:52,5.99,1
10646,01-08-2005 15:57,209,381,01-08-2005 15:57,4.99,1
10647,01-08-2005 16:08,115,689,01-08-2005 16:08,2.99,NULL
10648,01-08-2005 16:08,270,151,01-08-2005 16:08,4.99,NULL
10649,01-08-2005 16:11,278,231,01-08-2005 16:11,2.99,0.5
10650,01-08-2005 16:18,242,501,01-08-2005 16:18,9.99,1
10651,01-08-2005 16:20,404,337,01-08-2005 16:20,2.99,0.5
10652,01-08-2005 16:24,241,356,01-08-2005 16:24,2.99,1
10653,01-08-2005 16:28,75,265,01-08-2005 16:28,5.99,NULL
10654,01-08-2005 16:31,399,554,01-08-2005 16:31,2.99,NULL
10655,01-08-2005 16:33,385,306,01-08-2005 16:33,4.99,0.5
10656,01-08-2005 16:38,80,563,01-08-2005 16:38,6.99,NULL
10657,01-08-2005 16:38,590,676,01-08-2005 16:38,4.99,NULL
10658,01-08-2005 16:39,469,646,01-08-2005 16:39,2.99,NULL
10659,01-08-2005 16:40,238,172,01-08-2005 16:40,5.99,1
10660,01-08-2005 16:48,253,554,01-08-2005 16:48,2.99,0.5
10661,01-08-2005 16:48,177,729,01-08-2005 16:48,2.99,NULL
10662,01-08-2005 16:50,151,626,01-08-2005 16:50,2.99,1
10663,01-08-2005 16:51,433,925,01-08-2005 16:51,4.99,NULL
10664,01-08-2005 16:51,337,696,01-08-2005 16:51,0.99,0.5
10665,01-08-2005 16:56,133,786,01-08-2005 16:56,0.99,NULL
10666,01-08-2005 16:56,197,423,01-08-2005 16:56,0.99,1
10667,01-08-2005 16:58,340,858,01-08-2005 16:58,8.99,1
10668,01-08-2005 17:00,58,452,01-08-2005 17:00,0.99,NULL
10669,01-08-2005 17:03,559,460,01-08-2005 17:03,8.99,0.5
10670,01-08-2005 17:07,512,34,01-08-2005 17:07,3.99,NULL
10671,01-08-2005 17:09,10,969,01-08-2005 17:09,8.99,0.5
10672,01-08-2005 17:10,375,804,01-08-2005 17:10,4.99,NULL
10673,01-08-2005 17:11,528,600,01-08-2005 17:11,0.99,NULL
10674,01-08-2005 17:11,340,428,01-08-2005 17:11,3.99,1
10675,01-08-2005 17:11,522,141,01-08-2005 17:11,7.99,NULL
10676,01-08-2005 17:14,79,137,01-08-2005 17:14,2.99,0.5
10677,01-08-2005 17:24,483,948,01-08-2005 17:24,0.99,0.5
10678,01-08-2005 17:26,56,970,01-08-2005 17:26,0.99,NULL
10679,01-08-2005 17:27,198,970,01-08-2005 17:27,0.99,NULL
10680,01-08-2005 17:28,60,549,01-08-2005 17:28,0.99,1
10681,01-08-2005 17:30,119,321,01-08-2005 17:30,4.99,0.5
10682,01-08-2005 17:32,18,995,01-08-2005 17:32,4.99,NULL
10683,01-08-2005 17:33,246,55,01-08-2005 17:33,2.99,1
10684,01-08-2005 17:47,244,433,01-08-2005 17:47,6.99,NULL
10685,01-08-2005 17:49,200,442,01-08-2005 17:49,2.99,NULL
10686,01-08-2005 17:51,150,557,01-08-2005 17:51,2.99,NULL
10687,01-08-2005 17:53,16,700,01-08-2005 17:53,2.99,NULL
10688,01-08-2005 17:53,449,694,01-08-2005 17:53,6.99,0.5
10689,01-08-2005 18:04,568,315,01-08-2005 18:04,0.99,NULL
10690,01-08-2005 18:05,80,175,01-08-2005 18:05,8.99,NULL
10691,01-08-2005 18:09,276,932,01-08-2005 18:09,0.99,NULL
10692,01-08-2005 18:12,596,81,01-08-2005 18:12,4.99,NULL
10693,01-08-2005 18:14,444,521,01-08-2005 18:14,4.99,NULL
10694,01-08-2005 18:15,98,752,01-08-2005 18:15,3.99,NULL
10695,01-08-2005 18:16,374,789,01-08-2005 18:16,2.99,1
10696,01-08-2005 18:18,120,10,01-08-2005 18:18,4.99,NULL
10697,01-08-2005 18:20,519,684,01-08-2005 18:20,4.99,0.5
10698,01-08-2005 18:24,135,601,01-08-2005 18:24,3.99,1
10699,01-08-2005 18:24,125,231,01-08-2005 18:24,2.99,NULL
10700,01-08-2005 18:26,203,926,01-08-2005 18:26,3.99,NULL
10701,01-08-2005 18:28,538,863,01-08-2005 18:28,3.99,1
10702,01-08-2005 18:34,560,615,01-08-2005 18:34,4.99,NULL
10703,01-08-2005 18:37,181,395,01-08-2005 18:37,2.99,NULL
10704,01-08-2005 18:38,594,214,01-08-2005 18:38,8.99,1
10705,01-08-2005 18:38,381,945,01-08-2005 18:38,0.99,NULL
10706,01-08-2005 18:41,147,263,01-08-2005 18:41,7.99,0.5
10707,01-08-2005 18:41,558,258,01-08-2005 18:41,0.99,NULL
10708,01-08-2005 18:43,567,867,01-08-2005 18:43,7.99,1
10709,01-08-2005 18:43,418,63,01-08-2005 18:43,0.99,NULL
10710,01-08-2005 18:44,177,677,01-08-2005 18:44,0.99,NULL
10711,01-08-2005 18:45,400,931,01-08-2005 18:45,0.99,NULL
10712,01-08-2005 18:47,532,265,01-08-2005 18:47,5.99,1
10713,01-08-2005 18:50,369,442,01-08-2005 18:50,2.99,NULL
10714,01-08-2005 18:51,64,320,01-08-2005 18:51,4.99,1
10715,01-08-2005 18:51,386,234,01-08-2005 18:51,2.99,NULL
10716,01-08-2005 18:53,515,746,01-08-2005 18:53,0.99,NULL
10717,01-08-2005 18:53,365,644,01-08-2005 18:53,2.99,0.5
10718,01-08-2005 18:55,394,606,01-08-2005 18:55,0.99,NULL
10719,01-08-2005 19:00,188,845,01-08-2005 19:00,4.99,NULL
10720,01-08-2005 19:04,326,812,01-08-2005 19:04,0.99,NULL
10721,01-08-2005 19:05,18,200,01-08-2005 19:05,1.99,NULL
10722,01-08-2005 19:07,90,624,01-08-2005 19:07,4.99,1
10723,01-08-2005 19:10,580,555,01-08-2005 19:10,3.99,NULL
10724,01-08-2005 19:10,576,750,01-08-2005 19:10,3.99,NULL
10725,01-08-2005 19:11,534,980,01-08-2005 19:11,6.99,1
10726,01-08-2005 19:14,75,164,01-08-2005 19:14,3.99,NULL
10727,01-08-2005 19:15,16,445,01-08-2005 19:15,2.99,NULL
10728,01-08-2005 19:15,309,688,01-08-2005 19:15,0.99,NULL
10729,01-08-2005 19:21,595,641,01-08-2005 19:21,2.99,1
10730,01-08-2005 19:21,368,389,01-08-2005 19:21,8.99,0.5
10731,01-08-2005 19:21,278,923,01-08-2005 19:21,2.99,0.5
10732,01-08-2005 19:25,538,617,01-08-2005 19:25,5.99,1
10733,01-08-2005 19:28,560,867,01-08-2005 19:28,7.99,NULL
10734,01-08-2005 19:28,21,250,01-08-2005 19:28,0.99,0.5
10735,01-08-2005 19:29,544,885,01-08-2005 19:29,0.99,1
10736,01-08-2005 19:30,272,481,01-08-2005 19:30,2.99,1
10737,01-08-2005 19:31,149,385,01-08-2005 19:31,7.99,NULL
10738,01-08-2005 19:39,377,119,01-08-2005 19:39,3.99,0.5
10739,01-08-2005 19:46,197,694,01-08-2005 19:46,4.99,1
10740,01-08-2005 19:50,144,706,01-08-2005 19:50,5.99,NULL
10741,01-08-2005 19:52,469,726,01-08-2005 19:52,2.99,NULL
10742,01-08-2005 19:53,416,799,01-08-2005 19:53,6.99,NULL
10743,01-08-2005 19:55,197,914,01-08-2005 19:55,2.99,1
10744,01-08-2005 19:56,439,122,01-08-2005 19:56,1.99,NULL
10745,01-08-2005 19:57,307,99,01-08-2005 19:57,2.99,1
10746,01-08-2005 19:58,508,69,01-08-2005 19:58,8.99,1
10747,01-08-2005 19:59,266,988,01-08-2005 19:59,4.99,NULL
10748,01-08-2005 20:01,181,824,01-08-2005 20:01,4.99,NULL
10749,01-08-2005 20:02,214,648,01-08-2005 20:02,4.99,NULL
10750,01-08-2005 20:06,201,704,01-08-2005 20:06,5.99,NULL
10751,01-08-2005 20:06,518,716,01-08-2005 20:06,5.99,0.5
10752,01-08-2005 20:08,147,704,01-08-2005 20:08,8.99,0.5
10753,01-08-2005 20:09,273,341,01-08-2005 20:09,3.99,NULL
10754,01-08-2005 20:12,460,460,01-08-2005 20:12,10.99,NULL
10755,01-08-2005 20:14,239,270,01-08-2005 20:14,0.99,NULL
10756,01-08-2005 20:17,596,923,01-08-2005 20:17,2.99,NULL
10757,01-08-2005 20:22,188,21,01-08-2005 20:22,4.99,NULL
10758,01-08-2005 20:22,373,43,01-08-2005 20:22,5.99,NULL
10759,01-08-2005 20:22,256,772,01-08-2005 20:22,4.99,NULL
10760,01-08-2005 20:25,497,289,01-08-2005 20:25,7.99,NULL
10761,01-08-2005 20:25,36,864,01-08-2005 20:25,2.99,0.5
10762,01-08-2005 20:28,208,300,01-08-2005 20:28,4.99,1
10763,01-08-2005 20:32,276,220,01-08-2005 20:32,2.99,NULL
10764,01-08-2005 20:32,357,834,01-08-2005 20:32,0.99,NULL
10765,01-08-2005 20:34,337,122,01-08-2005 20:34,0.99,0.5
10766,01-08-2005 20:36,420,210,01-08-2005 20:36,4.99,NULL
10767,01-08-2005 20:37,488,630,01-08-2005 20:37,0.99,NULL
10768,01-08-2005 20:39,273,100,01-08-2005 20:39,6.99,NULL
10769,01-08-2005 20:43,348,707,01-08-2005 20:43,2.99,NULL
10770,01-08-2005 20:45,262,562,01-08-2005 20:45,0.99,NULL
10771,01-08-2005 20:49,485,282,01-08-2005 20:49,4.99,1
10772,01-08-2005 20:51,485,26,01-08-2005 20:51,6.99,1
10773,01-08-2005 20:53,181,843,01-08-2005 20:53,6.99,NULL
10774,01-08-2005 20:54,407,920,01-08-2005 20:54,4.99,NULL
10775,01-08-2005 20:59,263,912,01-08-2005 20:59,2.99,NULL
10776,01-08-2005 20:59,565,350,01-08-2005 20:59,10.99,NULL
10777,01-08-2005 21:03,493,764,01-08-2005 21:03,6.99,0.5
10778,01-08-2005 21:11,220,421,01-08-2005 21:11,4.99,NULL
10779,01-08-2005 21:11,578,453,01-08-2005 21:11,7.99,NULL
10780,01-08-2005 21:14,51,317,01-08-2005 21:14,2.99,NULL
10781,01-08-2005 21:22,259,292,01-08-2005 21:22,2.99,1
10782,01-08-2005 21:23,577,330,01-08-2005 21:23,4.99,NULL
10783,01-08-2005 21:23,495,266,01-08-2005 21:23,4.99,1
10784,01-08-2005 21:24,208,765,01-08-2005 21:24,5.99,1
10785,01-08-2005 21:24,397,494,01-08-2005 21:24,1.99,1
10786,01-08-2005 21:29,490,10,01-08-2005 21:29,7.99,NULL
10787,01-08-2005 21:35,127,715,01-08-2005 21:35,10.99,1
10788,01-08-2005 21:37,160,736,01-08-2005 21:37,0.99,1
10789,01-08-2005 21:37,403,726,01-08-2005 21:37,2.99,1
10790,01-08-2005 21:38,274,677,01-08-2005 21:38,1.99,1
10791,01-08-2005 21:41,338,447,01-08-2005 21:41,2.99,NULL
10792,01-08-2005 21:44,264,232,01-08-2005 21:44,2.99,0.5
10793,01-08-2005 21:48,225,663,01-08-2005 21:48,2.99,1
10794,01-08-2005 21:51,27,199,01-08-2005 21:51,7.99,NULL
10795,01-08-2005 21:56,76,603,01-08-2005 21:56,4.99,NULL
10796,01-08-2005 21:56,534,458,01-08-2005 21:56,0.99,1
10797,01-08-2005 22:02,308,377,01-08-2005 22:02,0.99,NULL
10798,01-08-2005 22:03,141,84,01-08-2005 22:03,4.99,0.5
10799,01-08-2005 22:03,145,723,01-08-2005 22:03,4.99,NULL
10800,01-08-2005 22:07,583,112,01-08-2005 22:07,4.99,NULL
10801,01-08-2005 22:09,116,822,01-08-2005 22:09,1.99,NULL
10802,01-08-2005 22:18,178,870,01-08-2005 22:18,5.99,1
10803,01-08-2005 22:22,46,730,01-08-2005 22:22,4.99,1
10804,01-08-2005 22:22,596,641,01-08-2005 22:22,0.99,NULL
10805,01-08-2005 22:23,203,121,01-08-2005 22:23,2.99,NULL
10806,01-08-2005 22:25,89,777,01-08-2005 22:25,4.99,NULL
10807,01-08-2005 22:26,287,365,01-08-2005 22:26,4.99,1
10808,01-08-2005 22:37,480,130,01-08-2005 22:37,1.99,0.5
10809,01-08-2005 22:39,340,258,01-08-2005 22:39,0.99,1
10810,01-08-2005 22:40,376,502,01-08-2005 22:40,3.99,1
10811,01-08-2005 22:41,209,873,01-08-2005 22:41,6.99,1
10812,01-08-2005 22:41,11,823,01-08-2005 22:41,4.99,0.5
10813,01-08-2005 22:43,456,783,01-08-2005 22:43,2.99,NULL
10814,01-08-2005 22:43,49,605,01-08-2005 22:43,2.99,NULL
10815,01-08-2005 22:46,62,193,01-08-2005 22:46,2.99,NULL
10816,01-08-2005 22:48,129,201,01-08-2005 22:48,4.99,1
10817,01-08-2005 22:51,501,672,01-08-2005 22:51,4.99,NULL
10818,01-08-2005 22:52,309,993,01-08-2005 22:52,2.99,NULL
10819,01-08-2005 22:52,308,219,01-08-2005 22:52,4.99,NULL
10820,01-08-2005 22:53,97,326,01-08-2005 22:53,2.99,NULL
10821,01-08-2005 22:54,522,438,01-08-2005 22:54,5.99,NULL
10822,01-08-2005 22:54,343,850,01-08-2005 22:54,0.99,NULL
10823,01-08-2005 22:59,405,730,01-08-2005 22:59,4.99,NULL
10824,01-08-2005 23:00,482,861,01-08-2005 23:00,4.99,NULL
10825,01-08-2005 23:05,587,958,01-08-2005 23:05,2.99,NULL
10826,01-08-2005 23:07,476,272,01-08-2005 23:07,6.99,NULL
10827,01-08-2005 23:13,46,349,01-08-2005 23:13,5.99,1
10828,01-08-2005 23:16,471,534,01-08-2005 23:16,3.99,NULL
10829,01-08-2005 23:17,554,37,01-08-2005 23:17,7.99,1
10830,01-08-2005 23:18,148,908,01-08-2005 23:18,6.99,NULL
10831,01-08-2005 23:22,78,327,01-08-2005 23:22,7.99,1
10832,01-08-2005 23:24,487,892,01-08-2005 23:24,6.99,1
10833,01-08-2005 23:25,422,957,01-08-2005 23:25,6.99,1
10834,01-08-2005 23:28,252,491,01-08-2005 23:28,2.99,NULL
10835,01-08-2005 23:28,90,78,01-08-2005 23:28,4.99,1
10836,01-08-2005 23:29,217,989,01-08-2005 23:29,6.99,1
10837,01-08-2005 23:30,410,395,01-08-2005 23:30,2.99,NULL
10838,01-08-2005 23:36,387,13,01-08-2005 23:36,4.99,NULL
10839,01-08-2005 23:37,482,628,01-08-2005 23:37,2.99,NULL
10840,01-08-2005 23:38,593,127,01-08-2005 23:38,5.99,NULL
10841,01-08-2005 23:39,102,945,01-08-2005 23:39,1.99,NULL
10842,01-08-2005 23:41,137,287,01-08-2005 23:41,5.99,NULL
10843,01-08-2005 23:43,192,284,01-08-2005 23:43,7.99,1
10844,01-08-2005 23:46,333,331,01-08-2005 23:46,4.99,NULL
10845,01-08-2005 23:47,42,600,01-08-2005 23:47,2.99,NULL
10846,01-08-2005 23:47,441,492,01-08-2005 23:47,1.99,NULL
10847,01-08-2005 23:49,280,267,01-08-2005 23:49,9.99,NULL
10848,01-08-2005 23:50,368,577,01-08-2005 23:50,1.99,0.5
10849,01-08-2005 23:51,278,367,01-08-2005 23:51,3.99,0.5
10850,01-08-2005 23:53,199,403,01-08-2005 23:53,8.99,1
10851,01-08-2005 23:58,154,300,01-08-2005 23:58,4.99,1
10852,02-08-2005 0:00,27,845,02-08-2005 0:00,4.99,NULL
10853,02-08-2005 0:00,41,589,02-08-2005 0:00,5.99,NULL
10854,02-08-2005 0:02,356,725,02-08-2005 0:02,4.99,1
10855,02-08-2005 0:06,274,301,02-08-2005 0:06,0.99,1
10856,02-08-2005 0:07,451,437,02-08-2005 0:07,2.99,NULL
10857,02-08-2005 0:07,360,649,02-08-2005 0:07,2.99,NULL
10858,02-08-2005 0:08,312,187,02-08-2005 0:08,2.99,NULL
10859,02-08-2005 0:11,375,61,02-08-2005 0:11,5.99,NULL
10860,02-08-2005 0:12,25,620,02-08-2005 0:12,2.99,NULL
10861,02-08-2005 0:12,131,467,02-08-2005 0:12,1.99,NULL
10862,02-08-2005 0:17,176,240,02-08-2005 0:17,2.99,NULL
10863,02-08-2005 0:18,161,259,02-08-2005 0:18,6.99,NULL
10864,02-08-2005 0:18,134,369,02-08-2005 0:18,6.99,0.5
10865,02-08-2005 0:22,201,326,02-08-2005 0:22,3.99,NULL
10866,02-08-2005 0:22,424,23,02-08-2005 0:22,2.99,1
10867,02-08-2005 0:24,473,564,02-08-2005 0:24,2.99,NULL
10868,02-08-2005 0:25,562,533,02-08-2005 0:25,6.99,NULL
10869,02-08-2005 0:26,568,650,02-08-2005 0:26,0.99,NULL
10870,02-08-2005 0:27,33,330,02-08-2005 0:27,4.99,NULL
10871,02-08-2005 0:27,75,21,02-08-2005 0:27,4.99,NULL
10872,02-08-2005 0:27,84,541,02-08-2005 0:27,2.99,NULL
10873,02-08-2005 0:30,506,37,02-08-2005 0:30,4.99,NULL
10874,02-08-2005 0:31,230,559,02-08-2005 0:31,2.99,NULL
10875,02-08-2005 0:31,175,189,02-08-2005 0:31,0.99,1
10876,02-08-2005 0:31,559,467,02-08-2005 0:31,0.99,0.5
10877,02-08-2005 0:32,487,734,02-08-2005 0:32,5.99,1
10878,02-08-2005 0:33,45,768,02-08-2005 0:33,6.99,NULL
10879,02-08-2005 0:33,334,965,02-08-2005 0:33,1.99,NULL
10880,02-08-2005 0:34,528,99,02-08-2005 0:34,2.99,NULL
10881,02-08-2005 0:38,253,170,02-08-2005 0:38,6.99,0.5
10882,02-08-2005 0:47,54,298,02-08-2005 0:47,5.99,0.5
10883,02-08-2005 0:47,301,1,02-08-2005 0:47,0.99,1
10884,02-08-2005 0:47,569,810,02-08-2005 0:47,0.99,1
10885,02-08-2005 0:51,493,918,02-08-2005 0:51,7.99,0.5
10886,02-08-2005 0:52,77,209,02-08-2005 0:52,2.99,1
10887,02-08-2005 0:52,573,756,02-08-2005 0:52,2.99,NULL
10888,02-08-2005 0:52,428,526,02-08-2005 0:52,2.99,1
10889,02-08-2005 0:54,64,455,02-08-2005 0:54,4.99,1
10890,02-08-2005 0:58,210,16,02-08-2005 0:58,4.99,NULL
10891,02-08-2005 1:09,201,281,02-08-2005 1:09,0.99,NULL
10892,02-08-2005 1:12,109,714,02-08-2005 1:12,3.99,NULL
10893,02-08-2005 1:12,306,555,02-08-2005 1:12,5.99,NULL
10894,02-08-2005 1:12,51,130,02-08-2005 1:12,0.99,NULL
10895,02-08-2005 1:16,77,19,02-08-2005 1:16,0.99,1
10896,02-08-2005 1:19,505,494,02-08-2005 1:19,2.99,NULL
10897,02-08-2005 1:23,338,66,02-08-2005 1:23,0.99,NULL
10898,02-08-2005 1:29,23,835,02-08-2005 1:29,2.99,NULL
10899,02-08-2005 1:30,29,189,02-08-2005 1:30,1.99,0.5
10900,02-08-2005 1:34,139,380,02-08-2005 1:34,2.99,NULL
10901,02-08-2005 1:35,290,835,02-08-2005 1:35,2.99,NULL
10902,02-08-2005 1:35,486,845,02-08-2005 1:35,4.99,NULL
10903,02-08-2005 1:41,547,592,02-08-2005 1:41,2.99,0.5
10904,02-08-2005 1:43,593,805,02-08-2005 1:43,4.99,NULL
10905,02-08-2005 1:45,439,621,02-08-2005 1:45,2.99,NULL
10906,02-08-2005 1:47,463,689,02-08-2005 1:47,2.99,NULL
10907,02-08-2005 1:51,561,313,02-08-2005 1:51,4.99,NULL
10908,02-08-2005 1:53,269,284,02-08-2005 1:53,4.99,NULL
10909,02-08-2005 1:53,413,770,02-08-2005 1:53,2.99,1
10910,02-08-2005 1:54,266,530,02-08-2005 1:54,5.99,NULL
10911,02-08-2005 1:58,195,167,02-08-2005 1:58,4.99,NULL
10912,02-08-2005 2:00,477,160,02-08-2005 2:00,0.99,NULL
10913,02-08-2005 2:04,565,744,02-08-2005 2:04,3.99,NULL
10914,02-08-2005 2:04,584,127,02-08-2005 2:04,4.99,NULL
10915,02-08-2005 2:05,418,998,02-08-2005 2:05,2.99,NULL
10916,02-08-2005 2:05,25,841,02-08-2005 2:05,2.99,NULL
10917,02-08-2005 2:06,378,691,02-08-2005 2:06,4.99,1
10918,02-08-2005 2:10,2,748,02-08-2005 2:10,0.99,NULL
10919,02-08-2005 2:11,115,191,02-08-2005 2:11,0.99,NULL
10920,02-08-2005 2:14,531,682,02-08-2005 2:14,4.99,0.5
10921,02-08-2005 2:14,555,395,02-08-2005 2:14,3.99,NULL
10922,02-08-2005 2:14,539,987,02-08-2005 2:14,3.99,NULL
10923,02-08-2005 2:15,239,571,02-08-2005 2:15,2.99,NULL
10924,02-08-2005 2:20,540,129,02-08-2005 2:20,8.99,NULL
10925,02-08-2005 2:24,98,322,02-08-2005 2:24,2.99,NULL
10926,02-08-2005 2:26,460,875,02-08-2005 2:26,1.99,NULL
10927,02-08-2005 2:31,288,897,02-08-2005 2:31,9.99,NULL
10928,02-08-2005 2:34,211,633,02-08-2005 2:34,4.99,1
10929,02-08-2005 2:35,305,203,02-08-2005 2:35,4.99,NULL
10930,02-08-2005 2:38,206,441,02-08-2005 2:38,3.99,1
10931,02-08-2005 2:44,545,720,02-08-2005 2:44,2.99,NULL
10932,02-08-2005 2:46,595,368,02-08-2005 2:46,2.99,1
10933,02-08-2005 2:50,313,865,02-08-2005 2:50,7.99,1
10934,02-08-2005 2:52,142,973,02-08-2005 2:52,5.99,NULL
10935,02-08-2005 2:54,42,953,02-08-2005 2:54,5.99,NULL
10936,02-08-2005 2:55,445,102,02-08-2005 2:55,9.99,NULL
10937,02-08-2005 3:00,416,292,02-08-2005 3:00,6.99,NULL
10938,02-08-2005 3:05,502,855,02-08-2005 3:05,0.99,1
10939,02-08-2005 3:06,161,461,02-08-2005 3:06,0.99,NULL
10940,02-08-2005 3:08,120,823,02-08-2005 3:08,3.99,NULL
10941,02-08-2005 3:11,531,461,02-08-2005 3:11,5.99,0.5
10942,02-08-2005 3:16,78,501,02-08-2005 3:16,10.99,1
10943,02-08-2005 3:17,377,231,02-08-2005 3:17,2.99,0.5
10944,02-08-2005 3:20,470,518,02-08-2005 3:20,4.99,NULL
10945,02-08-2005 3:20,532,806,02-08-2005 3:20,5.99,1
10946,02-08-2005 3:20,56,929,02-08-2005 3:20,4.99,NULL
10947,02-08-2005 3:23,500,551,02-08-2005 3:23,6.99,NULL
10948,02-08-2005 3:23,220,968,02-08-2005 3:23,4.99,NULL
10949,02-08-2005 3:24,389,502,02-08-2005 3:24,2.99,1
10950,02-08-2005 3:25,451,154,02-08-2005 3:25,2.99,NULL
10951,02-08-2005 3:26,144,37,02-08-2005 3:26,4.99,NULL
10952,02-08-2005 3:28,111,707,02-08-2005 3:28,4.99,NULL
10953,02-08-2005 3:28,483,330,02-08-2005 3:28,6.99,0.5
10954,02-08-2005 3:30,20,747,02-08-2005 3:30,1.99,NULL
10955,02-08-2005 3:32,490,134,02-08-2005 3:32,7.99,NULL
10956,02-08-2005 3:33,54,953,02-08-2005 3:33,4.99,0.5
10957,02-08-2005 3:33,447,361,02-08-2005 3:33,5.99,1
10958,02-08-2005 3:37,160,469,02-08-2005 3:37,4.99,1
10959,02-08-2005 3:39,431,920,02-08-2005 3:39,6.99,NULL
10960,02-08-2005 3:46,399,773,02-08-2005 3:46,5.99,NULL
10961,02-08-2005 3:47,375,310,02-08-2005 3:47,6.99,NULL
10962,02-08-2005 3:48,538,426,02-08-2005 3:48,4.99,1
10963,02-08-2005 3:48,36,982,02-08-2005 3:48,0.99,0.5
10964,02-08-2005 3:56,36,512,02-08-2005 3:56,6.99,0.5
10965,02-08-2005 4:00,580,474,02-08-2005 4:00,3.99,NULL
10966,02-08-2005 4:00,584,105,02-08-2005 4:00,0.99,NULL
10967,02-08-2005 4:02,149,149,02-08-2005 4:02,0.99,NULL
10968,02-08-2005 4:03,234,197,02-08-2005 4:03,7.99,NULL
10969,02-08-2005 4:04,244,413,02-08-2005 4:04,2.99,NULL
10970,02-08-2005 4:06,260,267,02-08-2005 4:06,8.99,1
10971,02-08-2005 4:08,383,611,02-08-2005 4:08,4.99,NULL
10972,02-08-2005 4:08,348,418,02-08-2005 4:08,2.99,NULL
10973,02-08-2005 4:09,127,778,02-08-2005 4:09,7.99,1
10974,02-08-2005 4:10,491,151,02-08-2005 4:10,6.99,0.5
10975,02-08-2005 4:11,361,574,02-08-2005 4:11,0.99,NULL
10976,02-08-2005 4:11,326,527,02-08-2005 4:11,4.99,NULL
10977,02-08-2005 4:12,300,500,02-08-2005 4:12,4.99,1
10978,02-08-2005 4:12,487,350,02-08-2005 4:12,9.99,1
10979,02-08-2005 4:16,160,575,02-08-2005 4:16,5.99,1
10980,02-08-2005 4:17,547,31,02-08-2005 4:17,4.99,0.5
10981,02-08-2005 4:17,305,809,02-08-2005 4:17,2.99,NULL
10982,02-08-2005 4:19,345,551,02-08-2005 4:19,4.99,NULL
10983,02-08-2005 4:24,380,982,02-08-2005 4:24,3.99,NULL
10984,02-08-2005 4:30,450,394,02-08-2005 4:30,3.99,NULL
10985,02-08-2005 4:30,186,600,02-08-2005 4:30,0.99,1
10986,02-08-2005 4:35,597,121,02-08-2005 4:35,5.99,NULL
10987,02-08-2005 4:36,349,215,02-08-2005 4:36,4.99,NULL
10988,02-08-2005 4:38,509,255,02-08-2005 4:38,5.99,1
10989,02-08-2005 4:40,7,491,02-08-2005 4:40,3.99,NULL
10990,02-08-2005 4:41,111,58,02-08-2005 4:41,4.99,NULL
10991,02-08-2005 4:41,77,625,02-08-2005 4:41,0.99,1
10992,02-08-2005 4:41,180,2,02-08-2005 4:41,8.99,NULL
10993,02-08-2005 4:45,383,66,02-08-2005 4:45,0.99,NULL
10994,02-08-2005 4:46,323,140,02-08-2005 4:46,3.99,NULL
10995,02-08-2005 4:48,340,635,02-08-2005 4:48,0.99,1
10996,02-08-2005 4:48,26,483,02-08-2005 4:48,3.99,NULL
10997,02-08-2005 4:49,334,68,02-08-2005 4:49,7.99,NULL
10998,02-08-2005 4:50,435,323,02-08-2005 4:50,6.99,1
10999,02-08-2005 4:53,227,438,02-08-2005 4:53,3.99,NULL
11000,02-08-2005 4:56,265,59,02-08-2005 4:56,3.99,NULL
11001,02-08-2005 4:56,5,810,02-08-2005 4:56,4.99,NULL
11002,02-08-2005 5:02,583,676,02-08-2005 5:02,4.99,NULL
11003,02-08-2005 5:03,272,937,02-08-2005 5:03,2.99,1
11004,02-08-2005 5:04,45,44,02-08-2005 5:04,8.99,NULL
11005,02-08-2005 5:05,216,339,02-08-2005 5:05,0.99,1
11006,02-08-2005 5:05,473,609,02-08-2005 5:05,2.99,NULL
11007,02-08-2005 5:05,98,907,02-08-2005 5:05,0.99,NULL
11008,02-08-2005 5:06,375,621,02-08-2005 5:06,5.99,NULL
11009,02-08-2005 5:06,596,563,02-08-2005 5:06,4.99,NULL
11010,02-08-2005 5:06,326,191,02-08-2005 5:06,0.99,NULL
11011,02-08-2005 5:07,256,868,02-08-2005 5:07,2.99,NULL
11012,02-08-2005 5:09,162,118,02-08-2005 5:09,0.99,NULL
11013,02-08-2005 5:10,527,656,02-08-2005 5:10,5.99,NULL
11014,02-08-2005 5:12,269,86,02-08-2005 5:12,4.99,NULL
11015,02-08-2005 5:13,138,944,02-08-2005 5:13,4.99,1
11016,02-08-2005 5:19,116,972,02-08-2005 5:19,4.99,NULL
11017,02-08-2005 5:19,480,899,02-08-2005 5:19,0.99,0.5
11018,02-08-2005 5:27,197,655,02-08-2005 5:27,4.99,1
11019,02-08-2005 5:29,112,709,02-08-2005 5:29,2.99,NULL
11020,02-08-2005 5:29,242,358,02-08-2005 5:29,0.99,1
11021,02-08-2005 5:30,385,449,02-08-2005 5:30,2.99,0.5
11022,02-08-2005 5:35,206,181,02-08-2005 5:35,2.99,1
11023,02-08-2005 5:36,6,790,02-08-2005 5:36,2.99,NULL
11024,02-08-2005 5:38,427,494,02-08-2005 5:38,5.99,1
11025,02-08-2005 5:39,419,487,02-08-2005 5:39,4.99,1
11026,02-08-2005 5:46,531,777,02-08-2005 5:46,4.99,0.5
11027,02-08-2005 5:47,412,123,02-08-2005 5:47,4.99,1
11028,02-08-2005 5:48,66,606,02-08-2005 5:48,5.99,NULL
11029,02-08-2005 5:51,45,229,02-08-2005 5:51,4.99,NULL
11030,02-08-2005 5:51,569,314,02-08-2005 5:51,1.99,1
11031,02-08-2005 5:52,361,267,02-08-2005 5:52,5.99,NULL
11032,02-08-2005 5:53,359,248,02-08-2005 5:53,4.99,NULL
11033,02-08-2005 5:54,155,731,02-08-2005 5:54,4.99,NULL
11034,02-08-2005 5:54,586,645,02-08-2005 5:54,2.99,NULL
11035,02-08-2005 5:55,305,827,02-08-2005 5:55,5.99,NULL
11036,02-08-2005 5:56,502,446,02-08-2005 5:56,4.99,1
11037,02-08-2005 5:58,220,935,02-08-2005 5:58,0.99,NULL
11038,02-08-2005 5:59,403,973,02-08-2005 5:59,7.99,1
11039,02-08-2005 6:00,170,119,02-08-2005 6:00,0.99,1
11040,02-08-2005 6:03,223,500,02-08-2005 6:03,4.99,NULL
11041,02-08-2005 6:03,435,413,02-08-2005 6:03,2.99,1
11042,02-08-2005 6:04,439,901,02-08-2005 6:04,6.99,NULL
11043,02-08-2005 6:04,573,12,02-08-2005 6:04,0.99,NULL
11044,02-08-2005 6:05,122,643,02-08-2005 6:05,3.99,NULL
11045,02-08-2005 6:07,402,479,02-08-2005 6:07,0.99,NULL
11046,02-08-2005 6:08,526,456,02-08-2005 6:08,4.99,NULL
11047,02-08-2005 6:09,416,489,02-08-2005 6:09,5.99,NULL
11048,02-08-2005 6:15,491,45,02-08-2005 6:15,4.99,0.5
11049,02-08-2005 6:15,38,948,02-08-2005 6:15,3.99,NULL
11050,02-08-2005 6:17,234,450,02-08-2005 6:17,4.99,NULL
11051,02-08-2005 6:23,446,912,02-08-2005 6:23,3.99,1
11052,02-08-2005 6:26,331,243,02-08-2005 6:26,5.99,NULL
11053,02-08-2005 6:27,50,571,02-08-2005 6:27,3.99,NULL
11054,02-08-2005 6:33,577,159,02-08-2005 6:33,7.99,NULL
11055,02-08-2005 6:36,182,843,02-08-2005 6:36,4.99,NULL
11056,02-08-2005 6:36,88,307,02-08-2005 6:36,6.99,NULL
11057,02-08-2005 6:38,137,690,02-08-2005 6:38,4.99,NULL
11058,02-08-2005 6:38,274,720,02-08-2005 6:38,3.99,1
11059,02-08-2005 6:41,189,95,02-08-2005 6:41,6.99,NULL
11060,02-08-2005 6:48,496,745,02-08-2005 6:48,7.99,1
11061,02-08-2005 6:50,245,176,02-08-2005 6:50,0.99,NULL
11062,02-08-2005 6:52,346,438,02-08-2005 6:52,4.99,1
11063,02-08-2005 6:53,461,489,02-08-2005 6:53,0.99,NULL
11064,02-08-2005 6:55,338,661,02-08-2005 6:55,4.99,NULL
11065,02-08-2005 6:57,357,481,02-08-2005 6:57,2.99,NULL
11066,02-08-2005 6:58,373,916,02-08-2005 6:58,7.99,NULL
11067,02-08-2005 7:03,85,215,02-08-2005 7:03,8.99,NULL
11068,02-08-2005 7:08,52,280,02-08-2005 7:08,0.99,NULL
11069,02-08-2005 7:09,4,11,02-08-2005 7:09,0.99,NULL
11070,02-08-2005 7:10,298,875,02-08-2005 7:10,0.99,NULL
11071,02-08-2005 7:10,294,927,02-08-2005 7:10,2.99,NULL
11072,02-08-2005 7:10,21,677,02-08-2005 7:10,0.99,0.5
11073,02-08-2005 7:13,234,920,02-08-2005 7:13,0.99,NULL
11074,02-08-2005 7:21,277,314,02-08-2005 7:21,3.99,NULL
11075,02-08-2005 7:24,503,664,02-08-2005 7:24,2.99,0.5
11076,02-08-2005 7:24,211,183,02-08-2005 7:24,8.99,1
11077,02-08-2005 7:26,158,925,02-08-2005 7:26,4.99,NULL
11078,02-08-2005 7:26,587,514,02-08-2005 7:26,2.99,NULL
11079,02-08-2005 7:29,29,698,02-08-2005 7:29,4.99,0.5
11080,02-08-2005 7:29,571,937,02-08-2005 7:29,2.99,NULL
11081,02-08-2005 7:30,513,833,02-08-2005 7:30,2.99,NULL
11082,02-08-2005 7:30,190,666,02-08-2005 7:30,5.99,NULL
11083,02-08-2005 7:32,295,961,02-08-2005 7:32,4.99,1
11084,02-08-2005 7:34,369,7,02-08-2005 7:34,4.99,NULL
11085,02-08-2005 7:36,276,705,02-08-2005 7:36,2.99,NULL
11086,02-08-2005 7:38,371,120,02-08-2005 7:38,10.99,NULL
11087,02-08-2005 7:41,2,142,02-08-2005 7:41,5.99,NULL
11088,02-08-2005 7:48,138,601,02-08-2005 7:48,0.99,1
11089,02-08-2005 7:52,421,181,02-08-2005 7:52,2.99,1
11090,02-08-2005 7:56,89,602,02-08-2005 7:56,3.99,NULL
11091,02-08-2005 7:56,423,362,02-08-2005 7:56,2.99,0.5
11092,02-08-2005 7:58,60,123,02-08-2005 7:58,4.99,1
11093,02-08-2005 7:59,82,54,02-08-2005 7:59,4.99,NULL
11094,02-08-2005 8:03,18,680,02-08-2005 8:03,4.99,NULL
11095,02-08-2005 8:03,278,770,02-08-2005 8:03,5.99,0.5
11096,02-08-2005 8:05,34,314,02-08-2005 8:05,0.99,0.5
11097,02-08-2005 8:05,575,546,02-08-2005 8:05,3.99,NULL
11098,02-08-2005 8:06,570,34,02-08-2005 8:06,3.99,NULL
11099,02-08-2005 8:07,102,316,02-08-2005 8:07,4.99,NULL
11100,02-08-2005 8:08,65,668,02-08-2005 8:08,5.99,NULL
11101,02-08-2005 8:08,80,575,02-08-2005 8:08,5.99,NULL
11102,02-08-2005 8:08,73,683,02-08-2005 8:08,4.99,NULL
11103,02-08-2005 8:09,158,409,02-08-2005 8:09,6.99,NULL
11104,02-08-2005 8:09,196,667,02-08-2005 8:09,2.99,NULL
11105,02-08-2005 8:13,245,696,02-08-2005 8:13,0.99,NULL
11106,02-08-2005 8:17,287,501,02-08-2005 8:17,4.99,1
11107,02-08-2005 8:19,410,479,02-08-2005 8:19,0.99,NULL
11108,02-08-2005 8:20,447,122,02-08-2005 8:20,0.99,1
11109,02-08-2005 8:20,479,589,02-08-2005 8:20,4.99,NULL
11110,02-08-2005 8:20,4,939,02-08-2005 8:20,2.99,NULL
11111,02-08-2005 8:21,378,74,02-08-2005 8:21,4.99,1
11112,02-08-2005 8:25,207,116,02-08-2005 8:25,2.99,NULL
11113,02-08-2005 8:26,231,361,02-08-2005 8:26,2.99,1
11114,02-08-2005 8:26,572,282,02-08-2005 8:26,0.99,NULL
11115,02-08-2005 8:31,408,835,02-08-2005 8:31,2.99,NULL
11116,02-08-2005 8:34,344,96,02-08-2005 8:34,5.99,NULL
11117,02-08-2005 8:36,474,352,02-08-2005 8:36,0.99,NULL
11118,02-08-2005 8:44,15,526,02-08-2005 8:44,2.99,1
11119,02-08-2005 8:44,489,938,02-08-2005 8:44,9.99,0.5
11120,02-08-2005 8:47,322,911,02-08-2005 8:47,4.99,NULL
11121,02-08-2005 8:48,572,229,02-08-2005 8:48,4.99,NULL
11122,02-08-2005 8:49,383,663,02-08-2005 8:49,0.99,NULL
11123,02-08-2005 8:54,150,418,02-08-2005 8:54,2.99,NULL
11124,02-08-2005 8:55,249,153,02-08-2005 8:55,1.99,1
11125,02-08-2005 8:55,237,451,02-08-2005 8:55,4.99,NULL
11126,02-08-2005 8:59,47,728,02-08-2005 8:59,0.99,1
11127,02-08-2005 9:00,351,245,02-08-2005 9:00,0.99,1
11128,02-08-2005 9:03,386,761,02-08-2005 9:03,2.99,NULL
11129,02-08-2005 9:08,566,5,02-08-2005 9:08,2.99,0.5
11130,02-08-2005 9:08,329,150,02-08-2005 9:08,2.99,0.5
11131,02-08-2005 9:10,293,406,02-08-2005 9:10,1.99,NULL
11132,02-08-2005 9:14,398,478,02-08-2005 9:14,4.99,1
11133,02-08-2005 9:15,120,147,02-08-2005 9:15,0.99,NULL
11134,02-08-2005 9:19,372,579,02-08-2005 9:19,10.99,NULL
11135,02-08-2005 9:22,32,174,02-08-2005 9:22,4.99,1
11136,02-08-2005 9:22,559,291,02-08-2005 9:22,1.99,0.5
11137,02-08-2005 9:25,310,549,02-08-2005 9:25,2.99,1
11138,02-08-2005 9:26,458,924,02-08-2005 9:26,2.99,NULL
11139,02-08-2005 9:27,236,227,02-08-2005 9:27,6.99,NULL
11140,02-08-2005 9:27,132,840,02-08-2005 9:27,0.99,NULL
11141,02-08-2005 9:29,15,353,02-08-2005 9:29,2.99,1
11142,02-08-2005 9:30,306,648,02-08-2005 9:30,4.99,NULL
11143,02-08-2005 9:32,100,743,02-08-2005 9:32,0.99,1
11144,02-08-2005 9:39,376,597,02-08-2005 9:39,4.99,1
11145,02-08-2005 9:43,291,281,02-08-2005 9:43,0.99,NULL
11146,02-08-2005 9:45,552,545,02-08-2005 9:45,1.99,1
11147,02-08-2005 9:45,597,342,02-08-2005 9:45,4.99,NULL
11148,02-08-2005 9:47,230,655,02-08-2005 9:47,5.99,NULL
11149,02-08-2005 9:51,358,716,02-08-2005 9:51,5.99,1
11150,02-08-2005 9:51,527,474,02-08-2005 9:51,2.99,NULL
11151,02-08-2005 9:52,391,859,02-08-2005 9:52,4.99,0.5
11152,02-08-2005 9:53,494,849,02-08-2005 9:53,3.99,NULL
11153,02-08-2005 9:54,220,339,02-08-2005 9:54,3.99,NULL
11154,02-08-2005 9:54,160,152,02-08-2005 9:54,2.99,1
11155,02-08-2005 9:55,73,436,02-08-2005 9:55,0.99,NULL
11156,02-08-2005 9:56,465,201,02-08-2005 9:56,2.99,NULL
11157,02-08-2005 9:58,244,290,02-08-2005 9:58,0.99,NULL
11158,02-08-2005 9:58,190,116,02-08-2005 9:58,6.99,NULL
11159,02-08-2005 10:00,249,1000,02-08-2005 10:00,4.99,1
11160,02-08-2005 10:05,436,717,02-08-2005 10:05,0.99,NULL
11161,02-08-2005 10:05,503,730,02-08-2005 10:05,1.99,0.5
11162,02-08-2005 10:07,277,392,02-08-2005 10:07,4.99,NULL
11163,02-08-2005 10:08,505,418,02-08-2005 10:08,0.99,NULL
11164,02-08-2005 10:10,580,972,02-08-2005 10:10,8.99,NULL
11165,02-08-2005 10:12,513,447,02-08-2005 10:12,2.99,NULL
11166,02-08-2005 10:14,11,139,02-08-2005 10:14,6.99,0.5
11167,02-08-2005 10:15,451,31,02-08-2005 10:15,6.99,NULL
11168,02-08-2005 10:19,555,103,02-08-2005 10:19,4.99,NULL
11169,02-08-2005 10:19,329,522,02-08-2005 10:19,3.99,0.5
11170,02-08-2005 10:21,547,294,02-08-2005 10:21,5.99,0.5
11171,02-08-2005 10:23,339,685,02-08-2005 10:23,4.99,1
11172,02-08-2005 10:27,76,268,02-08-2005 10:27,7.99,NULL
11173,02-08-2005 10:28,146,936,02-08-2005 10:28,7.99,NULL
11174,02-08-2005 10:32,328,341,02-08-2005 10:32,2.99,NULL
11175,02-08-2005 10:38,164,17,02-08-2005 10:38,2.99,0.5
11176,02-08-2005 10:39,37,317,02-08-2005 10:39,3.99,1
11177,02-08-2005 10:43,2,254,02-08-2005 10:43,6.99,NULL
11178,02-08-2005 10:48,342,573,02-08-2005 10:48,2.99,1
11179,02-08-2005 10:50,5,956,02-08-2005 10:50,4.99,NULL
11180,02-08-2005 10:54,534,793,02-08-2005 10:54,5.99,1
11181,02-08-2005 10:55,557,687,02-08-2005 10:55,0.99,NULL
11182,02-08-2005 10:55,54,131,02-08-2005 10:55,4.99,0.5
11183,02-08-2005 11:00,102,182,02-08-2005 11:00,4.99,NULL
11184,02-08-2005 11:01,259,191,02-08-2005 11:01,3.99,1
11185,02-08-2005 11:04,469,270,02-08-2005 11:04,0.99,NULL
11186,02-08-2005 11:12,353,160,02-08-2005 11:12,0.99,NULL
11187,02-08-2005 11:16,410,791,02-08-2005 11:16,10.99,NULL
11188,02-08-2005 11:17,485,302,02-08-2005 11:17,3.99,1
11189,02-08-2005 11:17,565,159,02-08-2005 11:17,6.99,NULL
11190,02-08-2005 11:21,254,205,02-08-2005 11:21,0.99,1
11191,02-08-2005 11:24,571,244,02-08-2005 11:24,7.99,NULL
11192,02-08-2005 11:29,349,435,02-08-2005 11:29,4.99,NULL
11193,02-08-2005 11:31,292,486,02-08-2005 11:31,4.99,NULL
11194,02-08-2005 11:35,135,599,02-08-2005 11:35,5.99,1
11195,02-08-2005 11:42,177,951,02-08-2005 11:42,0.99,NULL
11196,02-08-2005 11:42,126,580,02-08-2005 11:42,9.99,1
11197,02-08-2005 11:45,122,667,02-08-2005 11:45,2.99,NULL
11198,02-08-2005 11:45,540,638,02-08-2005 11:45,3.99,NULL
11199,02-08-2005 11:47,578,856,02-08-2005 11:47,7.99,NULL
11200,02-08-2005 11:48,98,599,02-08-2005 11:48,2.99,NULL
11201,02-08-2005 11:49,195,329,02-08-2005 11:49,7.99,NULL
11202,02-08-2005 11:51,231,791,02-08-2005 11:51,7.99,1
11203,02-08-2005 11:52,92,986,02-08-2005 11:52,4.99,1
11204,02-08-2005 11:56,247,783,02-08-2005 11:56,2.99,NULL
11205,02-08-2005 11:56,552,941,02-08-2005 11:56,4.99,1
11206,02-08-2005 11:58,72,897,02-08-2005 11:58,6.99,NULL
11207,02-08-2005 12:01,481,976,02-08-2005 12:01,0.99,NULL
11208,02-08-2005 12:02,320,997,02-08-2005 12:02,0.99,NULL
11209,02-08-2005 12:09,24,707,02-08-2005 12:09,2.99,NULL
11210,02-08-2005 12:15,202,92,02-08-2005 12:15,4.99,1
11211,02-08-2005 12:16,245,376,02-08-2005 12:16,0.99,NULL
11212,02-08-2005 12:18,343,873,02-08-2005 12:18,0.99,NULL
11213,02-08-2005 12:18,584,226,02-08-2005 12:18,4.99,NULL
11214,02-08-2005 12:19,407,597,02-08-2005 12:19,8.99,NULL
11215,02-08-2005 12:20,197,84,02-08-2005 12:20,4.99,1
11216,02-08-2005 12:23,473,246,02-08-2005 12:23,4.99,NULL
11217,02-08-2005 12:26,417,267,02-08-2005 12:26,7.99,NULL
11218,02-08-2005 12:29,500,249,02-08-2005 12:29,1.99,NULL
11219,02-08-2005 12:30,461,634,02-08-2005 12:30,0.99,NULL
11220,02-08-2005 12:31,84,827,02-08-2005 12:31,4.99,NULL
11221,02-08-2005 12:32,146,368,02-08-2005 12:32,2.99,NULL
11222,02-08-2005 12:32,407,387,02-08-2005 12:32,2.99,NULL
11223,02-08-2005 12:34,597,434,02-08-2005 12:34,2.99,NULL
11224,02-08-2005 12:40,181,858,02-08-2005 12:40,4.99,NULL
11225,02-08-2005 12:43,159,814,02-08-2005 12:43,4.99,NULL
11226,02-08-2005 12:47,282,16,02-08-2005 12:47,2.99,NULL
11227,02-08-2005 12:48,65,244,02-08-2005 12:48,8.99,NULL
11228,02-08-2005 12:55,144,561,02-08-2005 12:55,2.99,NULL
11229,02-08-2005 12:56,332,209,02-08-2005 12:56,5.99,0.5
11230,02-08-2005 12:59,257,320,02-08-2005 12:59,4.99,NULL
11231,02-08-2005 13:02,90,244,02-08-2005 13:02,4.99,1
11232,02-08-2005 13:04,8,216,02-08-2005 13:04,9.99,NULL
11233,02-08-2005 13:06,266,480,02-08-2005 13:06,5.99,NULL
11234,02-08-2005 13:12,27,228,02-08-2005 13:12,0.99,NULL
11235,02-08-2005 13:13,127,549,02-08-2005 13:13,0.99,1
11236,02-08-2005 13:17,420,30,02-08-2005 13:17,5.99,NULL
11237,02-08-2005 13:24,426,586,02-08-2005 13:24,0.99,1
11238,02-08-2005 13:25,506,594,02-08-2005 13:25,0.99,NULL
11239,02-08-2005 13:27,111,43,02-08-2005 13:27,2.99,NULL
11240,02-08-2005 13:28,597,468,02-08-2005 13:28,2.99,NULL
11241,02-08-2005 13:29,543,798,02-08-2005 13:29,9.99,NULL
11242,02-08-2005 13:32,434,232,02-08-2005 13:32,3.99,NULL
11243,02-08-2005 13:32,361,553,02-08-2005 13:32,5.99,NULL
11244,02-08-2005 13:33,142,750,02-08-2005 13:33,5.99,NULL
11245,02-08-2005 13:33,92,572,02-08-2005 13:33,2.99,1
11246,02-08-2005 13:33,550,782,02-08-2005 13:33,2.99,1
11247,02-08-2005 13:34,441,363,02-08-2005 13:34,1.99,NULL
11248,02-08-2005 13:35,312,899,02-08-2005 13:35,0.99,NULL
11249,02-08-2005 13:35,157,745,02-08-2005 13:35,4.99,NULL
11250,02-08-2005 13:35,279,481,02-08-2005 13:35,6.99,0.5
11251,02-08-2005 13:40,532,471,02-08-2005 13:40,2.99,1
11252,02-08-2005 13:42,337,526,02-08-2005 13:42,2.99,0.5
11253,02-08-2005 13:42,303,637,02-08-2005 13:42,4.99,NULL
11254,02-08-2005 13:43,315,11,02-08-2005 13:43,0.99,NULL
11255,02-08-2005 13:44,569,745,02-08-2005 13:44,4.99,1
11256,02-08-2005 13:44,2,447,02-08-2005 13:44,2.99,NULL
11257,02-08-2005 13:45,468,21,02-08-2005 13:45,10.99,1
11258,02-08-2005 13:45,242,346,02-08-2005 13:45,4.99,1
11259,02-08-2005 13:46,330,199,02-08-2005 13:46,3.99,NULL
11260,02-08-2005 13:52,207,875,02-08-2005 13:52,0.99,NULL
11261,02-08-2005 13:54,204,6,02-08-2005 13:54,7.99,0.5
11262,02-08-2005 13:58,348,15,02-08-2005 13:58,2.99,NULL
11263,02-08-2005 14:02,421,265,02-08-2005 14:02,4.99,1
11264,02-08-2005 14:05,360,749,02-08-2005 14:05,6.99,NULL
11265,02-08-2005 14:05,531,846,02-08-2005 14:05,10.99,0.5
11266,02-08-2005 14:07,99,865,02-08-2005 14:07,4.99,NULL
11267,02-08-2005 14:09,244,444,02-08-2005 14:09,9.99,NULL
11268,02-08-2005 14:10,558,722,02-08-2005 14:10,0.99,NULL
11269,02-08-2005 14:11,297,524,02-08-2005 14:11,0.99,1
11270,02-08-2005 14:18,418,410,02-08-2005 14:18,2.99,NULL
11271,02-08-2005 14:18,93,941,02-08-2005 14:18,5.99,1
11272,02-08-2005 14:20,158,894,02-08-2005 14:20,0.99,NULL
11273,02-08-2005 14:20,541,743,02-08-2005 14:20,0.99,NULL
11274,02-08-2005 14:24,70,277,02-08-2005 14:24,9.99,NULL
11275,02-08-2005 14:25,464,623,02-08-2005 14:25,1.99,NULL
11276,02-08-2005 14:28,190,919,02-08-2005 14:28,4.99,NULL
11277,02-08-2005 14:28,68,445,02-08-2005 14:28,2.99,1
11278,02-08-2005 14:29,143,214,02-08-2005 14:29,6.99,0.5
11279,02-08-2005 14:30,125,31,02-08-2005 14:30,7.99,NULL
11280,02-08-2005 14:34,134,402,02-08-2005 14:34,3.99,0.5
11281,02-08-2005 14:35,137,478,02-08-2005 14:35,3.99,NULL
11282,02-08-2005 14:35,273,396,02-08-2005 14:35,4.99,NULL
11283,02-08-2005 14:39,134,70,02-08-2005 14:39,4.99,0.5
11284,02-08-2005 14:42,8,37,02-08-2005 14:42,2.99,NULL
11285,02-08-2005 14:44,585,843,02-08-2005 14:44,9.99,NULL
11286,02-08-2005 14:44,207,292,02-08-2005 14:44,5.99,NULL
11287,02-08-2005 14:49,55,206,02-08-2005 14:49,1.99,1
11288,02-08-2005 14:54,298,323,02-08-2005 14:54,6.99,NULL
11289,02-08-2005 14:55,10,629,02-08-2005 14:55,2.99,0.5
11290,02-08-2005 14:57,582,93,02-08-2005 14:57,7.99,NULL
11291,02-08-2005 14:57,417,109,02-08-2005 14:57,6.99,NULL
11292,02-08-2005 14:58,13,47,02-08-2005 14:58,4.99,0.5
11293,02-08-2005 15:00,475,331,02-08-2005 15:00,5.99,NULL
11294,02-08-2005 15:08,411,188,02-08-2005 15:08,2.99,NULL
11295,02-08-2005 15:10,67,93,02-08-2005 15:10,8.99,1
11296,02-08-2005 15:15,154,55,02-08-2005 15:15,5.99,1
11297,02-08-2005 15:22,62,555,02-08-2005 15:22,5.99,NULL
11298,02-08-2005 15:32,35,363,02-08-2005 15:32,1.99,NULL
11299,02-08-2005 15:36,1,709,02-08-2005 15:36,3.99,0.5
11300,02-08-2005 15:37,552,665,02-08-2005 15:37,7.99,1
11301,02-08-2005 15:37,502,147,02-08-2005 15:37,0.99,1
11302,02-08-2005 15:38,51,417,02-08-2005 15:38,2.99,NULL
11303,02-08-2005 15:39,417,395,02-08-2005 15:39,0.99,NULL
11304,02-08-2005 15:40,413,569,02-08-2005 15:40,2.99,1
11305,02-08-2005 15:44,341,369,02-08-2005 15:44,6.99,NULL
11306,02-08-2005 15:45,247,3,02-08-2005 15:45,2.99,NULL
11307,02-08-2005 15:48,15,326,02-08-2005 15:48,2.99,1
11308,02-08-2005 15:50,16,153,02-08-2005 15:50,0.99,NULL
11309,02-08-2005 15:50,275,132,02-08-2005 15:50,1.99,NULL
11310,02-08-2005 15:51,415,787,02-08-2005 15:51,1.99,NULL
11311,02-08-2005 15:53,197,45,02-08-2005 15:53,4.99,1
11312,02-08-2005 15:56,190,243,02-08-2005 15:56,6.99,NULL
11313,02-08-2005 16:02,419,590,02-08-2005 16:02,2.99,1
11314,02-08-2005 16:04,26,612,02-08-2005 16:04,2.99,NULL
11315,02-08-2005 16:05,13,247,02-08-2005 16:05,0.99,0.5
11316,02-08-2005 16:07,108,115,02-08-2005 16:07,5.99,NULL
11317,02-08-2005 16:08,502,412,02-08-2005 16:08,4.99,1
11318,02-08-2005 16:09,532,521,02-08-2005 16:09,4.99,1
11319,02-08-2005 16:10,178,887,02-08-2005 16:10,6.99,1
11320,02-08-2005 16:13,550,738,02-08-2005 16:13,0.99,1
11321,02-08-2005 16:15,266,45,02-08-2005 16:15,4.99,NULL
11322,02-08-2005 16:23,418,166,02-08-2005 16:23,3.99,NULL
11323,02-08-2005 16:29,419,828,02-08-2005 16:29,2.99,1
11324,02-08-2005 16:31,540,637,02-08-2005 16:31,4.99,NULL
11325,02-08-2005 16:33,422,985,02-08-2005 16:33,6.99,1
11326,02-08-2005 16:34,530,382,02-08-2005 16:34,0.99,NULL
11327,02-08-2005 16:40,361,169,02-08-2005 16:40,2.99,NULL
11328,02-08-2005 16:42,219,442,02-08-2005 16:42,2.99,NULL
11329,02-08-2005 16:42,399,587,02-08-2005 16:42,4.99,NULL
11330,02-08-2005 16:45,75,942,02-08-2005 16:45,0.99,NULL
11331,02-08-2005 16:49,568,829,02-08-2005 16:49,2.99,NULL
11332,02-08-2005 16:52,467,519,02-08-2005 16:52,2.99,NULL
11333,02-08-2005 16:53,225,733,02-08-2005 16:53,1.99,1
11334,02-08-2005 16:53,560,329,02-08-2005 16:53,7.99,NULL
11335,02-08-2005 16:57,157,650,02-08-2005 16:57,4.99,NULL
11336,02-08-2005 16:58,473,424,02-08-2005 16:58,0.99,NULL
11337,02-08-2005 16:59,366,752,02-08-2005 16:59,2.99,0.5
11338,02-08-2005 17:00,26,807,02-08-2005 17:00,0.99,NULL
11339,02-08-2005 17:02,263,154,02-08-2005 17:02,2.99,NULL
11340,02-08-2005 17:05,366,307,02-08-2005 17:05,5.99,0.5
11341,02-08-2005 17:09,15,784,02-08-2005 17:09,2.99,1
11342,02-08-2005 17:11,179,924,02-08-2005 17:11,0.99,1
11343,02-08-2005 17:12,466,122,02-08-2005 17:12,0.99,1
11344,02-08-2005 17:13,38,80,02-08-2005 17:13,2.99,NULL
11345,02-08-2005 17:14,405,412,02-08-2005 17:14,7.99,NULL
11346,02-08-2005 17:15,100,127,02-08-2005 17:15,4.99,1
11347,02-08-2005 17:18,217,43,02-08-2005 17:18,2.99,1
11348,02-08-2005 17:18,389,371,02-08-2005 17:18,4.99,1
11349,02-08-2005 17:21,73,408,02-08-2005 17:21,4.99,NULL
11350,02-08-2005 17:22,598,280,02-08-2005 17:22,0.99,NULL
11351,02-08-2005 17:28,198,55,02-08-2005 17:28,3.99,NULL
11352,02-08-2005 17:29,546,606,02-08-2005 17:29,5.99,1
11353,02-08-2005 17:34,444,377,02-08-2005 17:34,0.99,NULL
11354,02-08-2005 17:35,569,411,02-08-2005 17:35,6.99,1
11355,02-08-2005 17:37,185,586,02-08-2005 17:37,0.99,0.5
11356,02-08-2005 17:42,200,68,02-08-2005 17:42,8.99,NULL
11357,02-08-2005 17:42,148,579,02-08-2005 17:42,10.99,NULL
11358,02-08-2005 17:45,56,514,02-08-2005 17:45,5.99,NULL
11359,02-08-2005 17:45,466,360,02-08-2005 17:45,4.99,1
11360,02-08-2005 17:46,66,380,02-08-2005 17:46,2.99,NULL
11361,02-08-2005 17:46,547,249,02-08-2005 17:46,0.99,0.5
11362,02-08-2005 17:47,331,576,02-08-2005 17:47,2.99,NULL
11363,02-08-2005 17:48,274,700,02-08-2005 17:48,2.99,1
11364,02-08-2005 17:53,44,986,02-08-2005 17:53,2.99,1
11365,02-08-2005 18:00,508,254,02-08-2005 18:00,2.99,1
11366,02-08-2005 18:01,280,784,02-08-2005 18:01,4.99,NULL
11367,02-08-2005 18:01,1,315,02-08-2005 18:01,0.99,0.5
11368,02-08-2005 18:03,153,190,02-08-2005 18:03,4.99,NULL
11369,02-08-2005 18:04,480,544,02-08-2005 18:04,5.99,0.5
11370,02-08-2005 18:06,146,677,02-08-2005 18:06,0.99,NULL
11371,02-08-2005 18:07,561,72,02-08-2005 18:07,2.99,NULL
11372,02-08-2005 18:10,327,174,02-08-2005 18:10,4.99,0.5
11373,02-08-2005 18:14,267,40,02-08-2005 18:14,0.99,1
11374,02-08-2005 18:14,424,616,02-08-2005 18:14,2.99,1
11375,02-08-2005 18:14,346,236,02-08-2005 18:14,4.99,1
11376,02-08-2005 18:16,177,555,02-08-2005 18:16,5.99,NULL
11377,02-08-2005 18:16,119,733,02-08-2005 18:16,2.99,0.5
11378,02-08-2005 18:16,188,837,02-08-2005 18:16,2.99,NULL
11379,02-08-2005 18:16,61,56,02-08-2005 18:16,2.99,NULL
11380,02-08-2005 18:17,551,233,02-08-2005 18:17,0.99,1
11381,02-08-2005 18:19,451,222,02-08-2005 18:19,6.99,NULL
11382,02-08-2005 18:20,407,843,02-08-2005 18:20,5.99,NULL
11383,02-08-2005 18:22,445,57,02-08-2005 18:22,7.99,NULL
11384,02-08-2005 18:23,225,623,02-08-2005 18:23,0.99,1
11385,02-08-2005 18:23,192,543,02-08-2005 18:23,4.99,1
11386,02-08-2005 18:24,183,115,02-08-2005 18:24,2.99,1
11387,02-08-2005 18:32,481,546,02-08-2005 18:32,2.99,NULL
11388,02-08-2005 18:35,369,105,02-08-2005 18:35,1.99,NULL
11389,02-08-2005 18:39,270,720,02-08-2005 18:39,2.99,NULL
11390,02-08-2005 18:39,294,689,02-08-2005 18:39,2.99,NULL
11391,02-08-2005 18:40,403,444,02-08-2005 18:40,9.99,1
11392,02-08-2005 18:41,146,58,02-08-2005 18:41,5.99,NULL
11393,02-08-2005 18:44,501,231,02-08-2005 18:44,4.99,NULL
11394,02-08-2005 18:44,257,452,02-08-2005 18:44,0.99,NULL
11395,02-08-2005 18:47,225,920,02-08-2005 18:47,5.99,1
11396,02-08-2005 18:48,59,255,02-08-2005 18:48,4.99,1
11397,02-08-2005 18:53,470,562,02-08-2005 18:53,1.99,NULL
11398,02-08-2005 18:55,6,862,02-08-2005 18:55,3.99,NULL
11399,02-08-2005 18:56,565,454,02-08-2005 18:56,3.99,NULL
11400,02-08-2005 19:00,9,691,02-08-2005 19:00,5.99,NULL
11401,02-08-2005 19:05,544,391,02-08-2005 19:05,3.99,1
11402,02-08-2005 19:07,561,724,02-08-2005 19:07,2.99,NULL
11403,02-08-2005 19:10,587,887,02-08-2005 19:10,4.99,NULL
11404,02-08-2005 19:12,60,723,02-08-2005 19:12,8.99,1
11405,02-08-2005 19:13,10,91,02-08-2005 19:13,0.99,0.5
11406,02-08-2005 19:16,525,550,02-08-2005 19:16,2.99,NULL
11407,02-08-2005 19:18,513,753,02-08-2005 19:18,3.99,NULL
11408,02-08-2005 19:25,83,387,02-08-2005 19:25,0.99,NULL
11409,02-08-2005 19:26,418,807,02-08-2005 19:26,1.99,NULL
11410,02-08-2005 19:29,592,151,02-08-2005 19:29,8.99,NULL
11411,02-08-2005 19:29,141,328,02-08-2005 19:29,2.99,0.5
11412,02-08-2005 19:32,141,491,02-08-2005 19:32,5.99,0.5
11413,02-08-2005 19:35,297,247,02-08-2005 19:35,0.99,1
11414,02-08-2005 19:43,353,384,02-08-2005 19:43,4.99,NULL
11415,02-08-2005 19:43,572,475,02-08-2005 19:43,2.99,NULL
11416,02-08-2005 19:44,58,402,02-08-2005 19:44,6.99,NULL
11417,02-08-2005 19:44,437,677,02-08-2005 19:44,3.99,NULL
11418,02-08-2005 19:45,91,981,02-08-2005 19:45,0.99,NULL
11419,02-08-2005 19:46,444,114,02-08-2005 19:46,6.99,NULL
11420,02-08-2005 19:47,158,857,02-08-2005 19:47,2.99,NULL
11421,02-08-2005 19:51,473,738,02-08-2005 19:51,7.99,NULL
11422,02-08-2005 19:52,72,76,02-08-2005 19:52,5.99,NULL
11423,02-08-2005 19:57,241,753,02-08-2005 19:57,1.99,1
11424,02-08-2005 19:57,84,231,02-08-2005 19:57,3.99,NULL
11425,02-08-2005 19:58,419,220,02-08-2005 19:58,2.99,1
11426,02-08-2005 20:00,572,26,02-08-2005 20:00,4.99,NULL
11427,02-08-2005 20:02,403,724,02-08-2005 20:02,2.99,1
11428,02-08-2005 20:03,326,158,02-08-2005 20:03,2.99,NULL
11429,02-08-2005 20:03,348,244,02-08-2005 20:03,7.99,NULL
11430,02-08-2005 20:04,140,488,02-08-2005 20:04,3.99,NULL
11431,02-08-2005 20:05,271,308,02-08-2005 20:05,2.99,1
11432,02-08-2005 20:10,540,214,02-08-2005 20:10,6.99,NULL
11433,02-08-2005 20:13,518,1,02-08-2005 20:13,3.99,0.5
11434,02-08-2005 20:13,391,693,02-08-2005 20:13,2.99,0.5
11435,02-08-2005 20:14,502,355,02-08-2005 20:14,0.99,1
11436,02-08-2005 20:16,106,840,02-08-2005 20:16,0.99,1
11437,02-08-2005 20:20,225,588,02-08-2005 20:20,4.99,1
11438,02-08-2005 20:21,372,232,02-08-2005 20:21,3.99,NULL
11439,02-08-2005 20:22,18,637,02-08-2005 20:22,4.99,NULL
11440,02-08-2005 20:24,306,598,02-08-2005 20:24,0.99,NULL
11441,02-08-2005 20:25,389,230,02-08-2005 20:25,2.99,1
11442,02-08-2005 20:26,208,571,02-08-2005 20:26,2.99,1
11443,02-08-2005 20:29,581,285,02-08-2005 20:29,2.99,NULL
11444,02-08-2005 20:32,28,311,02-08-2005 20:32,2.99,1
11445,02-08-2005 20:33,108,734,02-08-2005 20:33,6.99,NULL
11446,02-08-2005 20:33,342,164,02-08-2005 20:33,0.99,1
11447,02-08-2005 20:36,508,846,02-08-2005 20:36,6.99,1
11448,02-08-2005 20:44,496,263,02-08-2005 20:44,4.99,1
11449,02-08-2005 20:44,443,723,02-08-2005 20:44,4.99,1
11450,02-08-2005 20:45,214,437,02-08-2005 20:45,2.99,NULL
11451,02-08-2005 20:45,515,169,02-08-2005 20:45,3.99,NULL
11452,02-08-2005 20:59,35,275,02-08-2005 20:59,7.99,NULL
11453,02-08-2005 21:00,84,1000,02-08-2005 21:00,7.99,NULL
11454,02-08-2005 21:04,199,638,02-08-2005 21:04,2.99,1
11455,02-08-2005 21:07,498,436,02-08-2005 21:07,6.99,NULL
11456,02-08-2005 21:14,322,794,02-08-2005 21:14,0.99,NULL
11457,02-08-2005 21:14,379,358,02-08-2005 21:14,3.99,1
11458,02-08-2005 21:24,575,769,02-08-2005 21:24,4.99,NULL
11459,02-08-2005 21:25,392,816,02-08-2005 21:25,0.99,NULL
11460,02-08-2005 21:28,403,894,02-08-2005 21:28,0.99,1
11461,02-08-2005 21:35,65,946,02-08-2005 21:35,4.99,NULL
11462,02-08-2005 21:36,268,37,02-08-2005 21:36,7.99,1
11463,02-08-2005 21:37,138,423,02-08-2005 21:37,0.99,1
11464,02-08-2005 21:42,577,118,02-08-2005 21:42,0.99,NULL
11465,02-08-2005 21:43,447,473,02-08-2005 21:43,5.99,1
11466,02-08-2005 21:46,556,738,02-08-2005 21:46,1.99,NULL
11467,02-08-2005 21:47,117,55,02-08-2005 21:47,3.99,1
11468,02-08-2005 21:47,413,696,02-08-2005 21:47,0.99,1
11469,02-08-2005 21:48,77,51,02-08-2005 21:48,2.99,1
11470,02-08-2005 21:48,346,519,02-08-2005 21:48,2.99,1
11471,02-08-2005 21:49,355,741,02-08-2005 21:49,0.99,0.5
11472,02-08-2005 21:49,410,397,02-08-2005 21:49,6.99,NULL
11473,02-08-2005 21:52,536,135,02-08-2005 21:52,6.99,NULL
11474,02-08-2005 21:53,214,124,02-08-2005 21:53,4.99,NULL
11475,02-08-2005 21:55,194,806,02-08-2005 21:55,5.99,0.5
11476,02-08-2005 22:03,144,159,02-08-2005 22:03,6.99,NULL
11477,02-08-2005 22:09,47,365,02-08-2005 22:09,5.99,1
11478,02-08-2005 22:09,197,857,02-08-2005 22:09,2.99,1
11479,02-08-2005 22:18,237,889,02-08-2005 22:18,11.99,NULL
11480,02-08-2005 22:18,14,904,02-08-2005 22:18,4.99,NULL
11481,02-08-2005 22:18,234,877,02-08-2005 22:18,3.99,NULL
11482,02-08-2005 22:24,134,307,02-08-2005 22:24,4.99,0.5
11483,02-08-2005 22:28,45,348,02-08-2005 22:28,2.99,NULL
11484,02-08-2005 22:28,165,73,02-08-2005 22:28,2.99,1
11485,02-08-2005 22:33,326,408,02-08-2005 22:33,4.99,NULL
11486,02-08-2005 22:34,236,352,02-08-2005 22:34,3.99,NULL
11487,02-08-2005 22:35,239,160,02-08-2005 22:35,2.99,NULL
11488,02-08-2005 22:35,45,554,02-08-2005 22:35,3.99,NULL
11489,02-08-2005 22:35,474,658,02-08-2005 22:35,2.99,NULL
11490,02-08-2005 22:36,156,262,02-08-2005 22:36,2.99,NULL
11491,02-08-2005 22:44,307,59,02-08-2005 22:44,7.99,1
11492,02-08-2005 22:46,349,879,02-08-2005 22:46,8.99,NULL
11493,02-08-2005 22:47,124,740,02-08-2005 22:47,5.99,0.5
11494,02-08-2005 22:51,579,870,02-08-2005 22:51,3.99,NULL
11495,16-08-2005 22:51,247,280,16-08-2005 22:51,0.99,NULL
11496,14-02-2006 15:16,155,445,14-02-2006 15:16,7.98,NULL
11497,16-08-2005 22:52,12,97,16-08-2005 22:52,0.99,1
11498,16-08-2005 22:52,482,109,16-08-2005 22:52,6.99,NULL
11499,16-08-2005 22:54,172,844,16-08-2005 22:54,6.99,0.5
11500,16-08-2005 23:01,584,871,16-08-2005 23:01,6.99,NULL
11501,16-08-2005 23:04,23,464,16-08-2005 23:04,2.99,NULL
11502,16-08-2005 23:06,11,976,16-08-2005 23:06,0.99,0.5
11503,16-08-2005 23:10,526,327,16-08-2005 23:10,10.99,NULL
11504,16-08-2005 23:16,350,461,16-08-2005 23:16,0.99,1
11505,16-08-2005 23:18,34,735,16-08-2005 23:18,2.99,0.5
11506,16-08-2005 23:25,565,334,16-08-2005 23:25,4.99,NULL
11507,16-08-2005 23:26,236,913,16-08-2005 23:26,5.99,NULL
11508,16-08-2005 23:27,19,590,16-08-2005 23:27,8.99,NULL
11509,16-08-2005 23:29,273,603,16-08-2005 23:29,4.99,NULL
11510,16-08-2005 23:30,400,657,16-08-2005 23:30,6.99,NULL
11511,16-08-2005 23:39,397,460,16-08-2005 23:39,4.99,1
11512,16-08-2005 23:51,373,275,16-08-2005 23:51,7.99,NULL
11513,16-08-2005 23:51,499,977,16-08-2005 23:51,7.99,NULL
11514,16-08-2005 23:53,423,922,16-08-2005 23:53,4.99,0.5
11515,16-08-2005 23:54,279,234,16-08-2005 23:54,2.99,0.5
11516,16-08-2005 23:54,90,406,16-08-2005 23:54,0.99,1
11517,16-08-2005 23:56,280,928,16-08-2005 23:56,2.99,NULL
11518,16-08-2005 23:59,407,725,16-08-2005 23:59,4.99,NULL
11519,17-08-2005 00:01,381,231,17-08-2005 00:01,2.99,NULL
11520,17-08-2005 00:04,119,773,17-08-2005 00:04,5.99,0.5
11521,17-08-2005 00:04,229,102,17-08-2005 00:04,4.99,1
11522,17-08-2005 00:05,599,443,17-08-2005 00:05,3.99,1
11523,17-08-2005 00:10,421,293,17-08-2005 00:10,3.99,1
11524,17-08-2005 00:10,533,71,17-08-2005 00:10,7.99,1
11525,17-08-2005 00:15,174,245,17-08-2005 00:15,0.99,NULL
11526,17-08-2005 00:17,572,527,17-08-2005 00:17,4.99,NULL
11527,17-08-2005 00:25,264,35,17-08-2005 00:25,3.99,0.5
11528,17-08-2005 00:27,14,199,17-08-2005 00:27,3.99,NULL
11529,17-08-2005 00:28,4,676,17-08-2005 00:28,4.99,NULL
11530,17-08-2005 00:29,400,80,17-08-2005 00:29,2.99,NULL
11531,17-08-2005 00:30,278,395,17-08-2005 00:30,0.99,0.5
11532,17-08-2005 00:34,413,424,17-08-2005 00:34,0.99,1
11533,17-08-2005 00:34,264,924,17-08-2005 00:34,0.99,0.5
11534,17-08-2005 00:35,144,527,17-08-2005 00:35,7.99,NULL
11535,17-08-2005 00:39,356,360,17-08-2005 00:39,3.99,1
11536,17-08-2005 00:40,428,600,17-08-2005 00:40,0.99,1
11537,17-08-2005 00:41,474,43,17-08-2005 00:41,2.99,NULL
11538,17-08-2005 00:44,431,121,17-08-2005 00:44,2.99,NULL
11539,17-08-2005 00:45,264,448,17-08-2005 00:45,2.99,0.5
11540,17-08-2005 00:48,370,743,17-08-2005 00:48,1.99,1
11541,14-02-2006 15:16,335,440,14-02-2006 15:16,0.99,NULL
11542,17-08-2005 00:51,7,465,17-08-2005 00:51,7.99,NULL
11543,17-08-2005 00:54,238,626,17-08-2005 00:54,5.99,1
11544,17-08-2005 00:55,439,183,17-08-2005 00:55,5.99,NULL
11545,17-08-2005 00:56,257,702,17-08-2005 00:56,6.99,NULL
11546,17-08-2005 00:57,24,554,17-08-2005 00:57,2.99,NULL
11547,17-08-2005 00:59,114,161,17-08-2005 00:59,4.99,NULL
11548,17-08-2005 00:59,323,105,17-08-2005 00:59,0.99,NULL
11549,17-08-2005 01:01,402,210,17-08-2005 01:01,4.99,NULL
11550,17-08-2005 01:02,339,651,17-08-2005 01:02,2.99,1
11551,17-08-2005 01:03,168,737,17-08-2005 01:03,0.99,1
11552,17-08-2005 01:04,230,253,17-08-2005 01:04,5.99,NULL
11553,17-08-2005 01:04,360,730,17-08-2005 01:04,4.99,NULL
11554,17-08-2005 01:05,460,478,17-08-2005 01:05,2.99,NULL
11555,17-08-2005 01:08,372,563,17-08-2005 01:08,4.99,NULL
11556,17-08-2005 01:11,9,82,17-08-2005 01:11,0.99,NULL
11557,17-08-2005 01:19,416,518,17-08-2005 01:19,6.99,NULL
11558,17-08-2005 01:19,403,367,17-08-2005 01:19,0.99,1
11559,17-08-2005 01:20,385,394,17-08-2005 01:20,2.99,0.5
11560,17-08-2005 01:20,320,503,17-08-2005 01:20,2.99,NULL
11561,17-08-2005 01:23,149,43,17-08-2005 01:23,2.99,NULL
11562,17-08-2005 01:23,424,656,17-08-2005 01:23,6.99,1
11563,14-02-2006 15:16,83,338,14-02-2006 15:16,4.99,NULL
11564,17-08-2005 01:27,332,484,17-08-2005 01:27,2.99,0.5
11565,17-08-2005 01:28,83,37,17-08-2005 01:28,5.99,NULL
11566,17-08-2005 01:28,520,875,17-08-2005 01:28,0.99,1
11567,17-08-2005 01:28,558,123,17-08-2005 01:28,5.99,NULL
11568,17-08-2005 01:30,342,40,17-08-2005 01:30,0.99,1
11569,17-08-2005 01:31,504,569,17-08-2005 01:31,2.99,NULL
11570,17-08-2005 01:34,343,539,17-08-2005 01:34,2.99,NULL
11571,17-08-2005 01:37,296,45,17-08-2005 01:37,4.99,1
11572,17-08-2005 01:37,515,768,17-08-2005 01:37,4.99,NULL
11573,17-08-2005 01:38,146,139,17-08-2005 01:38,4.99,NULL
11574,17-08-2005 01:38,277,786,17-08-2005 01:38,0.99,NULL
11575,17-08-2005 01:50,319,376,17-08-2005 01:50,0.99,NULL
11576,17-08-2005 01:53,293,73,17-08-2005 01:53,2.99,NULL
11577,14-02-2006 15:16,219,893,14-02-2006 15:16,4.99,NULL
11578,17-08-2005 01:54,590,43,17-08-2005 01:54,5.99,NULL
11579,17-08-2005 01:57,356,925,17-08-2005 01:57,2.99,1
11580,17-08-2005 01:59,436,296,17-08-2005 01:59,2.99,NULL
11581,17-08-2005 02:03,231,276,17-08-2005 02:03,5.99,1
11582,17-08-2005 02:03,339,458,17-08-2005 02:03,3.99,1
11583,17-08-2005 02:08,542,26,17-08-2005 02:08,0.99,NULL
11584,17-08-2005 02:13,479,852,17-08-2005 02:13,1.99,NULL
11585,17-08-2005 02:14,297,165,17-08-2005 02:14,4.99,1
11586,17-08-2005 02:20,465,690,17-08-2005 02:20,4.99,NULL
11587,17-08-2005 02:21,156,292,17-08-2005 02:21,5.99,NULL
11588,17-08-2005 02:26,565,544,17-08-2005 02:26,3.99,NULL
11589,17-08-2005 02:28,554,763,17-08-2005 02:28,9.99,1
11590,17-08-2005 02:28,491,786,17-08-2005 02:28,0.99,0.5
11591,17-08-2005 02:29,6,365,17-08-2005 02:29,6.99,NULL
11592,17-08-2005 02:36,383,158,17-08-2005 02:36,2.99,NULL
11593,14-02-2006 15:16,99,178,14-02-2006 15:16,0.99,NULL
11594,17-08-2005 02:47,198,71,17-08-2005 02:47,6.99,NULL
11595,17-08-2005 02:53,350,103,17-08-2005 02:53,6.99,1
11596,17-08-2005 02:53,290,366,17-08-2005 02:53,6.99,NULL
11597,17-08-2005 03:02,272,888,17-08-2005 03:02,8.99,1
11598,17-08-2005 03:03,319,424,17-08-2005 03:03,0.99,NULL
11599,17-08-2005 03:08,112,820,17-08-2005 03:08,7.99,NULL
11600,17-08-2005 03:12,400,431,17-08-2005 03:12,5.99,NULL
11601,17-08-2005 03:14,471,244,17-08-2005 03:14,4.99,NULL
11602,17-08-2005 03:21,391,451,17-08-2005 03:21,4.99,0.5
11603,17-08-2005 03:22,406,853,17-08-2005 03:22,4.99,NULL
11604,17-08-2005 03:28,388,395,17-08-2005 03:28,0.99,NULL
11605,17-08-2005 03:30,455,285,17-08-2005 03:30,4.99,NULL
11606,17-08-2005 03:32,499,899,17-08-2005 03:32,0.99,NULL
11607,17-08-2005 03:36,242,947,17-08-2005 03:36,0.99,1
11608,17-08-2005 03:36,448,365,17-08-2005 03:36,8.99,NULL
11609,17-08-2005 03:41,73,78,17-08-2005 03:41,3.99,NULL
11610,17-08-2005 03:43,275,668,17-08-2005 03:43,4.99,NULL
11611,14-02-2006 15:16,192,405,14-02-2006 15:16,4.99,1
11612,17-08-2005 03:48,526,83,17-08-2005 03:48,2.99,NULL
11613,17-08-2005 03:50,126,545,17-08-2005 03:50,4.99,1
11614,17-08-2005 03:52,2,175,17-08-2005 03:52,2.99,NULL
11615,17-08-2005 03:54,436,944,17-08-2005 03:54,4.99,NULL
11616,17-08-2005 04:00,36,568,17-08-2005 04:00,4.99,0.5
11617,17-08-2005 04:00,324,413,17-08-2005 04:00,2.99,1
11618,17-08-2005 04:01,175,212,17-08-2005 04:01,4.99,1
11619,17-08-2005 04:03,374,797,17-08-2005 04:03,0.99,1
11620,17-08-2005 04:06,502,833,17-08-2005 04:06,0.99,1
11621,17-08-2005 04:13,216,811,17-08-2005 04:13,7.99,1
11622,17-08-2005 04:15,220,111,17-08-2005 04:15,4.99,NULL
11623,17-08-2005 04:15,163,166,17-08-2005 04:15,2.99,0.5
11624,17-08-2005 04:17,527,132,17-08-2005 04:17,0.99,NULL
11625,17-08-2005 04:18,521,155,17-08-2005 04:18,2.99,1
11626,17-08-2005 04:25,266,931,17-08-2005 04:25,0.99,NULL
11627,17-08-2005 04:25,168,861,17-08-2005 04:25,10.99,1
11628,17-08-2005 04:27,256,798,17-08-2005 04:27,8.99,NULL
11629,17-08-2005 04:27,299,172,17-08-2005 04:27,6.99,0.5
11630,17-08-2005 04:27,72,150,17-08-2005 04:27,2.99,NULL
11631,17-08-2005 04:28,168,11,17-08-2005 04:28,1.99,1
11632,17-08-2005 04:29,238,559,17-08-2005 04:29,2.99,1
11633,17-08-2005 04:30,468,372,17-08-2005 04:30,4.99,1
11634,17-08-2005 04:31,206,564,17-08-2005 04:31,2.99,1
11635,17-08-2005 04:33,98,579,17-08-2005 04:33,5.99,NULL
11636,17-08-2005 04:36,276,173,17-08-2005 04:36,4.99,NULL
11637,17-08-2005 04:36,283,105,17-08-2005 04:36,0.99,1
11638,17-08-2005 04:39,152,749,17-08-2005 04:39,6.99,1
11639,17-08-2005 04:43,462,869,17-08-2005 04:43,6.99,1
11640,17-08-2005 04:44,501,374,17-08-2005 04:44,1.99,NULL
11641,17-08-2005 04:45,79,596,17-08-2005 04:45,4.99,0.5
11642,17-08-2005 04:48,25,830,17-08-2005 04:48,0.99,NULL
11643,17-08-2005 04:49,197,303,17-08-2005 04:49,1.99,1
11644,17-08-2005 04:49,438,382,17-08-2005 04:49,4.99,NULL
11645,17-08-2005 04:50,35,927,17-08-2005 04:50,4.99,NULL
11646,14-02-2006 15:16,11,105,14-02-2006 15:16,0.99,0.5
11647,17-08-2005 04:54,110,662,17-08-2005 04:54,7.99,1
11648,17-08-2005 04:56,465,738,17-08-2005 04:56,6.99,NULL
11649,17-08-2005 04:59,217,707,17-08-2005 04:59,2.99,1
11650,17-08-2005 05:00,418,867,17-08-2005 05:00,4.99,NULL
11651,17-08-2005 05:02,143,805,17-08-2005 05:02,6.99,0.5
11652,14-02-2006 15:16,597,354,14-02-2006 15:16,4.99,NULL
11653,17-08-2005 05:06,358,978,17-08-2005 05:06,4.99,1
11654,17-08-2005 05:06,218,234,17-08-2005 05:06,2.99,NULL
11655,17-08-2005 05:11,113,370,17-08-2005 05:11,7.99,NULL
11656,17-08-2005 05:11,56,317,17-08-2005 05:11,4.99,NULL
11657,14-02-2006 15:16,53,667,14-02-2006 15:16,7.98,0.5
11658,17-08-2005 05:19,422,437,17-08-2005 05:19,2.99,1
11659,17-08-2005 05:20,112,632,17-08-2005 05:20,4.99,NULL
11660,17-08-2005 05:22,525,890,17-08-2005 05:22,1.99,NULL
11661,17-08-2005 05:25,27,226,17-08-2005 05:25,8.99,NULL
11662,17-08-2005 05:27,177,599,17-08-2005 05:27,6.99,NULL
11663,17-08-2005 05:30,373,832,17-08-2005 05:30,3.99,NULL
11664,17-08-2005 05:35,433,296,17-08-2005 05:35,2.99,NULL
11665,17-08-2005 05:36,254,74,17-08-2005 05:36,6.99,1
11666,17-08-2005 05:45,531,56,17-08-2005 05:45,2.99,0.5
11667,17-08-2005 05:46,582,331,17-08-2005 05:46,5.99,NULL
11668,17-08-2005 05:47,249,467,17-08-2005 05:47,0.99,1
11669,17-08-2005 05:48,487,708,17-08-2005 05:48,5.99,1
11670,17-08-2005 05:48,286,970,17-08-2005 05:48,0.99,NULL
11671,17-08-2005 05:50,338,780,17-08-2005 05:50,4.99,NULL
11672,14-02-2006 15:16,521,861,14-02-2006 15:16,4.99,1
11673,17-08-2005 05:54,303,180,17-08-2005 05:54,2.99,NULL
11674,17-08-2005 05:56,306,127,17-08-2005 05:56,6.99,NULL
11675,17-08-2005 05:57,514,292,17-08-2005 05:57,1.99,1
11676,14-02-2006 15:16,216,982,14-02-2006 15:16,0,1
11677,17-08-2005 06:06,407,477,17-08-2005 06:06,0.99,NULL
11678,17-08-2005 06:07,176,768,17-08-2005 06:07,5.99,NULL
11679,17-08-2005 06:08,72,734,17-08-2005 06:08,4.99,NULL
11680,17-08-2005 06:12,221,991,17-08-2005 06:12,4.99,NULL
11681,17-08-2005 06:13,543,280,17-08-2005 06:13,2.99,NULL
11682,17-08-2005 06:13,387,558,17-08-2005 06:13,2.99,NULL
11683,17-08-2005 06:15,66,571,17-08-2005 06:15,5.99,NULL
11684,17-08-2005 06:27,517,930,17-08-2005 06:27,3.99,NULL
11685,17-08-2005 06:39,51,776,17-08-2005 06:39,4.99,NULL
11686,17-08-2005 06:39,392,305,17-08-2005 06:39,2.99,NULL
11687,17-08-2005 06:39,169,431,17-08-2005 06:39,5.99,1
11688,17-08-2005 06:41,82,482,17-08-2005 06:41,5.99,NULL
11689,17-08-2005 06:42,419,521,17-08-2005 06:42,6.99,1
11690,17-08-2005 06:44,267,857,17-08-2005 06:44,6.99,1
11691,17-08-2005 06:51,515,555,17-08-2005 06:51,3.99,NULL
11692,17-08-2005 06:52,350,271,17-08-2005 06:52,6.99,1
11693,17-08-2005 06:56,221,173,17-08-2005 06:56,4.99,NULL
11694,17-08-2005 06:57,410,774,17-08-2005 06:57,6.99,NULL
11695,17-08-2005 07:01,386,246,17-08-2005 07:01,4.99,NULL
11696,17-08-2005 07:01,522,835,17-08-2005 07:01,2.99,NULL
11697,17-08-2005 07:09,329,85,17-08-2005 07:09,0.99,0.5
11698,17-08-2005 07:09,353,861,17-08-2005 07:09,4.99,NULL
11699,17-08-2005 07:11,339,870,17-08-2005 07:11,5.99,1
11700,17-08-2005 07:12,104,514,17-08-2005 07:12,2.99,NULL
11701,17-08-2005 07:15,34,222,17-08-2005 07:15,4.99,0.5
11702,17-08-2005 07:18,526,724,17-08-2005 07:18,4.99,NULL
11703,17-08-2005 07:19,279,369,17-08-2005 07:19,4.99,0.5
11704,17-08-2005 07:21,135,244,17-08-2005 07:21,7.99,1
11705,17-08-2005 07:22,489,922,17-08-2005 07:22,4.99,0.5
11706,17-08-2005 07:23,414,920,17-08-2005 07:23,0.99,NULL
11707,17-08-2005 07:24,581,231,17-08-2005 07:24,2.99,NULL
11708,17-08-2005 07:26,582,15,17-08-2005 07:26,2.99,NULL
11709,14-02-2006 15:16,330,375,14-02-2006 15:16,2.99,NULL
11710,17-08-2005 07:29,553,133,17-08-2005 07:29,4.99,NULL
11711,17-08-2005 07:30,470,329,17-08-2005 07:30,2.99,NULL
11712,17-08-2005 07:32,203,788,17-08-2005 07:32,2.99,NULL
11713,17-08-2005 07:34,590,417,17-08-2005 07:34,3.99,NULL
11714,17-08-2005 07:34,151,4,17-08-2005 07:34,2.99,1
11715,17-08-2005 07:40,452,353,17-08-2005 07:40,4.99,NULL
11716,17-08-2005 07:40,287,670,17-08-2005 07:40,4.99,1
11717,17-08-2005 07:44,566,301,17-08-2005 07:44,0.99,0.5
11718,17-08-2005 07:44,555,804,17-08-2005 07:44,4.99,NULL
11719,17-08-2005 07:46,338,446,17-08-2005 07:46,5.99,NULL
11720,17-08-2005 07:46,121,372,17-08-2005 07:46,8.99,1
11721,17-08-2005 07:49,46,418,17-08-2005 07:49,0.99,1
11722,17-08-2005 07:53,321,531,17-08-2005 07:53,2.99,NULL
11723,17-08-2005 07:56,341,363,17-08-2005 07:56,2.99,NULL
11724,17-08-2005 08:04,207,979,17-08-2005 08:04,6.99,NULL
11725,17-08-2005 08:09,45,115,17-08-2005 08:09,2.99,NULL
11726,17-08-2005 08:11,266,970,17-08-2005 08:11,0.99,NULL
11727,17-08-2005 08:12,6,19,17-08-2005 08:12,0.99,NULL
11728,17-08-2005 08:12,444,159,17-08-2005 08:12,4.99,NULL
11729,17-08-2005 08:14,215,619,17-08-2005 08:14,2.99,NULL
11730,17-08-2005 08:22,98,835,17-08-2005 08:22,2.99,NULL
11731,17-08-2005 08:24,52,204,17-08-2005 08:24,3.99,NULL
11732,17-08-2005 08:29,137,101,17-08-2005 08:29,3.99,NULL
11733,17-08-2005 08:31,251,97,17-08-2005 08:31,0.99,NULL
11734,17-08-2005 08:34,337,886,17-08-2005 08:34,3.99,0.5
11735,17-08-2005 08:35,452,560,17-08-2005 08:35,3.99,NULL
11736,17-08-2005 08:40,535,917,17-08-2005 08:40,8.99,NULL
11737,17-08-2005 08:42,549,897,17-08-2005 08:42,4.99,NULL
11738,17-08-2005 08:45,347,667,17-08-2005 08:45,8.99,NULL
11739,14-02-2006 15:16,373,998,14-02-2006 15:16,0.99,NULL
11740,17-08-2005 08:48,27,532,17-08-2005 08:48,6.99,NULL
11741,17-08-2005 08:48,473,395,17-08-2005 08:48,0.99,NULL
11742,17-08-2005 08:48,470,130,17-08-2005 08:48,0.99,NULL
11743,17-08-2005 08:49,336,67,17-08-2005 08:49,2.99,1
11744,17-08-2005 08:54,26,67,17-08-2005 08:54,5.99,NULL
11745,17-08-2005 09:00,240,875,17-08-2005 09:00,3.99,0.5
11746,17-08-2005 09:03,299,999,17-08-2005 09:03,5.99,0.5
11747,17-08-2005 09:03,555,232,17-08-2005 09:03,2.99,NULL
11748,17-08-2005 09:04,595,261,17-08-2005 09:04,0.99,1
11749,17-08-2005 09:04,567,900,17-08-2005 09:04,2.99,1
11750,17-08-2005 09:07,190,143,17-08-2005 09:07,0.99,NULL
11751,17-08-2005 09:07,51,728,17-08-2005 09:07,6.99,NULL
11752,17-08-2005 09:10,481,398,17-08-2005 09:10,4.99,NULL
11753,17-08-2005 09:11,43,571,17-08-2005 09:11,4.99,NULL
11754,14-02-2006 15:16,163,820,14-02-2006 15:16,7.98,0.5
11755,17-08-2005 09:15,513,758,17-08-2005 09:15,3.99,NULL
11756,17-08-2005 09:29,198,391,17-08-2005 09:29,2.99,NULL
11757,14-02-2006 15:16,550,286,14-02-2006 15:16,2.99,1
11758,17-08-2005 09:33,533,2,17-08-2005 09:33,8.99,1
11759,17-08-2005 09:41,108,582,17-08-2005 09:41,2.99,NULL
11760,17-08-2005 09:44,545,136,17-08-2005 09:44,2.99,NULL
11761,17-08-2005 09:44,13,482,17-08-2005 09:44,5.99,0.5
11762,17-08-2005 09:48,244,267,17-08-2005 09:48,9.99,NULL
11763,17-08-2005 09:51,586,191,17-08-2005 09:51,0.99,NULL
11764,17-08-2005 09:51,252,982,17-08-2005 09:51,0.99,NULL
11765,17-08-2005 09:55,308,939,17-08-2005 09:55,2.99,NULL
11766,17-08-2005 09:58,544,657,17-08-2005 09:58,2.99,1
11767,17-08-2005 10:00,77,518,17-08-2005 10:00,7.99,1
11768,17-08-2005 10:02,564,288,17-08-2005 10:02,2.99,1
11769,17-08-2005 10:04,418,308,17-08-2005 10:04,2.99,NULL
11770,17-08-2005 10:05,475,627,17-08-2005 10:05,4.99,NULL
11771,17-08-2005 10:17,324,563,17-08-2005 10:17,6.99,1
11772,17-08-2005 10:18,237,228,17-08-2005 10:18,5.99,NULL
11773,17-08-2005 10:19,384,411,17-08-2005 10:19,5.99,1
11774,17-08-2005 10:20,488,366,17-08-2005 10:20,3.99,NULL
11775,17-08-2005 10:25,574,57,17-08-2005 10:25,3.99,0.5
11776,17-08-2005 10:27,306,524,17-08-2005 10:27,0.99,NULL
11777,17-08-2005 10:27,83,886,17-08-2005 10:27,4.99,NULL
11778,17-08-2005 10:31,213,288,17-08-2005 10:31,3.99,NULL
11779,17-08-2005 10:31,126,40,17-08-2005 10:31,3.99,1
11780,17-08-2005 10:34,297,490,17-08-2005 10:34,2.99,1
11781,17-08-2005 10:37,506,403,17-08-2005 10:37,4.99,NULL
11782,14-02-2006 15:16,354,892,14-02-2006 15:16,0,1
11783,17-08-2005 10:39,152,218,17-08-2005 10:39,0.99,1
11784,17-08-2005 10:48,297,681,17-08-2005 10:48,0.99,1
11785,17-08-2005 10:54,182,606,17-08-2005 10:54,3.99,NULL
11786,17-08-2005 10:57,435,326,17-08-2005 10:57,3.99,1
11787,17-08-2005 10:59,195,432,17-08-2005 10:59,2.99,NULL
11788,17-08-2005 10:59,560,289,17-08-2005 10:59,4.99,NULL
11789,17-08-2005 10:59,150,187,17-08-2005 10:59,6.99,NULL
11790,17-08-2005 11:00,451,520,17-08-2005 11:00,2.99,NULL
11791,17-08-2005 11:01,219,795,17-08-2005 11:01,0.99,NULL
11792,17-08-2005 11:03,376,810,17-08-2005 11:03,4.99,1
11793,17-08-2005 11:05,352,426,17-08-2005 11:05,5.99,NULL
11794,17-08-2005 11:08,453,764,17-08-2005 11:08,4.99,NULL
11795,17-08-2005 11:13,565,480,17-08-2005 11:13,2.99,NULL
11796,17-08-2005 11:16,435,868,17-08-2005 11:16,0.99,1
11797,17-08-2005 11:17,546,253,17-08-2005 11:17,4.99,1
11798,17-08-2005 11:21,448,865,17-08-2005 11:21,9.99,NULL
11799,17-08-2005 11:25,501,8,17-08-2005 11:25,6.99,NULL
11800,17-08-2005 11:29,350,494,17-08-2005 11:29,0.99,1
11801,17-08-2005 11:30,126,143,17-08-2005 11:30,0.99,1
11802,17-08-2005 11:32,221,618,17-08-2005 11:32,2.99,NULL
11803,17-08-2005 11:42,160,796,17-08-2005 11:42,2.99,1
11804,17-08-2005 11:42,556,232,17-08-2005 11:42,3.99,NULL
11805,17-08-2005 11:48,208,269,17-08-2005 11:48,6.99,1
11806,17-08-2005 11:49,125,704,17-08-2005 11:49,4.99,NULL
11807,17-08-2005 11:51,201,882,17-08-2005 11:51,0.99,NULL
11808,17-08-2005 11:51,462,880,17-08-2005 11:51,2.99,1
11809,17-08-2005 11:51,305,252,17-08-2005 11:51,3.99,NULL
11810,17-08-2005 11:56,270,339,17-08-2005 11:56,0.99,NULL
11811,17-08-2005 11:59,130,43,17-08-2005 11:59,2.99,1
11812,17-08-2005 12:00,132,23,17-08-2005 12:00,0.99,NULL
11813,17-08-2005 12:06,36,239,17-08-2005 12:06,4.99,0.5
11814,17-08-2005 12:09,509,759,17-08-2005 12:09,6.99,1
11815,17-08-2005 12:13,192,61,17-08-2005 12:13,4.99,1
11816,17-08-2005 12:14,224,851,17-08-2005 12:14,0.99,1
11817,17-08-2005 12:20,38,500,17-08-2005 12:20,4.99,NULL
11818,17-08-2005 12:22,512,48,17-08-2005 12:22,9.99,NULL
11819,17-08-2005 12:25,208,142,17-08-2005 12:25,0.99,1
11820,17-08-2005 12:25,401,615,17-08-2005 12:25,2.99,0.5
11821,17-08-2005 12:27,20,595,17-08-2005 12:27,0.99,NULL
11822,17-08-2005 12:32,263,291,17-08-2005 12:32,0.99,NULL
11823,17-08-2005 12:36,352,575,17-08-2005 12:36,6.99,NULL
11824,17-08-2005 12:37,1,579,17-08-2005 12:37,4.99,0.5
11825,17-08-2005 12:43,296,583,17-08-2005 12:43,4.99,1
11826,17-08-2005 12:43,536,399,17-08-2005 12:43,2.99,NULL
11827,17-08-2005 12:44,523,673,17-08-2005 12:44,4.99,1
11828,17-08-2005 12:48,268,570,17-08-2005 12:48,6.99,1
11829,17-08-2005 12:52,563,477,17-08-2005 12:52,0.99,NULL
11830,17-08-2005 12:53,522,812,17-08-2005 12:53,1.99,NULL
11831,17-08-2005 12:54,32,995,17-08-2005 12:54,4.99,1
11832,17-08-2005 12:55,125,506,17-08-2005 12:55,4.99,NULL
11833,17-08-2005 13:00,424,815,17-08-2005 13:00,2.99,1
11834,17-08-2005 13:00,261,525,17-08-2005 13:00,1.99,NULL
11835,17-08-2005 13:03,479,614,17-08-2005 13:03,4.99,NULL
11836,17-08-2005 13:03,198,487,17-08-2005 13:03,4.99,NULL
11837,17-08-2005 13:04,81,242,17-08-2005 13:04,5.99,NULL
11838,17-08-2005 13:06,161,782,17-08-2005 13:06,2.99,NULL
11839,17-08-2005 13:08,80,494,17-08-2005 13:08,0.99,NULL
11840,17-08-2005 13:09,491,396,17-08-2005 13:09,4.99,0.5
11841,17-08-2005 13:12,270,333,17-08-2005 13:12,2.99,NULL
11842,17-08-2005 13:13,422,588,17-08-2005 13:13,4.99,1
11843,17-08-2005 13:14,187,679,17-08-2005 13:14,2.99,NULL
11844,17-08-2005 13:16,368,830,17-08-2005 13:16,0.99,0.5
11845,17-08-2005 13:16,65,3,17-08-2005 13:16,2.99,NULL
11846,17-08-2005 13:18,283,728,17-08-2005 13:18,2.99,1
11847,14-02-2006 15:16,337,388,14-02-2006 15:16,0.99,0.5
11848,14-02-2006 15:16,152,805,14-02-2006 15:16,4.99,1
11849,17-08-2005 13:24,92,265,17-08-2005 13:24,4.99,1
11850,17-08-2005 13:30,80,314,17-08-2005 13:30,1.99,NULL
11851,17-08-2005 13:30,376,708,17-08-2005 13:30,4.99,1
11852,17-08-2005 13:38,596,513,17-08-2005 13:38,3.99,NULL
11853,17-08-2005 13:39,6,849,17-08-2005 13:39,0.99,NULL
11854,17-08-2005 13:42,313,27,17-08-2005 13:42,2.99,1
11855,17-08-2005 13:43,535,236,17-08-2005 13:43,7.99,NULL
11856,17-08-2005 13:44,28,69,17-08-2005 13:44,3.99,1
11857,17-08-2005 13:48,146,20,17-08-2005 13:48,4.99,NULL
11858,17-08-2005 13:50,503,763,17-08-2005 13:50,4.99,0.5
11859,17-08-2005 13:51,144,93,17-08-2005 13:51,4.99,NULL
11860,17-08-2005 13:52,257,949,17-08-2005 13:52,1.99,NULL
11861,17-08-2005 13:53,232,586,17-08-2005 13:53,0.99,NULL
11862,17-08-2005 13:54,529,572,17-08-2005 13:54,2.99,1
11863,17-08-2005 13:56,112,225,17-08-2005 13:56,3.99,NULL
11864,17-08-2005 14:02,96,654,17-08-2005 14:02,4.99,NULL
11865,17-08-2005 14:03,345,564,17-08-2005 14:03,2.99,NULL
11866,14-02-2006 15:16,200,605,14-02-2006 15:16,2.99,NULL
11867,17-08-2005 14:04,434,208,17-08-2005 14:04,2.99,NULL
11868,17-08-2005 14:05,445,639,17-08-2005 14:05,4.99,NULL
11869,17-08-2005 14:10,19,757,17-08-2005 14:10,5.99,NULL
11870,17-08-2005 14:11,432,924,17-08-2005 14:11,0.99,NULL
11871,17-08-2005 14:11,484,661,17-08-2005 14:11,4.99,1
11872,17-08-2005 14:11,113,938,17-08-2005 14:11,5.99,NULL
11873,17-08-2005 14:14,554,875,17-08-2005 14:14,0.99,1
11874,17-08-2005 14:16,467,578,17-08-2005 14:16,4.99,NULL
11875,17-08-2005 14:16,294,388,17-08-2005 14:16,4.99,NULL
11876,17-08-2005 14:18,426,868,17-08-2005 14:18,0.99,1
11877,17-08-2005 14:21,445,988,17-08-2005 14:21,3.99,NULL
11878,17-08-2005 14:23,549,57,17-08-2005 14:23,2.99,NULL
11879,17-08-2005 14:25,312,549,17-08-2005 14:25,5.99,NULL
11880,17-08-2005 14:28,597,337,17-08-2005 14:28,5.99,NULL
11881,17-08-2005 14:31,272,687,17-08-2005 14:31,0.99,1
11882,17-08-2005 14:33,234,524,17-08-2005 14:33,3.99,NULL
11883,17-08-2005 14:41,551,49,17-08-2005 14:41,2.99,1
11884,17-08-2005 14:43,178,174,17-08-2005 14:43,6.99,1
11885,17-08-2005 14:53,481,857,17-08-2005 14:53,4.99,NULL
11886,17-08-2005 14:58,204,132,17-08-2005 14:58,0.99,0.5
11887,17-08-2005 15:03,54,724,17-08-2005 15:03,2.99,0.5
11888,17-08-2005 15:04,160,244,17-08-2005 15:04,7.99,1
11889,17-08-2005 15:08,395,66,17-08-2005 15:08,0.99,NULL
11890,17-08-2005 15:08,487,664,17-08-2005 15:08,5.99,1
11891,17-08-2005 15:11,115,574,17-08-2005 15:11,2.99,NULL
11892,17-08-2005 15:13,227,163,17-08-2005 15:13,0.99,NULL
11893,17-08-2005 15:13,496,504,17-08-2005 15:13,3.99,1
11894,17-08-2005 15:15,67,271,17-08-2005 15:15,8.99,1
11895,17-08-2005 15:15,236,466,17-08-2005 15:15,4.99,NULL
11896,17-08-2005 15:19,436,57,17-08-2005 15:19,5.99,NULL
11897,17-08-2005 15:24,238,852,17-08-2005 15:24,2.99,1
11898,17-08-2005 15:24,169,694,17-08-2005 15:24,5.99,1
11899,17-08-2005 15:29,84,697,17-08-2005 15:29,0.99,NULL
11900,17-08-2005 15:30,239,420,17-08-2005 15:30,4.99,NULL
11901,17-08-2005 15:35,70,930,17-08-2005 15:35,2.99,NULL
11902,17-08-2005 15:37,63,304,17-08-2005 15:37,4.99,NULL
11903,17-08-2005 15:37,542,266,17-08-2005 15:37,2.99,NULL
11904,17-08-2005 15:39,145,624,17-08-2005 15:39,5.99,NULL
11905,17-08-2005 15:40,349,598,17-08-2005 15:40,3.99,NULL
11906,17-08-2005 15:40,478,72,17-08-2005 15:40,2.99,NULL
11907,17-08-2005 15:40,505,857,17-08-2005 15:40,2.99,NULL
11908,17-08-2005 15:43,314,744,17-08-2005 15:43,3.99,1
11909,14-02-2006 15:16,474,191,14-02-2006 15:16,0.99,NULL
11910,17-08-2005 15:44,418,925,17-08-2005 15:44,0.99,NULL
11911,17-08-2005 15:51,472,783,17-08-2005 15:51,6.99,1
11912,17-08-2005 15:51,573,162,17-08-2005 15:51,5.99,NULL
11913,17-08-2005 15:53,295,162,17-08-2005 15:53,5.99,1
11914,17-08-2005 16:04,230,356,17-08-2005 16:04,2.99,NULL
11915,17-08-2005 16:05,269,341,17-08-2005 16:05,3.99,NULL
11916,17-08-2005 16:05,86,577,17-08-2005 16:05,0.99,NULL
11917,17-08-2005 16:08,270,351,17-08-2005 16:08,2.99,NULL
11918,17-08-2005 16:08,533,468,17-08-2005 16:08,2.99,1
11919,17-08-2005 16:08,40,982,17-08-2005 16:08,0.99,NULL
11920,17-08-2005 16:10,402,924,17-08-2005 16:10,0.99,NULL
11921,17-08-2005 16:12,485,110,17-08-2005 16:12,4.99,1
11922,17-08-2005 16:20,15,811,17-08-2005 16:20,7.99,1
11923,17-08-2005 16:21,72,415,17-08-2005 16:21,2.99,NULL
11924,17-08-2005 16:22,202,373,17-08-2005 16:22,4.99,1
11925,17-08-2005 16:23,370,315,17-08-2005 16:23,0.99,1
11926,17-08-2005 16:25,516,457,17-08-2005 16:25,0.99,NULL
11927,17-08-2005 16:25,178,689,17-08-2005 16:25,3.99,1
11928,17-08-2005 16:28,261,16,17-08-2005 16:28,2.99,NULL
11929,17-08-2005 16:28,327,823,17-08-2005 16:28,6.99,0.5
11930,17-08-2005 16:28,5,286,17-08-2005 16:28,3.99,NULL
11931,17-08-2005 16:35,242,439,17-08-2005 16:35,4.99,1
11932,17-08-2005 16:36,364,31,17-08-2005 16:36,4.99,NULL
11933,17-08-2005 16:38,438,563,17-08-2005 16:38,4.99,NULL
11934,17-08-2005 16:40,596,273,17-08-2005 16:40,0.99,NULL
11935,17-08-2005 16:42,66,358,17-08-2005 16:42,0.99,NULL
11936,17-08-2005 16:45,380,250,17-08-2005 16:45,0.99,NULL
11937,17-08-2005 16:48,515,643,17-08-2005 16:48,6.99,NULL
11938,17-08-2005 16:54,426,856,17-08-2005 16:54,6.99,1
11939,17-08-2005 16:55,516,727,17-08-2005 16:55,1.99,NULL
11940,17-08-2005 16:56,163,265,17-08-2005 16:56,4.99,0.5
11941,17-08-2005 16:56,566,34,17-08-2005 16:56,1.99,0.5
11942,14-02-2006 15:16,576,892,14-02-2006 15:16,5.98,NULL
11943,17-08-2005 17:00,69,976,17-08-2005 17:00,3.99,NULL
11944,17-08-2005 17:02,389,6,17-08-2005 17:02,3.99,1
11945,17-08-2005 17:05,380,245,17-08-2005 17:05,0.99,NULL
11946,17-08-2005 17:05,569,648,17-08-2005 17:05,4.99,1
11947,17-08-2005 17:08,220,644,17-08-2005 17:08,2.99,NULL
11948,17-08-2005 17:11,40,732,17-08-2005 17:11,3.99,NULL
11949,17-08-2005 17:12,198,188,17-08-2005 17:12,2.99,NULL
11950,17-08-2005 17:13,190,964,17-08-2005 17:13,9.99,NULL
11951,17-08-2005 17:14,155,305,17-08-2005 17:14,5.99,NULL
11952,17-08-2005 17:14,288,526,17-08-2005 17:14,2.99,NULL
11953,17-08-2005 17:16,399,656,17-08-2005 17:16,3.99,NULL
11954,17-08-2005 17:18,145,49,17-08-2005 17:18,2.99,NULL
11955,17-08-2005 17:21,319,271,17-08-2005 17:21,6.99,NULL
11956,17-08-2005 17:22,457,556,17-08-2005 17:22,6.99,NULL
11957,17-08-2005 17:22,198,418,17-08-2005 17:22,1.99,NULL
11958,17-08-2005 17:23,217,447,17-08-2005 17:23,4.99,1
11959,17-08-2005 17:23,101,591,17-08-2005 17:23,4.99,NULL
11960,17-08-2005 17:24,84,856,17-08-2005 17:24,4.99,NULL
11961,17-08-2005 17:28,276,438,17-08-2005 17:28,3.99,NULL
11962,17-08-2005 17:34,29,958,17-08-2005 17:34,2.99,0.5
11963,17-08-2005 17:35,211,51,17-08-2005 17:35,3.99,1
11964,17-08-2005 17:37,309,481,17-08-2005 17:37,6.99,NULL
11965,17-08-2005 17:39,490,43,17-08-2005 17:39,2.99,NULL
11966,17-08-2005 17:40,283,810,17-08-2005 17:40,0.99,1
11967,17-08-2005 17:45,521,254,17-08-2005 17:45,3.99,1
11968,17-08-2005 17:47,239,153,17-08-2005 17:47,0.99,NULL
11969,17-08-2005 17:49,550,145,17-08-2005 17:49,4.99,1
11970,17-08-2005 17:53,21,387,17-08-2005 17:53,0.99,0.5
11971,17-08-2005 17:53,131,604,17-08-2005 17:53,0.99,NULL
11972,17-08-2005 17:55,308,284,17-08-2005 17:55,4.99,NULL
11973,17-08-2005 17:55,131,322,17-08-2005 17:55,2.99,NULL
11974,17-08-2005 17:56,485,351,17-08-2005 17:56,2.99,1
11975,17-08-2005 17:58,458,841,17-08-2005 17:58,2.99,NULL
11976,17-08-2005 17:59,373,111,17-08-2005 17:59,3.99,NULL
11977,17-08-2005 18:01,536,334,17-08-2005 18:01,4.99,NULL
11978,17-08-2005 18:02,499,957,17-08-2005 18:02,4.99,NULL
11979,17-08-2005 18:07,255,123,17-08-2005 18:07,4.99,NULL
11980,17-08-2005 18:10,589,905,17-08-2005 18:10,4.99,NULL
11981,17-08-2005 18:10,294,709,17-08-2005 18:10,2.99,NULL
11982,17-08-2005 18:13,186,23,17-08-2005 18:13,0.99,1
11983,17-08-2005 18:13,304,565,17-08-2005 18:13,4.99,NULL
11984,17-08-2005 18:16,96,782,17-08-2005 18:16,3.99,NULL
11985,17-08-2005 18:19,198,478,17-08-2005 18:19,2.99,NULL
11986,17-08-2005 18:21,352,352,17-08-2005 18:21,0.99,NULL
11987,17-08-2005 18:21,494,323,17-08-2005 18:21,5.99,NULL
11988,17-08-2005 18:23,62,752,17-08-2005 18:23,0.99,NULL
11989,17-08-2005 18:23,439,806,17-08-2005 18:23,2.99,NULL
11990,17-08-2005 18:26,17,661,17-08-2005 18:26,4.99,1
11991,17-08-2005 18:27,361,208,17-08-2005 18:27,3.99,NULL
11992,17-08-2005 18:27,136,897,17-08-2005 18:27,10.99,1
11993,17-08-2005 18:27,303,67,17-08-2005 18:27,2.99,NULL
11994,17-08-2005 18:29,319,752,17-08-2005 18:29,2.99,NULL
11995,14-02-2006 15:16,69,862,14-02-2006 15:16,0.99,NULL
11996,17-08-2005 18:34,510,596,17-08-2005 18:34,4.99,1
11997,17-08-2005 18:34,411,474,17-08-2005 18:34,5.99,NULL
11998,17-08-2005 18:46,299,925,17-08-2005 18:46,0.99,0.5
11999,17-08-2005 18:47,125,945,17-08-2005 18:47,0.99,NULL
12000,17-08-2005 18:49,149,488,17-08-2005 18:49,4.99,NULL
12001,14-02-2006 15:16,52,902,14-02-2006 15:16,4.99,NULL
12002,17-08-2005 18:56,75,304,17-08-2005 18:56,2.99,NULL
12003,17-08-2005 18:56,70,846,17-08-2005 18:56,4.99,NULL
12004,17-08-2005 18:56,499,590,17-08-2005 18:56,8.99,NULL
12005,17-08-2005 18:56,403,447,17-08-2005 18:56,5.99,1
12006,17-08-2005 19:09,272,887,17-08-2005 19:09,6.99,1
12007,17-08-2005 19:10,268,660,17-08-2005 19:10,2.99,1
12008,17-08-2005 19:16,562,190,17-08-2005 19:16,4.99,NULL
12009,14-02-2006 15:16,296,462,14-02-2006 15:16,2.99,1
12010,17-08-2005 19:17,554,239,17-08-2005 19:17,8.99,1
12011,17-08-2005 19:19,313,110,17-08-2005 19:19,2.99,1
12012,17-08-2005 19:20,69,592,17-08-2005 19:20,2.99,NULL
12013,17-08-2005 19:23,586,772,17-08-2005 19:23,4.99,NULL
12014,17-08-2005 19:29,554,387,17-08-2005 19:29,0.99,1
12015,17-08-2005 19:32,11,129,17-08-2005 19:32,5.99,0.5
12016,17-08-2005 19:33,327,457,17-08-2005 19:33,0.99,0.5
12017,17-08-2005 19:33,573,76,17-08-2005 19:33,1.99,NULL
12018,17-08-2005 19:44,319,417,17-08-2005 19:44,4.99,NULL
12019,17-08-2005 19:48,90,562,17-08-2005 19:48,0.99,1
12020,17-08-2005 19:50,72,717,17-08-2005 19:50,2.99,NULL
12021,17-08-2005 19:52,27,867,17-08-2005 19:52,5.99,NULL
12022,17-08-2005 19:52,461,448,17-08-2005 19:52,2.99,NULL
12023,17-08-2005 19:54,22,55,17-08-2005 19:54,5.99,NULL
12024,17-08-2005 19:57,484,524,17-08-2005 19:57,0.99,1
12025,17-08-2005 19:59,209,875,17-08-2005 19:59,0.99,1
12026,17-08-2005 20:00,468,344,17-08-2005 20:00,6.99,1
12027,17-08-2005 20:01,285,9,17-08-2005 20:01,8.99,0.5
12028,17-08-2005 20:03,316,132,17-08-2005 20:03,0.99,1
12029,17-08-2005 20:07,148,770,17-08-2005 20:07,2.99,NULL
12030,17-08-2005 20:10,434,99,17-08-2005 20:10,2.99,NULL
12031,17-08-2005 20:11,10,613,17-08-2005 20:11,2.99,0.5
12032,17-08-2005 20:14,141,245,17-08-2005 20:14,5.99,0.5
12033,17-08-2005 20:14,321,599,17-08-2005 20:14,6.99,NULL
12034,17-08-2005 20:15,321,183,17-08-2005 20:15,7.99,NULL
12035,17-08-2005 20:18,469,507,17-08-2005 20:18,0.99,NULL
12036,17-08-2005 20:19,85,790,17-08-2005 20:19,0.99,NULL
12037,17-08-2005 20:21,356,167,17-08-2005 20:21,4.99,1
12038,17-08-2005 20:28,148,831,17-08-2005 20:28,0.99,NULL
12039,17-08-2005 20:29,563,963,17-08-2005 20:29,1.99,NULL
12040,17-08-2005 20:29,558,285,17-08-2005 20:29,6.99,NULL
12041,17-08-2005 20:34,295,521,17-08-2005 20:34,4.99,1
12042,17-08-2005 20:36,570,384,17-08-2005 20:36,4.99,NULL
12043,17-08-2005 20:38,592,810,17-08-2005 20:38,0.99,NULL
12044,17-08-2005 20:39,388,741,17-08-2005 20:39,0.99,NULL
12045,17-08-2005 20:40,556,103,17-08-2005 20:40,4.99,NULL
12046,17-08-2005 20:47,435,850,17-08-2005 20:47,0.99,1
12047,17-08-2005 20:48,251,849,17-08-2005 20:48,3.99,NULL
12048,17-08-2005 20:49,466,826,17-08-2005 20:49,7.99,1
12049,17-08-2005 20:53,178,531,17-08-2005 20:53,6.99,1
12050,17-08-2005 20:55,405,511,17-08-2005 20:55,0.99,NULL
12051,17-08-2005 20:56,579,871,17-08-2005 20:56,6.99,NULL
12052,17-08-2005 20:57,536,20,17-08-2005 20:57,8.99,NULL
12053,17-08-2005 20:57,280,972,17-08-2005 20:57,4.99,NULL
12054,17-08-2005 20:59,53,827,17-08-2005 20:59,5.99,0.5
12055,17-08-2005 21:02,35,324,17-08-2005 21:02,4.99,NULL
12056,17-08-2005 21:03,460,243,17-08-2005 21:03,5.99,NULL
12057,17-08-2005 21:04,263,409,17-08-2005 21:04,9.99,NULL
12058,17-08-2005 21:07,540,532,17-08-2005 21:07,8.99,NULL
12059,17-08-2005 21:09,393,894,17-08-2005 21:09,2.99,1
12060,17-08-2005 21:11,127,518,17-08-2005 21:11,4.99,1
12061,17-08-2005 21:13,532,30,17-08-2005 21:13,3.99,1
12062,17-08-2005 21:24,330,389,17-08-2005 21:24,2.99,NULL
12063,17-08-2005 21:24,550,252,17-08-2005 21:24,2.99,1
12064,14-02-2006 15:16,284,67,14-02-2006 15:16,5.98,NULL
12065,17-08-2005 21:31,77,796,17-08-2005 21:31,6.99,1
12066,14-02-2006 15:16,267,542,14-02-2006 15:16,7.98,1
12067,17-08-2005 21:36,514,438,17-08-2005 21:36,4.99,1
12068,17-08-2005 21:37,388,942,17-08-2005 21:37,2.99,NULL
12069,17-08-2005 21:39,389,137,17-08-2005 21:39,4.99,1
12070,17-08-2005 21:46,158,299,17-08-2005 21:46,1.99,NULL
12071,17-08-2005 21:49,507,409,17-08-2005 21:49,6.99,0.5
12072,17-08-2005 21:50,61,46,17-08-2005 21:50,9.99,NULL
12073,17-08-2005 21:50,173,645,17-08-2005 21:50,2.99,NULL
12074,17-08-2005 21:50,417,155,17-08-2005 21:50,0.99,NULL
12075,17-08-2005 21:54,125,691,17-08-2005 21:54,4.99,NULL
12076,17-08-2005 21:58,298,931,17-08-2005 21:58,0.99,NULL
12077,17-08-2005 21:59,550,785,17-08-2005 21:59,4.99,1
12078,17-08-2005 22:00,137,150,17-08-2005 22:00,2.99,NULL
12079,17-08-2005 22:04,230,140,17-08-2005 22:04,1.99,NULL
12080,17-08-2005 22:08,394,327,17-08-2005 22:08,4.99,NULL
12081,17-08-2005 22:10,597,135,17-08-2005 22:10,4.99,NULL
12082,17-08-2005 22:13,521,753,17-08-2005 22:13,4.99,1
12083,17-08-2005 22:13,474,433,17-08-2005 22:13,2.99,NULL
12084,17-08-2005 22:16,60,594,17-08-2005 22:16,1.99,1
12085,17-08-2005 22:17,31,131,17-08-2005 22:17,4.99,1
12086,17-08-2005 22:20,140,864,17-08-2005 22:20,4.99,NULL
12087,17-08-2005 22:20,144,72,17-08-2005 22:20,2.99,NULL
12088,17-08-2005 22:20,360,381,17-08-2005 22:20,5.99,NULL
12089,17-08-2005 22:20,538,141,17-08-2005 22:20,5.99,1
12090,17-08-2005 22:21,391,744,17-08-2005 22:21,0.99,0.5
12091,17-08-2005 22:22,555,467,17-08-2005 22:22,4.99,NULL
12092,17-08-2005 22:28,38,864,17-08-2005 22:28,0.99,NULL
12093,17-08-2005 22:28,141,49,17-08-2005 22:28,2.99,0.5
12094,17-08-2005 22:31,130,234,17-08-2005 22:31,2.99,1
12095,17-08-2005 22:32,46,243,17-08-2005 22:32,4.99,1
12096,17-08-2005 22:32,463,9,17-08-2005 22:32,7.99,NULL
12097,17-08-2005 22:35,325,898,17-08-2005 22:35,4.99,1
12098,17-08-2005 22:38,545,117,17-08-2005 22:38,4.99,NULL
12099,17-08-2005 22:38,195,379,17-08-2005 22:38,0.99,NULL
12100,17-08-2005 22:41,391,951,17-08-2005 22:41,1.99,0.5
12101,14-02-2006 15:16,479,341,14-02-2006 15:16,0.99,NULL
12102,17-08-2005 22:45,392,929,17-08-2005 22:45,6.99,NULL
12103,17-08-2005 22:49,153,951,17-08-2005 22:49,1.99,NULL
12104,17-08-2005 22:53,16,993,17-08-2005 22:53,2.99,NULL
12105,17-08-2005 22:54,390,624,17-08-2005 22:54,5.99,NULL
12106,17-08-2005 22:55,465,710,17-08-2005 22:55,4.99,NULL
12107,17-08-2005 22:56,141,235,17-08-2005 22:56,3.99,0.5
12108,17-08-2005 22:56,207,366,17-08-2005 22:56,6.99,NULL
12109,17-08-2005 22:58,509,311,17-08-2005 22:58,4.99,1
12110,17-08-2005 22:59,511,654,17-08-2005 22:59,6.99,1
12111,17-08-2005 22:59,317,638,17-08-2005 22:59,2.99,NULL
12112,17-08-2005 23:00,576,934,17-08-2005 23:00,5.99,NULL
12113,17-08-2005 23:01,393,595,17-08-2005 23:01,1.99,1
12114,17-08-2005 23:02,65,307,17-08-2005 23:02,7.99,NULL
12115,17-08-2005 23:04,457,272,17-08-2005 23:04,4.99,NULL
12116,14-02-2006 15:16,560,677,14-02-2006 15:16,5.98,NULL
12117,17-08-2005 23:11,303,899,17-08-2005 23:11,0.99,NULL
12118,17-08-2005 23:14,89,34,17-08-2005 23:14,3.99,NULL
12119,17-08-2005 23:16,567,936,17-08-2005 23:16,2.99,1
12120,17-08-2005 23:16,323,640,17-08-2005 23:16,4.99,NULL
12121,17-08-2005 23:20,69,750,17-08-2005 23:20,2.99,NULL
12122,17-08-2005 23:20,375,878,17-08-2005 23:20,9.99,NULL
12123,17-08-2005 23:22,497,79,17-08-2005 23:22,0.99,NULL
12124,17-08-2005 23:22,22,443,17-08-2005 23:22,2.99,NULL
12125,17-08-2005 23:24,573,27,17-08-2005 23:24,1.99,NULL
12126,17-08-2005 23:25,302,501,17-08-2005 23:25,7.99,1
12127,14-02-2006 15:16,582,917,14-02-2006 15:16,2.99,NULL
12128,17-08-2005 23:31,415,487,17-08-2005 23:31,5.99,NULL
12129,17-08-2005 23:31,146,199,17-08-2005 23:31,7.99,NULL
12130,14-02-2006 15:16,516,300,14-02-2006 15:16,5.98,NULL
12131,17-08-2005 23:34,21,741,17-08-2005 23:34,2.99,0.5
12132,17-08-2005 23:37,403,571,17-08-2005 23:37,2.99,1
12133,17-08-2005 23:47,132,427,17-08-2005 23:47,0.99,NULL
12134,17-08-2005 23:49,288,589,17-08-2005 23:49,1.99,NULL
12135,17-08-2005 23:50,381,228,17-08-2005 23:50,2.99,NULL
12136,17-08-2005 23:51,527,859,17-08-2005 23:51,7.99,NULL
12137,17-08-2005 23:52,109,793,17-08-2005 23:52,6.99,NULL
12138,17-08-2005 23:55,317,86,17-08-2005 23:55,7.99,NULL
12139,17-08-2005 23:57,342,336,17-08-2005 23:57,6.99,1
12140,17-08-2005 23:57,408,72,17-08-2005 23:57,2.99,NULL
12141,14-02-2006 15:16,101,160,14-02-2006 15:16,0.99,NULL
12142,18-08-2005 00:04,373,820,18-08-2005 00:04,5.99,NULL
12143,18-08-2005 00:06,117,631,18-08-2005 00:06,2.99,1
12144,14-02-2006 15:16,587,114,14-02-2006 15:16,0.99,NULL
12145,18-08-2005 00:10,5,763,18-08-2005 00:10,9.99,NULL
12146,18-08-2005 00:10,434,840,18-08-2005 00:10,2.99,NULL
12147,18-08-2005 00:10,41,154,18-08-2005 00:10,2.99,NULL
12148,18-08-2005 00:13,254,525,18-08-2005 00:13,0.99,1
12149,18-08-2005 00:13,277,809,18-08-2005 00:13,3.99,NULL
12150,18-08-2005 00:13,555,828,18-08-2005 00:13,2.99,NULL
12151,18-08-2005 00:14,4,431,18-08-2005 00:14,2.99,NULL
12152,18-08-2005 00:21,367,614,18-08-2005 00:21,4.99,1
12153,18-08-2005 00:22,387,857,18-08-2005 00:22,4.99,NULL
12154,18-08-2005 00:23,163,546,18-08-2005 00:23,2.99,0.5
12155,18-08-2005 00:24,315,448,18-08-2005 00:24,2.99,NULL
12156,18-08-2005 00:27,212,720,18-08-2005 00:27,7.99,NULL
12157,18-08-2005 00:33,569,502,18-08-2005 00:33,2.99,1
12158,18-08-2005 00:34,289,896,18-08-2005 00:34,1.99,NULL
12159,18-08-2005 00:36,106,485,18-08-2005 00:36,7.99,1
12160,18-08-2005 00:37,481,293,18-08-2005 00:37,2.99,NULL
12161,18-08-2005 00:41,444,528,18-08-2005 00:41,6.99,NULL
12162,18-08-2005 00:44,284,592,18-08-2005 00:44,3.99,NULL
12163,18-08-2005 00:46,455,298,18-08-2005 00:46,2.99,NULL
12164,18-08-2005 00:46,587,843,18-08-2005 00:46,4.99,NULL
12165,18-08-2005 00:53,24,916,18-08-2005 00:53,8.99,NULL
12166,18-08-2005 00:57,184,791,18-08-2005 00:57,9.99,NULL
12167,18-08-2005 01:00,338,678,18-08-2005 01:00,2.99,NULL
12168,18-08-2005 01:03,535,626,18-08-2005 01:03,2.99,NULL
12169,18-08-2005 01:05,323,494,18-08-2005 01:05,2.99,NULL
12170,18-08-2005 01:06,289,249,18-08-2005 01:06,0.99,NULL
12171,18-08-2005 01:06,457,100,18-08-2005 01:06,4.99,NULL
12172,18-08-2005 01:07,226,257,18-08-2005 01:07,1.99,NULL
12173,18-08-2005 01:08,41,621,18-08-2005 01:08,3.99,NULL
12174,18-08-2005 01:08,101,319,18-08-2005 01:08,2.99,NULL
12175,18-08-2005 01:10,328,995,18-08-2005 01:10,4.99,NULL
12176,18-08-2005 01:10,255,846,18-08-2005 01:10,7.99,NULL
12177,18-08-2005 01:15,470,115,18-08-2005 01:15,3.99,NULL
12178,18-08-2005 01:17,276,254,18-08-2005 01:17,5.99,NULL
12179,18-08-2005 01:21,222,328,18-08-2005 01:21,2.99,1
12180,18-08-2005 01:28,20,492,18-08-2005 01:28,0.99,NULL
12181,18-08-2005 01:28,81,117,18-08-2005 01:28,4.99,NULL
12182,18-08-2005 01:30,555,67,18-08-2005 01:30,2.99,NULL
12183,18-08-2005 01:34,344,692,18-08-2005 01:34,5.99,NULL
12184,18-08-2005 01:36,51,376,18-08-2005 01:36,0.99,NULL
12185,18-08-2005 01:40,588,341,18-08-2005 01:40,2.99,1
12186,18-08-2005 01:43,312,295,18-08-2005 01:43,2.99,NULL
12187,18-08-2005 01:45,38,738,18-08-2005 01:45,1.99,NULL
12188,18-08-2005 01:51,456,655,18-08-2005 01:51,4.99,NULL
12189,18-08-2005 01:51,363,382,18-08-2005 01:51,5.99,NULL
12190,18-08-2005 01:54,28,538,18-08-2005 01:54,2.99,1
12191,18-08-2005 01:57,316,586,18-08-2005 01:57,0.99,1
12192,18-08-2005 02:01,270,756,18-08-2005 02:01,2.99,NULL
12193,18-08-2005 02:03,290,242,18-08-2005 02:03,3.99,NULL
12194,18-08-2005 02:04,558,66,18-08-2005 02:04,1.99,NULL
12195,18-08-2005 02:07,347,209,18-08-2005 02:07,2.99,NULL
12196,18-08-2005 02:08,111,937,18-08-2005 02:08,3.99,NULL
12197,18-08-2005 02:08,564,806,18-08-2005 02:08,6.99,1
12198,18-08-2005 02:09,86,356,18-08-2005 02:09,2.99,NULL
12199,18-08-2005 02:09,96,93,18-08-2005 02:09,4.99,NULL
12200,18-08-2005 02:12,52,184,18-08-2005 02:12,2.99,NULL
12201,18-08-2005 02:14,540,804,18-08-2005 02:14,4.99,NULL
12202,18-08-2005 02:14,563,147,18-08-2005 02:14,1.99,NULL
12203,18-08-2005 02:18,591,919,18-08-2005 02:18,5.99,1
12204,18-08-2005 02:20,575,69,18-08-2005 02:20,7.99,NULL
12205,18-08-2005 02:21,437,169,18-08-2005 02:21,8.99,NULL
12206,18-08-2005 02:22,254,722,18-08-2005 02:22,0.99,1
12207,18-08-2005 02:24,265,819,18-08-2005 02:24,1.99,NULL
12208,18-08-2005 02:25,551,444,18-08-2005 02:25,4.99,1
12209,18-08-2005 02:27,243,62,18-08-2005 02:27,2.99,NULL
12210,18-08-2005 02:27,217,666,18-08-2005 02:27,4.99,1
12211,18-08-2005 02:31,19,324,18-08-2005 02:31,9.99,NULL
12212,18-08-2005 02:33,449,851,18-08-2005 02:33,4.99,0.5
12213,18-08-2005 02:33,157,884,18-08-2005 02:33,5.99,NULL
12214,18-08-2005 02:34,231,454,18-08-2005 02:34,0.99,1
12215,18-08-2005 02:35,47,892,18-08-2005 02:35,7.99,1
12216,18-08-2005 02:37,131,899,18-08-2005 02:37,0.99,NULL
12217,18-08-2005 02:44,105,560,18-08-2005 02:44,0.99,NULL
12218,18-08-2005 02:48,70,420,18-08-2005 02:48,4.99,NULL
12219,18-08-2005 02:49,271,486,18-08-2005 02:49,4.99,1
12220,18-08-2005 02:50,530,219,18-08-2005 02:50,4.99,NULL
12221,18-08-2005 02:50,98,545,18-08-2005 02:50,5.99,NULL
12222,14-02-2006 15:16,22,861,14-02-2006 15:16,4.99,NULL
12223,18-08-2005 02:58,397,900,18-08-2005 02:58,2.99,1
12224,18-08-2005 02:59,372,387,18-08-2005 02:59,0.99,NULL
12225,18-08-2005 03:00,306,409,18-08-2005 03:00,7.99,NULL
12226,18-08-2005 03:00,234,149,18-08-2005 03:00,0.99,NULL
12227,18-08-2005 03:04,591,803,18-08-2005 03:04,4.99,1
12228,18-08-2005 03:08,9,609,18-08-2005 03:08,2.99,NULL
12229,18-08-2005 03:08,382,249,18-08-2005 03:08,0.99,NULL
12230,18-08-2005 03:11,231,415,18-08-2005 03:11,8.99,1
12231,18-08-2005 03:11,231,247,18-08-2005 03:11,3.99,1
12232,18-08-2005 03:14,87,524,18-08-2005 03:14,0.99,NULL
12233,18-08-2005 03:16,535,39,18-08-2005 03:16,0.99,NULL
12234,18-08-2005 03:17,352,837,18-08-2005 03:17,5.99,NULL
12235,18-08-2005 03:17,595,213,18-08-2005 03:17,0.99,1
12236,18-08-2005 03:19,474,265,18-08-2005 03:19,4.99,NULL
12237,18-08-2005 03:24,381,967,18-08-2005 03:24,4.99,NULL
12238,18-08-2005 03:25,46,880,18-08-2005 03:25,2.99,1
12239,18-08-2005 03:26,75,424,18-08-2005 03:26,0.99,NULL
12240,18-08-2005 03:27,30,258,18-08-2005 03:27,2.99,NULL
12241,18-08-2005 03:33,248,280,18-08-2005 03:33,0.99,NULL
12242,18-08-2005 03:37,121,454,18-08-2005 03:37,1.99,1
12243,18-08-2005 03:38,354,397,18-08-2005 03:38,6.99,1
12244,18-08-2005 03:39,362,971,18-08-2005 03:39,4.99,1
12245,18-08-2005 03:46,576,649,18-08-2005 03:46,4.99,NULL
12246,18-08-2005 03:48,258,702,18-08-2005 03:48,5.99,NULL
12247,18-08-2005 03:51,254,489,18-08-2005 03:51,2.99,1
12248,18-08-2005 03:53,562,460,18-08-2005 03:53,5.99,NULL
12249,18-08-2005 03:53,135,784,18-08-2005 03:53,2.99,1
12250,18-08-2005 03:57,1,204,18-08-2005 03:57,0.99,0.5
12251,18-08-2005 03:59,276,668,18-08-2005 03:59,4.99,NULL
12252,18-08-2005 03:59,350,25,18-08-2005 03:59,6.99,1
12253,18-08-2005 04:00,446,122,18-08-2005 04:00,0.99,1
12254,18-08-2005 04:05,6,626,18-08-2005 04:05,2.99,NULL
12255,18-08-2005 04:07,266,456,18-08-2005 04:07,4.99,NULL
12256,18-08-2005 04:09,572,651,18-08-2005 04:09,1.99,NULL
12257,18-08-2005 04:11,87,60,18-08-2005 04:11,8.99,NULL
12258,18-08-2005 04:11,83,627,18-08-2005 04:11,4.99,NULL
12259,18-08-2005 04:14,429,638,18-08-2005 04:14,2.99,0.5
12260,18-08-2005 04:15,150,298,18-08-2005 04:15,6.99,NULL
12261,18-08-2005 04:16,485,888,18-08-2005 04:16,8.99,1
12262,18-08-2005 04:16,125,129,18-08-2005 04:16,2.99,NULL
12263,18-08-2005 04:16,131,882,18-08-2005 04:16,0.99,NULL
12264,18-08-2005 04:17,87,676,18-08-2005 04:17,5.99,NULL
12265,18-08-2005 04:22,247,117,18-08-2005 04:22,4.99,NULL
12266,18-08-2005 04:22,467,474,18-08-2005 04:22,2.99,NULL
12267,18-08-2005 04:24,388,141,18-08-2005 04:24,6.99,NULL
12268,18-08-2005 04:26,39,19,18-08-2005 04:26,0.99,1
12269,18-08-2005 04:27,573,159,18-08-2005 04:27,6.99,NULL
12270,18-08-2005 04:32,190,536,18-08-2005 04:32,2.99,NULL
12271,18-08-2005 04:33,471,846,18-08-2005 04:33,4.99,NULL
12272,18-08-2005 04:39,15,428,18-08-2005 04:39,2.99,1
12273,18-08-2005 04:40,431,774,18-08-2005 04:40,6.99,NULL
12274,18-08-2005 04:41,47,59,18-08-2005 04:41,7.99,1
12275,18-08-2005 04:42,507,322,18-08-2005 04:42,4.99,0.5
12276,18-08-2005 04:43,397,981,18-08-2005 04:43,0.99,1
12277,14-02-2006 15:16,33,90,14-02-2006 15:16,0.99,NULL
12278,18-08-2005 04:46,294,704,18-08-2005 04:46,5.99,NULL
12279,18-08-2005 04:47,421,903,18-08-2005 04:47,4.99,1
12280,18-08-2005 04:49,46,878,18-08-2005 04:49,4.99,1
12281,18-08-2005 04:50,417,1000,18-08-2005 04:50,4.99,NULL
12282,18-08-2005 04:54,173,791,18-08-2005 04:54,6.99,NULL
12283,18-08-2005 04:54,240,124,18-08-2005 04:54,6.99,0.5
12284,18-08-2005 04:55,147,694,18-08-2005 04:55,4.99,0.5
12285,18-08-2005 04:56,215,773,18-08-2005 04:56,2.99,NULL
12286,18-08-2005 04:57,34,815,18-08-2005 04:57,2.99,0.5
12287,18-08-2005 04:58,136,484,18-08-2005 04:58,5.99,1
12288,18-08-2005 05:01,523,962,18-08-2005 05:01,2.99,1
12289,18-08-2005 05:05,575,98,18-08-2005 05:05,8.99,NULL
12290,18-08-2005 05:08,283,892,18-08-2005 05:08,6.99,1
12291,18-08-2005 05:08,73,929,18-08-2005 05:08,4.99,NULL
12292,18-08-2005 05:08,58,310,18-08-2005 05:08,8.99,NULL
12293,18-08-2005 05:13,514,133,18-08-2005 05:13,4.99,1
12294,18-08-2005 05:14,4,543,18-08-2005 05:14,8.99,NULL
12295,18-08-2005 05:15,532,361,18-08-2005 05:15,5.99,1
12296,18-08-2005 05:16,258,453,18-08-2005 05:16,3.99,NULL
12297,18-08-2005 05:19,436,200,18-08-2005 05:19,0.99,NULL
12298,18-08-2005 05:30,46,200,18-08-2005 05:30,2.99,1
12299,18-08-2005 05:32,176,199,18-08-2005 05:32,2.99,NULL
12300,18-08-2005 05:36,540,706,18-08-2005 05:36,6.99,NULL
12301,18-08-2005 05:36,317,498,18-08-2005 05:36,2.99,NULL
12302,18-08-2005 05:41,514,167,18-08-2005 05:41,4.99,1
12303,18-08-2005 05:43,245,351,18-08-2005 05:43,7.99,NULL
12304,18-08-2005 05:44,228,303,18-08-2005 05:44,0.99,NULL
12305,18-08-2005 05:46,534,975,18-08-2005 05:46,2.99,1
12306,18-08-2005 05:47,541,843,18-08-2005 05:47,4.99,NULL
12307,18-08-2005 05:48,187,588,18-08-2005 05:48,8.99,NULL
12308,18-08-2005 05:48,569,631,18-08-2005 05:48,0.99,1
12309,18-08-2005 05:58,9,166,18-08-2005 05:58,2.99,NULL
12310,18-08-2005 06:02,385,835,18-08-2005 06:02,2.99,0.5
12311,18-08-2005 06:07,211,360,18-08-2005 06:07,0.99,1
12312,18-08-2005 06:07,185,16,18-08-2005 06:07,2.99,0.5
12313,18-08-2005 06:07,180,446,18-08-2005 06:07,8.99,NULL
12314,18-08-2005 06:10,455,476,18-08-2005 06:10,4.99,NULL
12315,18-08-2005 06:15,579,438,18-08-2005 06:15,5.99,NULL
12316,18-08-2005 06:16,94,942,18-08-2005 06:16,2.99,NULL
12317,18-08-2005 06:17,510,18,18-08-2005 06:17,0.99,1
12318,18-08-2005 06:21,332,808,18-08-2005 06:21,4.99,0.5
12319,18-08-2005 06:26,368,223,18-08-2005 06:26,2.99,0.5
12320,18-08-2005 06:26,267,715,18-08-2005 06:26,4.99,1
12321,18-08-2005 06:27,274,114,18-08-2005 06:27,3.99,1
12322,18-08-2005 06:35,365,921,18-08-2005 06:35,2.99,0.5
12323,18-08-2005 06:36,336,893,18-08-2005 06:36,8.99,1
12324,18-08-2005 06:38,221,531,18-08-2005 06:38,0.99,NULL
12325,18-08-2005 06:41,404,402,18-08-2005 06:41,5.99,0.5
12326,18-08-2005 06:41,114,407,18-08-2005 06:41,0.99,NULL
12327,18-08-2005 06:43,261,529,18-08-2005 06:43,6.99,NULL
12328,18-08-2005 06:43,77,299,18-08-2005 06:43,1.99,1
12329,18-08-2005 06:44,397,687,18-08-2005 06:44,1.99,1
12330,18-08-2005 06:46,587,199,18-08-2005 06:46,6.99,NULL
12331,18-08-2005 06:47,483,997,18-08-2005 06:47,3.99,0.5
12332,18-08-2005 06:51,235,136,18-08-2005 06:51,2.99,NULL
12333,18-08-2005 06:51,18,953,18-08-2005 06:51,0.99,NULL
12334,18-08-2005 06:52,160,576,18-08-2005 06:52,2.99,1
12335,18-08-2005 06:59,150,609,18-08-2005 06:59,2.99,NULL
12336,18-08-2005 06:59,75,545,18-08-2005 06:59,1.99,NULL
12337,18-08-2005 07:02,117,917,18-08-2005 07:02,2.99,1
12338,18-08-2005 07:04,408,61,18-08-2005 07:04,4.99,NULL
12339,18-08-2005 07:05,370,350,18-08-2005 07:05,4.99,1
12340,18-08-2005 07:07,239,778,18-08-2005 07:07,4.99,NULL
12341,18-08-2005 07:09,154,26,18-08-2005 07:09,0.99,1
12342,18-08-2005 07:12,63,308,18-08-2005 07:12,2.99,NULL
12343,18-08-2005 07:15,507,99,18-08-2005 07:15,4.99,0.5
12344,18-08-2005 07:15,269,804,18-08-2005 07:15,4.99,NULL
12345,18-08-2005 07:16,44,513,18-08-2005 07:16,3.99,1
12346,18-08-2005 07:17,265,267,18-08-2005 07:17,4.99,NULL
12347,18-08-2005 07:18,454,388,18-08-2005 07:18,0.99,NULL
12348,18-08-2005 07:21,186,96,18-08-2005 07:21,5.99,1
12349,18-08-2005 07:23,545,912,18-08-2005 07:23,2.99,NULL
12350,18-08-2005 07:29,172,294,18-08-2005 07:29,4.99,0.5
12351,18-08-2005 07:32,95,500,18-08-2005 07:32,5.99,1
12352,14-02-2006 15:16,155,139,14-02-2006 15:16,0,NULL
12353,18-08-2005 07:33,141,349,18-08-2005 07:33,2.99,0.5
12354,18-08-2005 07:34,499,640,18-08-2005 07:34,7.99,NULL
12355,18-08-2005 07:36,452,894,18-08-2005 07:36,0.99,NULL
12356,18-08-2005 07:37,529,110,18-08-2005 07:37,2.99,1
12357,18-08-2005 07:40,19,35,18-08-2005 07:40,2.99,NULL
12358,18-08-2005 07:41,16,112,18-08-2005 07:41,4.99,NULL
12359,18-08-2005 07:44,28,907,18-08-2005 07:44,0.99,1
12360,18-08-2005 07:46,123,206,18-08-2005 07:46,2.99,1
12361,18-08-2005 07:47,250,311,18-08-2005 07:47,0.99,NULL
12362,18-08-2005 07:48,367,688,18-08-2005 07:48,0.99,1
12363,18-08-2005 07:52,181,755,18-08-2005 07:52,7.99,NULL
12364,18-08-2005 07:55,84,745,18-08-2005 07:55,4.99,NULL
12365,18-08-2005 07:55,303,948,18-08-2005 07:55,0.99,NULL
12366,18-08-2005 07:55,115,832,18-08-2005 07:55,0.99,NULL
12367,18-08-2005 07:57,7,396,18-08-2005 07:57,8.99,NULL
12368,18-08-2005 07:57,392,827,18-08-2005 07:57,6.99,NULL
12369,18-08-2005 07:57,337,107,18-08-2005 07:57,6.99,0.5
12370,18-08-2005 07:57,503,735,18-08-2005 07:57,2.99,0.5
12371,18-08-2005 08:02,451,135,18-08-2005 08:02,2.99,NULL
12372,18-08-2005 08:04,131,654,18-08-2005 08:04,9.99,NULL
12373,18-08-2005 08:07,367,170,18-08-2005 08:07,8.99,1
12374,18-08-2005 08:07,74,208,18-08-2005 08:07,3.99,1
12375,18-08-2005 08:20,365,768,18-08-2005 08:20,4.99,0.5
12376,18-08-2005 08:20,116,187,18-08-2005 08:20,2.99,NULL
12377,18-08-2005 08:26,31,996,18-08-2005 08:26,0.99,1
12378,18-08-2005 08:26,266,966,18-08-2005 08:26,0.99,NULL
12379,18-08-2005 08:26,99,631,18-08-2005 08:26,0.99,NULL
12380,18-08-2005 08:27,215,11,18-08-2005 08:27,1.99,NULL
12381,18-08-2005 08:31,190,797,18-08-2005 08:31,0.99,NULL
12382,18-08-2005 08:32,566,670,18-08-2005 08:32,8.99,0.5
12383,18-08-2005 08:36,295,358,18-08-2005 08:36,0.99,1
12384,18-08-2005 08:36,193,560,18-08-2005 08:36,0.99,NULL
12385,18-08-2005 08:39,146,690,18-08-2005 08:39,2.99,NULL
12386,18-08-2005 08:45,199,727,18-08-2005 08:45,0.99,1
12387,18-08-2005 08:46,530,788,18-08-2005 08:46,2.99,NULL
12388,18-08-2005 08:48,555,875,18-08-2005 08:48,2.99,NULL
12389,18-08-2005 08:48,394,412,18-08-2005 08:48,4.99,NULL
12390,18-08-2005 08:51,377,787,18-08-2005 08:51,1.99,0.5
12391,18-08-2005 08:52,307,330,18-08-2005 08:52,4.99,1
12392,18-08-2005 08:57,113,591,18-08-2005 08:57,5.99,NULL
12393,18-08-2005 09:02,396,531,18-08-2005 09:02,5.99,0.5
12394,18-08-2005 09:05,330,788,18-08-2005 09:05,2.99,NULL
12395,18-08-2005 09:06,541,439,18-08-2005 09:06,4.99,NULL
12396,18-08-2005 09:11,40,791,18-08-2005 09:11,9.99,NULL
12397,18-08-2005 09:12,371,408,18-08-2005 09:12,9.99,NULL
12398,18-08-2005 09:13,321,923,18-08-2005 09:13,4.99,NULL
12399,18-08-2005 09:13,347,861,18-08-2005 09:13,10.99,NULL
12400,18-08-2005 09:19,10,383,18-08-2005 09:19,2.99,0.5
12401,18-08-2005 09:20,479,940,18-08-2005 09:20,0.99,NULL
12402,18-08-2005 09:27,123,85,18-08-2005 09:27,3.99,1
12403,18-08-2005 09:31,440,460,18-08-2005 09:31,6.99,1
12404,18-08-2005 09:36,342,244,18-08-2005 09:36,4.99,1
12405,18-08-2005 09:37,266,51,18-08-2005 09:37,6.99,NULL
12406,18-08-2005 09:38,510,952,18-08-2005 09:38,2.99,1
12407,18-08-2005 09:39,220,86,18-08-2005 09:39,4.99,NULL
12408,18-08-2005 09:40,143,514,18-08-2005 09:40,2.99,0.5
12409,18-08-2005 09:43,64,562,18-08-2005 09:43,0.99,1
12410,18-08-2005 09:45,210,414,18-08-2005 09:45,8.99,NULL
12411,18-08-2005 09:47,181,273,18-08-2005 09:47,0.99,NULL
12412,18-08-2005 09:49,75,346,18-08-2005 09:49,5.99,NULL
12413,18-08-2005 09:50,366,760,18-08-2005 09:50,2.99,0.5
12414,18-08-2005 09:50,32,973,18-08-2005 09:50,9.99,1
12415,18-08-2005 09:54,443,86,18-08-2005 09:54,4.99,1
12416,18-08-2005 09:56,515,828,18-08-2005 09:56,2.99,NULL
12417,18-08-2005 09:57,71,767,18-08-2005 09:57,4.99,NULL
12418,18-08-2005 09:59,241,911,18-08-2005 09:59,4.99,1
12419,18-08-2005 10:01,133,683,18-08-2005 10:01,4.99,NULL
12420,18-08-2005 10:01,477,100,18-08-2005 10:01,4.99,NULL
12421,18-08-2005 10:04,158,887,18-08-2005 10:04,5.99,NULL
12422,18-08-2005 10:13,451,403,18-08-2005 10:13,4.99,NULL
12423,18-08-2005 10:14,470,227,18-08-2005 10:14,8.99,NULL
12424,18-08-2005 10:16,319,446,18-08-2005 10:16,8.99,NULL
12425,18-08-2005 10:18,405,436,18-08-2005 10:18,5.99,NULL
12426,18-08-2005 10:24,75,174,18-08-2005 10:24,4.99,NULL
12427,18-08-2005 10:24,333,382,18-08-2005 10:24,6.99,NULL
12428,18-08-2005 10:24,121,816,18-08-2005 10:24,3.99,1
12429,18-08-2005 10:26,436,657,18-08-2005 10:26,6.99,NULL
12430,18-08-2005 10:32,196,623,18-08-2005 10:32,0.99,NULL
12431,18-08-2005 10:34,89,975,18-08-2005 10:34,2.99,NULL
12432,18-08-2005 10:35,263,557,18-08-2005 10:35,5.99,NULL
12433,18-08-2005 10:37,552,385,18-08-2005 10:37,4.99,1
12434,18-08-2005 10:38,314,677,18-08-2005 10:38,0.99,1
12435,18-08-2005 10:38,160,706,18-08-2005 10:38,7.99,1
12436,18-08-2005 10:41,499,823,18-08-2005 10:41,3.99,NULL
12437,18-08-2005 10:42,467,879,18-08-2005 10:42,9.99,NULL
12438,18-08-2005 10:42,186,444,18-08-2005 10:42,8.99,1
12439,18-08-2005 10:44,153,704,18-08-2005 10:44,3.99,NULL
12440,18-08-2005 10:47,474,610,18-08-2005 10:47,0.99,NULL
12441,18-08-2005 10:47,561,467,18-08-2005 10:47,2.99,NULL
12442,18-08-2005 10:50,270,16,18-08-2005 10:50,2.99,NULL
12443,18-08-2005 10:50,233,445,18-08-2005 10:50,5.99,0.5
12444,18-08-2005 10:53,285,358,18-08-2005 10:53,0.99,0.5
12445,18-08-2005 10:56,350,735,18-08-2005 10:56,2.99,1
12446,18-08-2005 10:56,448,462,18-08-2005 10:56,2.99,NULL
12447,18-08-2005 10:57,469,890,18-08-2005 10:57,4.99,NULL
12448,18-08-2005 10:59,72,850,18-08-2005 10:59,0.99,NULL
12449,18-08-2005 11:03,285,143,18-08-2005 11:03,0.99,0.5
12450,18-08-2005 11:04,518,754,18-08-2005 11:04,2.99,0.5
12451,18-08-2005 11:04,183,610,18-08-2005 11:04,0.99,1
12452,18-08-2005 11:14,358,926,18-08-2005 11:14,6.99,1
12453,18-08-2005 11:17,104,545,18-08-2005 11:17,3.99,NULL
12454,18-08-2005 11:19,184,917,18-08-2005 11:19,2.99,NULL
12455,18-08-2005 11:19,46,979,18-08-2005 11:19,4.99,1
12456,18-08-2005 11:21,85,1000,18-08-2005 11:21,4.99,NULL
12457,14-02-2006 15:16,80,464,14-02-2006 15:16,2.99,NULL
12458,18-08-2005 11:22,277,1000,18-08-2005 11:22,5.99,NULL
12459,18-08-2005 11:25,39,92,18-08-2005 11:25,4.99,1
12460,18-08-2005 11:25,419,776,18-08-2005 11:25,7.99,1
12461,18-08-2005 11:28,27,344,18-08-2005 11:28,0.99,NULL
12462,18-08-2005 11:28,574,199,18-08-2005 11:28,2.99,0.5
12463,18-08-2005 11:31,214,6,18-08-2005 11:31,4.99,NULL
12464,18-08-2005 11:33,157,426,18-08-2005 11:33,6.99,NULL
12465,18-08-2005 11:35,486,377,18-08-2005 11:35,0.99,NULL
12466,18-08-2005 11:36,462,590,18-08-2005 11:36,4.99,1
12467,18-08-2005 11:40,212,309,18-08-2005 11:40,0.99,NULL
12468,18-08-2005 11:41,80,368,18-08-2005 11:41,2.99,NULL
12469,18-08-2005 11:53,237,523,18-08-2005 11:53,0.99,NULL
12470,18-08-2005 11:55,82,285,18-08-2005 11:55,3.99,NULL
12471,18-08-2005 11:57,101,55,18-08-2005 11:57,4.99,NULL
12472,18-08-2005 11:58,297,973,18-08-2005 11:58,10.99,1
12473,18-08-2005 11:59,303,274,18-08-2005 11:59,2.99,NULL
12474,18-08-2005 12:10,78,484,18-08-2005 12:10,8.99,1
12475,18-08-2005 12:14,401,685,18-08-2005 12:14,4.99,0.5
12476,18-08-2005 12:22,122,611,18-08-2005 12:22,4.99,NULL
12477,18-08-2005 12:25,74,986,18-08-2005 12:25,3.99,1
12478,18-08-2005 12:25,42,985,18-08-2005 12:25,4.99,NULL
12479,18-08-2005 12:26,401,248,18-08-2005 12:26,4.99,0.5
12480,18-08-2005 12:26,446,734,18-08-2005 12:26,8.99,1
12481,18-08-2005 12:31,218,529,18-08-2005 12:31,2.99,NULL
12482,18-08-2005 12:37,247,827,18-08-2005 12:37,7.99,NULL
12483,18-08-2005 12:38,488,392,18-08-2005 12:38,5.99,NULL
12484,18-08-2005 12:39,300,807,18-08-2005 12:39,2.99,1
12485,18-08-2005 12:41,345,92,18-08-2005 12:41,4.99,NULL
12486,18-08-2005 12:42,515,655,18-08-2005 12:42,8.99,NULL
12487,18-08-2005 12:45,485,560,18-08-2005 12:45,0.99,1
12488,18-08-2005 12:48,29,731,18-08-2005 12:48,4.99,0.5
12489,14-02-2006 15:16,60,86,14-02-2006 15:16,9.98,1
12490,18-08-2005 12:48,187,346,18-08-2005 12:48,9.99,NULL
12491,18-08-2005 12:48,247,512,18-08-2005 12:48,4.99,NULL
12492,18-08-2005 12:49,224,623,18-08-2005 12:49,4.99,1
12493,18-08-2005 12:53,487,665,18-08-2005 12:53,7.99,1
12494,18-08-2005 12:53,522,842,18-08-2005 12:53,6.99,NULL
12495,18-08-2005 12:56,102,271,18-08-2005 12:56,4.99,NULL
12496,18-08-2005 12:58,489,100,18-08-2005 12:58,6.99,0.5
12497,18-08-2005 12:58,388,180,18-08-2005 12:58,4.99,NULL
12498,18-08-2005 13:01,408,236,18-08-2005 13:01,2.99,NULL
12499,18-08-2005 13:05,42,572,18-08-2005 13:05,2.99,NULL
12500,18-08-2005 13:05,310,7,18-08-2005 13:05,4.99,1
12501,18-08-2005 13:13,173,159,18-08-2005 13:13,4.99,NULL
12502,18-08-2005 13:16,235,465,18-08-2005 13:16,4.99,NULL
12503,18-08-2005 13:16,379,776,18-08-2005 13:16,4.99,1
12504,18-08-2005 13:17,44,968,18-08-2005 13:17,4.99,1
12505,18-08-2005 13:17,406,818,18-08-2005 13:17,5.99,NULL
12506,14-02-2006 15:16,114,251,14-02-2006 15:16,4.99,NULL
12507,18-08-2005 13:19,584,44,18-08-2005 13:19,8.99,NULL
12508,18-08-2005 13:20,29,235,18-08-2005 13:20,2.99,0.5
12509,18-08-2005 13:21,175,538,18-08-2005 13:21,0.99,1
12510,18-08-2005 13:22,394,670,18-08-2005 13:22,9.99,NULL
12511,18-08-2005 13:23,447,204,18-08-2005 13:23,0.99,1
12512,18-08-2005 13:28,148,863,18-08-2005 13:28,3.99,NULL
12513,18-08-2005 13:31,527,6,18-08-2005 13:31,6.99,NULL
12514,18-08-2005 13:33,400,728,18-08-2005 13:33,2.99,NULL
12515,18-08-2005 13:39,63,593,18-08-2005 13:39,0.99,NULL
12516,18-08-2005 13:39,302,294,18-08-2005 13:39,4.99,1
12517,18-08-2005 13:40,520,638,18-08-2005 13:40,4.99,1
12518,18-08-2005 13:41,264,845,18-08-2005 13:41,4.99,0.5
12519,18-08-2005 13:42,203,523,18-08-2005 13:42,0.99,NULL
12520,18-08-2005 13:42,52,149,18-08-2005 13:42,0.99,NULL
12521,18-08-2005 13:43,369,228,18-08-2005 13:43,0.99,NULL
12522,18-08-2005 13:45,342,970,18-08-2005 13:45,2.99,1
12523,18-08-2005 13:45,230,197,18-08-2005 13:45,7.99,NULL
12524,14-02-2006 15:16,438,189,14-02-2006 15:16,0.99,NULL
12525,18-08-2005 13:48,96,512,18-08-2005 13:48,4.99,NULL
12526,18-08-2005 13:48,54,774,18-08-2005 13:48,2.99,0.5
12527,18-08-2005 13:48,459,556,18-08-2005 13:48,6.99,0.5
12528,18-08-2005 13:52,398,741,18-08-2005 13:52,2.99,1
12529,18-08-2005 13:53,382,427,18-08-2005 13:53,0.99,NULL
12530,18-08-2005 13:54,521,234,18-08-2005 13:54,4.99,1
12531,18-08-2005 13:57,27,609,18-08-2005 13:57,2.99,NULL
12532,18-08-2005 13:57,184,22,18-08-2005 13:57,2.99,NULL
12533,18-08-2005 14:01,331,174,18-08-2005 14:01,4.99,NULL
12534,18-08-2005 14:04,187,222,18-08-2005 14:04,7.99,NULL
12535,18-08-2005 14:05,516,646,18-08-2005 14:05,1.99,NULL
12536,18-08-2005 14:06,373,510,18-08-2005 14:06,5.99,NULL
12537,18-08-2005 14:06,56,11,18-08-2005 14:06,1.99,NULL
12538,18-08-2005 14:09,118,302,18-08-2005 14:09,2.99,NULL
12539,18-08-2005 14:10,136,717,18-08-2005 14:10,0.99,1
12540,18-08-2005 14:17,304,620,18-08-2005 14:17,5.99,NULL
12541,18-08-2005 14:18,584,949,18-08-2005 14:18,2.99,NULL
12542,18-08-2005 14:21,230,417,18-08-2005 14:21,0.99,NULL
12543,18-08-2005 14:23,324,73,18-08-2005 14:23,2.99,1
12544,18-08-2005 14:25,354,828,18-08-2005 14:25,3.99,1
12545,18-08-2005 14:28,168,433,18-08-2005 14:28,6.99,1
12546,18-08-2005 14:29,30,132,18-08-2005 14:29,2.99,NULL
12547,18-08-2005 14:29,591,668,18-08-2005 14:29,4.99,1
12548,18-08-2005 14:35,426,164,18-08-2005 14:35,5.99,1
12549,18-08-2005 14:38,377,226,18-08-2005 14:38,4.99,0.5
12550,18-08-2005 14:40,138,928,18-08-2005 14:40,2.99,1
12551,18-08-2005 14:46,15,474,18-08-2005 14:46,2.99,1
12552,18-08-2005 14:46,413,937,18-08-2005 14:46,2.99,1
12553,18-08-2005 14:46,454,636,18-08-2005 14:46,0.99,NULL
12554,18-08-2005 14:47,404,156,18-08-2005 14:47,8.99,0.5
12555,18-08-2005 14:49,557,970,18-08-2005 14:49,1.99,NULL
12556,18-08-2005 14:49,3,433,18-08-2005 14:49,4.99,NULL
12557,18-08-2005 14:51,364,70,18-08-2005 14:51,4.99,NULL
12558,18-08-2005 14:52,289,37,18-08-2005 14:52,7.99,NULL
12559,18-08-2005 14:53,513,8,18-08-2005 14:53,5.99,NULL
12560,18-08-2005 14:54,596,181,18-08-2005 14:54,4.99,NULL
12561,18-08-2005 14:58,392,176,18-08-2005 14:58,0.99,NULL
12562,18-08-2005 15:00,212,116,18-08-2005 15:00,3.99,NULL
12563,18-08-2005 15:08,393,559,18-08-2005 15:08,4.99,1
12564,18-08-2005 15:11,348,58,18-08-2005 15:11,2.99,NULL
12565,18-08-2005 15:12,211,284,18-08-2005 15:12,4.99,1
12566,18-08-2005 15:13,407,367,18-08-2005 15:13,0.99,NULL
12567,18-08-2005 15:14,308,644,18-08-2005 15:14,3.99,NULL
12568,18-08-2005 15:15,569,582,18-08-2005 15:15,3.99,1
12569,18-08-2005 15:20,29,226,18-08-2005 15:20,6.99,0.5
12570,18-08-2005 15:23,211,865,18-08-2005 15:23,5.99,1
12571,18-08-2005 15:31,591,227,18-08-2005 15:31,5.99,1
12572,18-08-2005 15:32,253,301,18-08-2005 15:32,0.99,0.5
12573,18-08-2005 15:32,182,310,18-08-2005 15:32,4.99,NULL
12574,14-02-2006 15:16,317,39,14-02-2006 15:16,0.99,NULL
12575,18-08-2005 15:37,117,755,18-08-2005 15:37,6.99,1
12576,18-08-2005 15:38,119,73,18-08-2005 15:38,2.99,0.5
12577,18-08-2005 15:39,16,898,18-08-2005 15:39,7.99,NULL
12578,18-08-2005 15:47,514,206,18-08-2005 15:47,0.99,1
12579,18-08-2005 15:47,547,663,18-08-2005 15:47,0.99,0.5
12580,18-08-2005 15:49,53,266,18-08-2005 15:49,2.99,0.5
12581,18-08-2005 15:49,70,938,18-08-2005 15:49,6.99,NULL
12582,18-08-2005 15:51,462,976,18-08-2005 15:51,0.99,1
12583,18-08-2005 15:51,108,679,18-08-2005 15:51,2.99,NULL
12584,18-08-2005 15:51,371,980,18-08-2005 15:51,7.99,NULL
12585,18-08-2005 15:52,110,169,18-08-2005 15:52,3.99,1
12586,18-08-2005 15:54,460,922,18-08-2005 15:54,4.99,NULL
12587,18-08-2005 16:03,499,677,18-08-2005 16:03,1.99,NULL
12588,18-08-2005 16:04,415,152,18-08-2005 16:04,2.99,NULL
12589,18-08-2005 16:06,275,213,18-08-2005 16:06,5.99,NULL
12590,18-08-2005 16:11,308,575,18-08-2005 16:11,6.99,NULL
12591,18-08-2005 16:16,546,158,18-08-2005 16:16,2.99,1
12592,18-08-2005 16:17,305,353,18-08-2005 16:17,3.99,NULL
12593,18-08-2005 16:17,72,891,18-08-2005 16:17,0.99,NULL
12594,18-08-2005 16:24,198,966,18-08-2005 16:24,4.99,NULL
12595,18-08-2005 16:27,286,363,18-08-2005 16:27,0.99,NULL
12596,18-08-2005 16:29,378,800,18-08-2005 16:29,2.99,1
12597,18-08-2005 16:34,474,833,18-08-2005 16:34,2.99,NULL
12598,18-08-2005 16:34,340,694,18-08-2005 16:34,4.99,1
12599,18-08-2005 16:42,34,443,18-08-2005 16:42,2.99,0.5
12600,18-08-2005 16:44,171,322,18-08-2005 16:44,4.99,NULL
12601,18-08-2005 16:47,598,681,18-08-2005 16:47,2.99,NULL
12602,18-08-2005 16:49,533,436,18-08-2005 16:49,0.99,1
12603,18-08-2005 16:56,119,608,18-08-2005 16:56,3.99,0.5
12604,18-08-2005 16:58,12,897,18-08-2005 16:58,4.99,1
12605,18-08-2005 16:59,496,300,18-08-2005 16:59,4.99,1
12606,18-08-2005 17:02,275,79,18-08-2005 17:02,1.99,NULL
12607,18-08-2005 17:03,526,461,18-08-2005 17:03,0.99,NULL
12608,18-08-2005 17:05,366,135,18-08-2005 17:05,4.99,0.5
12609,18-08-2005 17:06,486,505,18-08-2005 17:06,2.99,NULL
12610,14-02-2006 15:16,269,698,14-02-2006 15:16,0,NULL
12611,18-08-2005 17:09,359,418,18-08-2005 17:09,1.99,NULL
12612,18-08-2005 17:10,129,231,18-08-2005 17:10,3.99,1
12613,18-08-2005 17:16,8,847,18-08-2005 17:16,2.99,NULL
12614,18-08-2005 17:16,60,483,18-08-2005 17:16,7.99,1
12615,18-08-2005 17:16,29,473,18-08-2005 17:16,6.99,0.5
12616,18-08-2005 17:22,476,648,18-08-2005 17:22,4.99,NULL
12617,18-08-2005 17:22,564,782,18-08-2005 17:22,2.99,1
12618,18-08-2005 17:24,117,68,18-08-2005 17:24,4.99,1
12619,18-08-2005 17:24,592,218,18-08-2005 17:24,0.99,NULL
12620,18-08-2005 17:26,221,585,18-08-2005 17:26,3.99,NULL
12621,18-08-2005 17:31,439,997,18-08-2005 17:31,2.99,NULL
12622,18-08-2005 17:34,529,62,18-08-2005 17:34,3.99,1
12623,18-08-2005 17:34,177,803,18-08-2005 17:34,4.99,NULL
12624,18-08-2005 17:35,434,251,18-08-2005 17:35,7.99,NULL
12625,18-08-2005 17:36,108,580,18-08-2005 17:36,6.99,NULL
12626,18-08-2005 17:36,361,920,18-08-2005 17:36,5.99,NULL
12627,18-08-2005 17:37,150,823,18-08-2005 17:37,2.99,NULL
12628,18-08-2005 17:40,520,705,18-08-2005 17:40,5.99,1
12629,18-08-2005 17:40,459,371,18-08-2005 17:40,7.99,0.5
12630,18-08-2005 17:49,452,319,18-08-2005 17:49,4.99,NULL
12631,18-08-2005 17:52,339,610,18-08-2005 17:52,0.99,1
12632,18-08-2005 17:54,381,181,18-08-2005 17:54,2.99,NULL
12633,18-08-2005 17:55,469,946,18-08-2005 17:55,6.99,NULL
12634,18-08-2005 17:58,549,232,18-08-2005 17:58,2.99,NULL
12635,18-08-2005 18:00,15,73,18-08-2005 18:00,2.99,1
12636,18-08-2005 18:00,380,358,18-08-2005 18:00,3.99,NULL
12637,18-08-2005 18:06,145,872,18-08-2005 18:06,2.99,NULL
12638,18-08-2005 18:11,172,624,18-08-2005 18:11,8.99,0.5
12639,18-08-2005 18:13,500,122,18-08-2005 18:13,2.99,NULL
12640,18-08-2005 18:14,544,374,18-08-2005 18:14,3.99,1
12641,18-08-2005 18:18,467,169,18-08-2005 18:18,2.99,NULL
12642,18-08-2005 18:19,167,451,18-08-2005 18:19,4.99,1
12643,18-08-2005 18:21,165,485,18-08-2005 18:21,4.99,1
12644,18-08-2005 18:22,300,330,18-08-2005 18:22,5.99,1
12645,14-02-2006 15:16,457,361,14-02-2006 15:16,3.98,NULL
12646,18-08-2005 18:25,388,681,18-08-2005 18:25,2.99,NULL
12647,18-08-2005 18:29,520,72,18-08-2005 18:29,5.99,1
12648,18-08-2005 18:30,519,775,18-08-2005 18:30,7.99,0.5
12649,18-08-2005 18:31,530,703,18-08-2005 18:31,4.99,NULL
12650,18-08-2005 18:33,276,710,18-08-2005 18:33,4.99,NULL
12651,18-08-2005 18:36,34,1,18-08-2005 18:36,0.99,0.5
12652,18-08-2005 18:48,9,459,18-08-2005 18:48,4.99,NULL
12653,18-08-2005 18:53,78,736,18-08-2005 18:53,4.99,1
12654,18-08-2005 18:56,438,479,18-08-2005 18:56,0.99,NULL
12655,18-08-2005 18:57,533,189,18-08-2005 18:57,6.99,1
12656,18-08-2005 18:58,286,868,18-08-2005 18:58,0.99,NULL
12657,18-08-2005 19:02,100,790,18-08-2005 19:02,0.99,1
12658,18-08-2005 19:05,193,941,18-08-2005 19:05,4.99,NULL
12659,18-08-2005 19:05,329,74,18-08-2005 19:05,6.99,0.5
12660,18-08-2005 19:07,21,91,18-08-2005 19:07,4.99,0.5
12661,18-08-2005 19:10,333,339,18-08-2005 19:10,0.99,NULL
12662,18-08-2005 19:10,75,309,18-08-2005 19:10,0.99,NULL
12663,18-08-2005 19:10,375,257,18-08-2005 19:10,0.99,NULL
12664,18-08-2005 19:10,577,599,18-08-2005 19:10,4.99,NULL
12665,14-02-2006 15:16,410,370,14-02-2006 15:16,2.99,NULL
12666,18-08-2005 19:11,251,902,18-08-2005 19:11,4.99,NULL
12667,18-08-2005 19:11,545,21,18-08-2005 19:11,10.99,NULL
12668,18-08-2005 19:16,14,433,18-08-2005 19:16,2.99,NULL
12669,18-08-2005 19:17,433,989,18-08-2005 19:17,6.99,NULL
12670,18-08-2005 19:17,580,374,18-08-2005 19:17,2.99,NULL
12671,18-08-2005 19:19,577,377,18-08-2005 19:19,0.99,NULL
12672,14-02-2006 15:16,228,376,14-02-2006 15:16,3.98,NULL
12673,18-08-2005 19:21,535,914,18-08-2005 19:21,4.99,NULL
12674,18-08-2005 19:24,185,138,18-08-2005 19:24,5.99,0.5
12675,18-08-2005 19:34,140,123,18-08-2005 19:34,4.99,NULL
12676,18-08-2005 19:34,393,566,18-08-2005 19:34,0.99,1
12677,18-08-2005 19:36,334,289,18-08-2005 19:36,4.99,NULL
12678,18-08-2005 19:41,181,550,18-08-2005 19:41,2.99,NULL
12679,18-08-2005 19:42,463,336,18-08-2005 19:42,6.99,NULL
12680,18-08-2005 19:43,259,182,18-08-2005 19:43,6.99,1
12681,18-08-2005 19:48,518,345,18-08-2005 19:48,2.99,0.5
12682,14-02-2006 15:16,245,254,14-02-2006 15:16,2.99,NULL
12683,18-08-2005 19:50,166,391,18-08-2005 19:50,4.99,NULL
12684,18-08-2005 19:51,196,218,18-08-2005 19:51,0.99,NULL
12685,18-08-2005 19:51,114,932,18-08-2005 19:51,6.99,NULL
12686,18-08-2005 19:55,385,112,18-08-2005 19:55,8.99,0.5
12687,18-08-2005 19:57,285,680,18-08-2005 19:57,9.99,0.5
12688,18-08-2005 19:59,65,502,18-08-2005 19:59,6.99,NULL
12689,18-08-2005 20:06,296,237,18-08-2005 20:06,3.99,1
12690,18-08-2005 20:06,361,782,18-08-2005 20:06,2.99,NULL
12691,18-08-2005 20:07,534,819,18-08-2005 20:07,5.99,1
12692,18-08-2005 20:09,273,610,18-08-2005 20:09,0.99,NULL
12693,18-08-2005 20:10,584,338,18-08-2005 20:10,5.99,NULL
12694,18-08-2005 20:10,268,378,18-08-2005 20:10,4.99,1
12695,18-08-2005 20:11,483,99,18-08-2005 20:11,2.99,0.5
12696,18-08-2005 20:13,374,869,18-08-2005 20:13,2.99,1
12697,18-08-2005 20:14,152,609,18-08-2005 20:14,2.99,1
12698,14-02-2006 15:16,497,798,14-02-2006 15:16,4.99,NULL
12699,18-08-2005 20:20,66,808,18-08-2005 20:20,0.99,NULL
12700,18-08-2005 20:24,397,118,18-08-2005 20:24,0.99,1
12701,18-08-2005 20:26,489,508,18-08-2005 20:26,6.99,0.5
12702,18-08-2005 20:30,474,410,18-08-2005 20:30,4.99,NULL
12703,18-08-2005 20:37,453,283,18-08-2005 20:37,2.99,NULL
12704,18-08-2005 20:43,93,10,18-08-2005 20:43,4.99,1
12705,18-08-2005 20:44,517,509,18-08-2005 20:44,0.99,NULL
12706,18-08-2005 20:44,170,240,18-08-2005 20:44,3.99,1
12707,18-08-2005 20:52,426,344,18-08-2005 20:52,4.99,1
12708,18-08-2005 20:59,28,756,18-08-2005 20:59,2.99,1
12709,18-08-2005 20:59,476,848,18-08-2005 20:59,5.99,NULL
12710,18-08-2005 21:02,310,661,18-08-2005 21:02,7.99,1
12711,18-08-2005 21:03,122,555,18-08-2005 21:03,4.99,NULL
12712,18-08-2005 21:04,444,576,18-08-2005 21:04,2.99,NULL
12713,18-08-2005 21:07,56,329,18-08-2005 21:07,4.99,NULL
12714,18-08-2005 21:08,372,191,18-08-2005 21:08,3.99,NULL
12715,18-08-2005 21:09,266,824,18-08-2005 21:09,4.99,NULL
12716,14-02-2006 15:16,570,189,14-02-2006 15:16,0.99,NULL
12717,18-08-2005 21:15,167,776,18-08-2005 21:15,4.99,1
12718,18-08-2005 21:21,176,707,18-08-2005 21:21,2.99,NULL
12719,14-02-2006 15:16,87,243,14-02-2006 15:16,4.99,NULL
12720,18-08-2005 21:28,419,587,18-08-2005 21:28,5.99,1
12721,18-08-2005 21:30,239,233,18-08-2005 21:30,1.99,NULL
12722,18-08-2005 21:33,416,203,18-08-2005 21:33,8.99,NULL
12723,18-08-2005 21:34,430,906,18-08-2005 21:34,0.99,1
12724,18-08-2005 21:37,242,481,18-08-2005 21:37,7.99,1
12725,18-08-2005 21:43,51,887,18-08-2005 21:43,4.99,NULL
12726,18-08-2005 21:44,397,4,18-08-2005 21:44,2.99,1
12727,18-08-2005 21:45,178,3,18-08-2005 21:45,2.99,1
12728,18-08-2005 21:47,129,693,18-08-2005 21:47,4.99,1
12729,18-08-2005 21:52,424,812,18-08-2005 21:52,0.99,1
12730,18-08-2005 21:55,7,15,18-08-2005 21:55,2.99,NULL
12731,18-08-2005 21:55,128,374,18-08-2005 21:55,2.99,NULL
12732,18-08-2005 21:57,535,728,18-08-2005 21:57,0.99,NULL
12733,18-08-2005 21:59,144,714,18-08-2005 21:59,2.99,NULL
12734,18-08-2005 22:04,121,790,18-08-2005 22:04,1.99,1
12735,18-08-2005 22:04,383,805,18-08-2005 22:04,4.99,NULL
12736,14-02-2006 15:16,244,785,14-02-2006 15:16,4.99,NULL
12737,18-08-2005 22:11,204,161,18-08-2005 22:11,6.99,0.5
12738,18-08-2005 22:11,589,939,18-08-2005 22:11,7.99,NULL
12739,18-08-2005 22:15,292,897,18-08-2005 22:15,10.99,NULL
12740,18-08-2005 22:17,330,255,18-08-2005 22:17,4.99,NULL
12741,18-08-2005 22:17,435,451,18-08-2005 22:17,4.99,1
12742,18-08-2005 22:22,68,378,18-08-2005 22:22,2.99,1
12743,18-08-2005 22:22,565,577,18-08-2005 22:22,5.99,NULL
12744,18-08-2005 22:22,593,835,18-08-2005 22:22,2.99,NULL
12745,18-08-2005 22:22,24,58,18-08-2005 22:22,2.99,NULL
12746,14-02-2006 15:16,211,227,14-02-2006 15:16,4.99,1
12747,18-08-2005 22:28,549,888,18-08-2005 22:28,4.99,NULL
12748,18-08-2005 22:29,373,715,18-08-2005 22:29,7.99,NULL
12749,18-08-2005 22:31,388,181,18-08-2005 22:31,2.99,NULL
12750,18-08-2005 22:32,535,813,18-08-2005 22:32,1.99,NULL
12751,18-08-2005 22:33,352,612,18-08-2005 22:33,2.99,NULL
12752,18-08-2005 22:33,514,786,18-08-2005 22:33,2.99,1
12753,18-08-2005 22:37,470,327,18-08-2005 22:37,10.99,NULL
12754,18-08-2005 22:37,134,902,18-08-2005 22:37,7.99,0.5
12755,18-08-2005 22:38,439,21,18-08-2005 22:38,5.99,NULL
12756,18-08-2005 22:52,89,400,18-08-2005 22:52,2.99,NULL
12757,18-08-2005 22:57,147,244,18-08-2005 22:57,4.99,0.5
12758,18-08-2005 22:58,30,493,18-08-2005 22:58,0.99,NULL
12759,14-02-2006 15:16,354,912,14-02-2006 15:16,7.98,1
12760,18-08-2005 23:03,363,911,18-08-2005 23:03,4.99,NULL
12761,18-08-2005 23:05,364,589,18-08-2005 23:05,1.99,NULL
12762,18-08-2005 23:06,502,853,18-08-2005 23:06,4.99,1
12763,18-08-2005 23:07,472,86,18-08-2005 23:07,4.99,1
12764,18-08-2005 23:14,183,6,18-08-2005 23:14,3.99,1
12765,18-08-2005 23:21,298,485,18-08-2005 23:21,8.99,NULL
12766,18-08-2005 23:25,50,817,18-08-2005 23:25,6.99,NULL
12767,18-08-2005 23:25,432,736,18-08-2005 23:25,6.99,NULL
12768,18-08-2005 23:26,458,434,18-08-2005 23:26,0.99,NULL
12769,18-08-2005 23:26,504,206,18-08-2005 23:26,1.99,NULL
12770,18-08-2005 23:29,575,361,18-08-2005 23:29,5.99,NULL
12771,18-08-2005 23:29,484,676,18-08-2005 23:29,4.99,1
12772,18-08-2005 23:29,397,263,18-08-2005 23:29,4.99,1
12773,18-08-2005 23:32,360,959,18-08-2005 23:32,5.99,NULL
12774,18-08-2005 23:34,21,787,18-08-2005 23:34,6.99,0.5
12775,18-08-2005 23:35,54,953,18-08-2005 23:35,5.99,0.5
12776,18-08-2005 23:37,55,510,18-08-2005 23:37,4.99,1
12777,18-08-2005 23:39,130,760,18-08-2005 23:39,6.99,1
12778,18-08-2005 23:40,290,791,18-08-2005 23:40,4.99,NULL
12779,18-08-2005 23:44,325,394,18-08-2005 23:44,3.99,1
12780,18-08-2005 23:48,373,11,18-08-2005 23:48,0.99,NULL
12781,18-08-2005 23:50,168,264,18-08-2005 23:50,2.99,1
12782,18-08-2005 23:56,495,319,18-08-2005 23:56,5.99,1
12783,19-08-2005 00:01,503,246,19-08-2005 00:01,4.99,0.5
12784,19-08-2005 00:02,513,99,19-08-2005 00:02,2.99,NULL
12785,19-08-2005 00:05,145,912,19-08-2005 00:05,2.99,NULL
12786,14-02-2006 15:16,512,19,14-02-2006 15:16,0.99,NULL
12787,19-08-2005 00:07,278,440,19-08-2005 00:07,0.99,0.5
12788,19-08-2005 00:15,90,140,19-08-2005 00:15,2.99,1
12789,19-08-2005 00:16,557,526,19-08-2005 00:16,2.99,NULL
12790,19-08-2005 00:16,44,284,19-08-2005 00:16,6.99,1
12791,19-08-2005 00:17,573,786,19-08-2005 00:17,0.99,NULL
12792,14-02-2006 15:16,405,314,14-02-2006 15:16,0.99,NULL
12793,19-08-2005 00:20,403,266,19-08-2005 00:20,5.99,1
12794,19-08-2005 00:20,336,348,19-08-2005 00:20,0.99,1
12795,19-08-2005 00:21,360,602,19-08-2005 00:21,0.99,NULL
12796,19-08-2005 00:22,368,284,19-08-2005 00:22,4.99,0.5
12797,19-08-2005 00:24,5,349,19-08-2005 00:24,2.99,NULL
12798,19-08-2005 00:24,534,922,19-08-2005 00:24,4.99,1
12799,19-08-2005 00:27,197,849,19-08-2005 00:27,0.99,1
12800,19-08-2005 00:27,545,57,19-08-2005 00:27,2.99,NULL
12801,19-08-2005 00:27,202,214,19-08-2005 00:27,8.99,1
12802,19-08-2005 00:27,462,537,19-08-2005 00:27,8.99,1
12803,19-08-2005 00:28,390,235,19-08-2005 00:28,2.99,NULL
12804,19-08-2005 00:33,365,31,19-08-2005 00:33,8.99,0.5
12805,19-08-2005 00:36,345,650,19-08-2005 00:36,4.99,NULL
12806,19-08-2005 00:37,423,980,19-08-2005 00:37,4.99,0.5
12807,19-08-2005 00:38,513,504,19-08-2005 00:38,4.99,NULL
12808,19-08-2005 00:40,55,856,19-08-2005 00:40,4.99,1
12809,19-08-2005 00:42,22,436,19-08-2005 00:42,0.99,NULL
12810,19-08-2005 00:44,250,295,19-08-2005 00:44,0.99,NULL
12811,19-08-2005 00:51,54,139,19-08-2005 00:51,4.99,0.5
12812,19-08-2005 00:54,450,877,19-08-2005 00:54,0.99,NULL
12813,19-08-2005 00:54,500,723,19-08-2005 00:54,2.99,NULL
12814,19-08-2005 00:58,465,45,19-08-2005 00:58,4.99,NULL
12815,19-08-2005 00:59,588,96,19-08-2005 00:59,4.99,1
12816,19-08-2005 01:04,342,881,19-08-2005 01:04,4.99,1
12817,19-08-2005 01:04,113,275,19-08-2005 01:04,3.99,NULL
12818,19-08-2005 01:04,528,675,19-08-2005 01:04,3.99,NULL
12819,19-08-2005 01:05,542,247,19-08-2005 01:05,0.99,NULL
12820,19-08-2005 01:05,127,645,19-08-2005 01:05,2.99,1
12821,19-08-2005 01:07,41,748,19-08-2005 01:07,0.99,NULL
12822,19-08-2005 01:15,426,92,19-08-2005 01:15,4.99,1
12823,19-08-2005 01:15,316,94,19-08-2005 01:15,2.99,1
12824,19-08-2005 01:18,247,409,19-08-2005 01:18,4.99,NULL
12825,19-08-2005 01:23,328,981,19-08-2005 01:23,0.99,NULL
12826,19-08-2005 01:25,439,282,19-08-2005 01:25,3.99,NULL
12827,19-08-2005 01:27,253,193,19-08-2005 01:27,5.99,0.5
12828,19-08-2005 01:37,378,915,19-08-2005 01:37,4.99,1
12829,19-08-2005 01:38,326,250,19-08-2005 01:38,2.99,NULL
12830,19-08-2005 01:40,409,890,19-08-2005 01:40,0.99,NULL
12831,19-08-2005 01:40,183,416,19-08-2005 01:40,3.99,1
12832,19-08-2005 01:41,563,619,19-08-2005 01:41,2.99,NULL
12833,19-08-2005 01:42,59,814,19-08-2005 01:42,5.99,1
12834,19-08-2005 01:47,133,165,19-08-2005 01:47,4.99,NULL
12835,19-08-2005 01:47,124,323,19-08-2005 01:47,4.99,0.5
12836,19-08-2005 01:48,196,303,19-08-2005 01:48,0.99,NULL
12837,19-08-2005 01:51,495,496,19-08-2005 01:51,0.99,1
12838,19-08-2005 01:51,308,268,19-08-2005 01:51,6.99,NULL
12839,19-08-2005 01:53,360,429,19-08-2005 01:53,6.99,NULL
12840,19-08-2005 01:54,182,455,19-08-2005 01:54,6.99,NULL
12841,19-08-2005 01:55,257,920,19-08-2005 01:55,2.99,NULL
12842,19-08-2005 01:57,119,557,19-08-2005 01:57,6.99,0.5
12843,19-08-2005 01:58,128,723,19-08-2005 01:58,2.99,NULL
12844,19-08-2005 01:59,584,901,19-08-2005 01:59,2.99,NULL
12845,19-08-2005 02:02,106,370,19-08-2005 02:02,2.99,1
12846,19-08-2005 02:03,305,64,19-08-2005 02:03,0.99,NULL
12847,19-08-2005 02:04,91,85,19-08-2005 02:04,0.99,NULL
12848,19-08-2005 02:05,539,621,19-08-2005 02:05,2.99,NULL
12849,19-08-2005 02:05,280,764,19-08-2005 02:05,5.99,NULL
12850,19-08-2005 02:08,440,395,19-08-2005 02:08,0.99,1
12851,19-08-2005 02:12,194,729,19-08-2005 02:12,3.99,0.5
12852,19-08-2005 02:12,260,534,19-08-2005 02:12,0.99,1
12853,19-08-2005 02:15,232,821,19-08-2005 02:15,2.99,NULL
12854,19-08-2005 02:18,362,1000,19-08-2005 02:18,6.99,1
12855,19-08-2005 02:18,242,637,19-08-2005 02:18,4.99,1
12856,19-08-2005 02:19,4,26,19-08-2005 02:19,1.99,NULL
12857,19-08-2005 02:20,443,938,19-08-2005 02:20,4.99,1
12858,19-08-2005 02:22,144,664,19-08-2005 02:22,3.99,NULL
12859,19-08-2005 02:23,139,496,19-08-2005 02:23,6.99,NULL
12860,19-08-2005 02:24,548,170,19-08-2005 02:24,5.99,NULL
12861,19-08-2005 02:30,287,684,19-08-2005 02:30,2.99,1
12862,19-08-2005 02:31,198,104,19-08-2005 02:31,5.99,NULL
12863,19-08-2005 02:35,234,170,19-08-2005 02:35,4.99,NULL
12864,19-08-2005 02:38,465,979,19-08-2005 02:38,4.99,NULL
12865,19-08-2005 02:38,460,753,19-08-2005 02:38,0.99,NULL
12866,19-08-2005 02:39,229,383,19-08-2005 02:39,2.99,1
12867,19-08-2005 02:40,330,982,19-08-2005 02:40,0.99,NULL
12868,19-08-2005 02:47,551,882,19-08-2005 02:47,0.99,1
12869,19-08-2005 02:50,99,859,19-08-2005 02:50,8.99,NULL
12870,19-08-2005 02:54,86,220,19-08-2005 02:54,3.99,NULL
12871,19-08-2005 02:55,217,575,19-08-2005 02:55,4.99,1
12872,19-08-2005 02:57,54,430,19-08-2005 02:57,0.99,0.5
12873,19-08-2005 03:05,138,463,19-08-2005 03:05,2.99,1
12874,19-08-2005 03:07,254,186,19-08-2005 03:07,0.99,1
12875,19-08-2005 03:10,483,373,19-08-2005 03:10,2.99,0.5
12876,19-08-2005 03:12,356,175,19-08-2005 03:12,2.99,1
12877,19-08-2005 03:16,40,228,19-08-2005 03:16,2.99,NULL
12878,19-08-2005 03:17,596,263,19-08-2005 03:17,4.99,NULL
12879,19-08-2005 03:22,210,777,19-08-2005 03:22,4.99,NULL
12880,19-08-2005 03:27,552,743,19-08-2005 03:27,2.99,1
12881,19-08-2005 03:28,121,313,19-08-2005 03:28,5.99,1
12882,19-08-2005 03:33,153,202,19-08-2005 03:33,4.99,NULL
12883,19-08-2005 03:33,555,215,19-08-2005 03:33,4.99,NULL
12884,19-08-2005 03:34,348,608,19-08-2005 03:34,5.99,NULL
12885,19-08-2005 03:37,185,194,19-08-2005 03:37,0.99,0.5
12886,19-08-2005 03:38,174,466,19-08-2005 03:38,5.99,NULL
12887,19-08-2005 03:38,150,270,19-08-2005 03:38,1.99,NULL
12888,19-08-2005 03:41,146,961,19-08-2005 03:41,4.99,NULL
12889,19-08-2005 03:41,515,956,19-08-2005 03:41,5.99,NULL
12890,19-08-2005 03:42,150,839,19-08-2005 03:42,0.99,NULL
12891,14-02-2006 15:16,388,606,14-02-2006 15:16,0.99,NULL
12892,19-08-2005 03:46,121,233,19-08-2005 03:46,0.99,1
12893,19-08-2005 03:46,498,37,19-08-2005 03:46,2.99,NULL
12894,19-08-2005 03:49,541,1000,19-08-2005 03:49,7.99,NULL
12895,19-08-2005 03:50,396,953,19-08-2005 03:50,4.99,0.5
12896,19-08-2005 03:52,220,31,19-08-2005 03:52,4.99,NULL
12897,14-02-2006 15:16,178,330,14-02-2006 15:16,4.99,1
12898,19-08-2005 03:54,586,341,19-08-2005 03:54,0.99,NULL
12899,19-08-2005 04:03,105,181,19-08-2005 04:03,2.99,NULL
12900,19-08-2005 04:03,408,186,19-08-2005 04:03,0.99,NULL
12901,14-02-2006 15:16,180,614,14-02-2006 15:16,4.99,NULL
12902,14-02-2006 15:16,91,102,14-02-2006 15:16,4.99,NULL
12903,19-08-2005 04:09,302,509,19-08-2005 04:09,2.99,1
12904,19-08-2005 04:10,257,101,19-08-2005 04:10,5.99,NULL
12905,19-08-2005 04:13,480,233,19-08-2005 04:13,4.99,0.5
12906,19-08-2005 04:13,401,447,19-08-2005 04:13,2.99,0.5
12907,19-08-2005 04:16,422,624,19-08-2005 04:16,9.99,1
12908,19-08-2005 04:19,340,39,19-08-2005 04:19,1.99,1
12909,19-08-2005 04:20,210,937,19-08-2005 04:20,2.99,NULL
12910,19-08-2005 04:23,128,864,19-08-2005 04:23,0.99,NULL
12911,19-08-2005 04:24,367,384,19-08-2005 04:24,6.99,1
12912,19-08-2005 04:24,364,380,19-08-2005 04:24,3.99,NULL
12913,19-08-2005 04:25,356,813,19-08-2005 04:25,0.99,1
12914,19-08-2005 04:25,501,961,19-08-2005 04:25,4.99,NULL
12915,14-02-2006 15:16,516,581,14-02-2006 15:16,0,NULL
12916,19-08-2005 04:27,157,492,19-08-2005 04:27,0.99,NULL
12917,19-08-2005 04:27,152,21,19-08-2005 04:27,4.99,1
12918,19-08-2005 04:31,13,216,19-08-2005 04:31,7.99,0.5
12919,19-08-2005 04:32,263,460,19-08-2005 04:32,6.99,NULL
12920,19-08-2005 04:32,511,553,19-08-2005 04:32,4.99,1
12921,19-08-2005 04:47,234,170,19-08-2005 04:47,5.99,NULL
12922,19-08-2005 04:48,25,76,19-08-2005 04:48,0.99,NULL
12923,19-08-2005 04:50,531,305,19-08-2005 04:50,2.99,0.5
12924,19-08-2005 04:51,519,833,19-08-2005 04:51,2.99,0.5
12925,19-08-2005 04:59,57,738,19-08-2005 04:59,5.99,NULL
12926,19-08-2005 05:00,336,5,19-08-2005 05:00,3.99,1
12927,19-08-2005 05:02,223,260,19-08-2005 05:02,5.99,NULL
12928,19-08-2005 05:04,353,989,19-08-2005 05:04,5.99,NULL
12929,19-08-2005 05:05,310,334,19-08-2005 05:05,4.99,1
12930,19-08-2005 05:11,414,964,19-08-2005 05:11,4.99,NULL
12931,19-08-2005 05:11,407,675,19-08-2005 05:11,2.99,NULL
12932,19-08-2005 05:17,416,499,19-08-2005 05:17,4.99,NULL
12933,19-08-2005 05:18,589,893,19-08-2005 05:18,8.99,NULL
12934,19-08-2005 05:18,591,711,19-08-2005 05:18,5.99,1
12935,19-08-2005 05:20,279,43,19-08-2005 05:20,2.99,0.5
12936,19-08-2005 05:25,387,142,19-08-2005 05:25,6.99,NULL
12937,19-08-2005 05:25,348,838,19-08-2005 05:25,4.99,NULL
12938,14-02-2006 15:16,28,869,14-02-2006 15:16,2.99,1
12939,19-08-2005 05:38,181,740,19-08-2005 05:38,2.99,NULL
12940,19-08-2005 05:38,340,481,19-08-2005 05:38,2.99,1
12941,19-08-2005 05:39,195,647,19-08-2005 05:39,0.99,NULL
12942,19-08-2005 05:40,103,858,19-08-2005 05:40,7.99,NULL
12943,19-08-2005 05:46,547,857,19-08-2005 05:46,2.99,0.5
12944,19-08-2005 05:48,148,648,19-08-2005 05:48,6.99,NULL
12945,19-08-2005 05:51,312,794,19-08-2005 05:51,0.99,NULL
12946,19-08-2005 05:53,444,448,19-08-2005 05:53,2.99,NULL
12947,19-08-2005 05:54,499,207,19-08-2005 05:54,4.99,NULL
12948,19-08-2005 05:55,442,907,19-08-2005 05:55,0.99,1
12949,19-08-2005 05:55,279,915,19-08-2005 05:55,4.99,0.5
12950,19-08-2005 05:55,463,236,19-08-2005 05:55,2.99,NULL
12951,19-08-2005 05:56,70,463,19-08-2005 05:56,3.99,NULL
12952,19-08-2005 06:00,228,537,19-08-2005 06:00,2.99,NULL
12953,19-08-2005 06:04,429,862,19-08-2005 06:04,4.99,0.5
12954,19-08-2005 06:04,63,785,19-08-2005 06:04,7.99,NULL
12955,19-08-2005 06:05,410,444,19-08-2005 06:05,8.99,NULL
12956,19-08-2005 06:06,241,789,19-08-2005 06:06,4.99,1
12957,19-08-2005 06:12,512,480,19-08-2005 06:12,8.99,NULL
12958,19-08-2005 06:19,569,916,19-08-2005 06:19,2.99,1
12959,14-02-2006 15:16,284,337,14-02-2006 15:16,0,NULL
12960,19-08-2005 06:21,152,766,19-08-2005 06:21,1.99,1
12961,19-08-2005 06:22,386,988,19-08-2005 06:22,2.99,NULL
12962,19-08-2005 06:22,171,125,19-08-2005 06:22,5.99,NULL
12963,19-08-2005 06:26,2,331,19-08-2005 06:26,2.99,NULL
12964,19-08-2005 06:29,142,625,19-08-2005 06:29,0.99,NULL
12965,19-08-2005 06:33,430,938,19-08-2005 06:33,4.99,1
12966,19-08-2005 06:37,69,702,19-08-2005 06:37,5.99,NULL
12967,19-08-2005 06:37,170,746,19-08-2005 06:37,3.99,1
12968,19-08-2005 06:38,166,683,19-08-2005 06:38,4.99,NULL
12969,19-08-2005 06:38,224,43,19-08-2005 06:38,2.99,1
12970,14-02-2006 15:16,216,871,14-02-2006 15:16,5.98,1
12971,19-08-2005 06:42,492,767,19-08-2005 06:42,4.99,1
12972,19-08-2005 06:43,55,270,19-08-2005 06:43,1.99,1
12973,19-08-2005 06:48,163,25,19-08-2005 06:48,2.99,0.5
12974,19-08-2005 06:51,218,786,19-08-2005 06:51,0.99,NULL
12975,19-08-2005 06:51,236,726,19-08-2005 06:51,2.99,NULL
12976,19-08-2005 06:52,592,12,19-08-2005 06:52,1.99,NULL
12977,19-08-2005 06:55,388,436,19-08-2005 06:55,4.99,NULL
12978,19-08-2005 06:57,167,715,19-08-2005 06:57,4.99,1
12979,19-08-2005 07:00,267,272,19-08-2005 07:00,4.99,1
12980,19-08-2005 07:03,144,403,19-08-2005 07:03,6.99,NULL
12981,19-08-2005 07:04,481,856,19-08-2005 07:04,4.99,NULL
12982,19-08-2005 07:06,44,279,19-08-2005 07:06,4.99,1
12983,19-08-2005 07:06,148,90,19-08-2005 07:06,6.99,NULL
12984,19-08-2005 07:06,537,915,19-08-2005 07:06,4.99,NULL
12985,19-08-2005 07:08,83,898,19-08-2005 07:08,5.99,NULL
12986,19-08-2005 07:09,210,253,19-08-2005 07:09,4.99,NULL
12987,19-08-2005 07:11,134,800,19-08-2005 07:11,2.99,0.5
12988,14-02-2006 15:16,236,17,14-02-2006 15:16,0.99,NULL
12989,19-08-2005 07:19,306,644,19-08-2005 07:19,2.99,NULL
12990,19-08-2005 07:20,360,396,19-08-2005 07:20,4.99,NULL
12991,19-08-2005 07:21,126,481,19-08-2005 07:21,2.99,1
12992,19-08-2005 07:23,597,663,19-08-2005 07:23,0.99,NULL
12993,19-08-2005 07:24,484,918,19-08-2005 07:24,7.99,1
12994,19-08-2005 07:26,506,834,19-08-2005 07:26,0.99,NULL
12995,19-08-2005 07:26,566,449,19-08-2005 07:26,4.99,0.5
12996,19-08-2005 07:31,380,972,19-08-2005 07:31,6.99,NULL
12997,19-08-2005 07:31,311,363,19-08-2005 07:31,2.99,1
12998,19-08-2005 07:32,354,500,19-08-2005 07:32,4.99,1
12999,19-08-2005 07:34,24,143,19-08-2005 07:34,1.99,NULL
13000,19-08-2005 07:36,141,509,19-08-2005 07:36,0.99,0.5
13001,19-08-2005 07:36,254,551,19-08-2005 07:36,4.99,1
13002,19-08-2005 07:37,477,850,19-08-2005 07:37,0.99,NULL
13003,19-08-2005 07:39,451,753,19-08-2005 07:39,1.99,NULL
13004,19-08-2005 07:40,442,168,19-08-2005 07:40,0.99,1
13005,19-08-2005 07:45,104,748,19-08-2005 07:45,0.99,NULL
13006,19-08-2005 07:47,134,693,19-08-2005 07:47,2.99,0.5
13007,19-08-2005 07:47,430,931,19-08-2005 07:47,0.99,1
13008,14-02-2006 15:16,181,399,14-02-2006 15:16,2.99,NULL
13009,19-08-2005 07:50,376,147,19-08-2005 07:50,0.99,1
13010,19-08-2005 07:52,413,181,19-08-2005 07:52,3.99,1
13011,19-08-2005 07:53,529,435,19-08-2005 07:53,4.99,1
13012,19-08-2005 07:54,145,369,19-08-2005 07:54,7.99,NULL
13013,19-08-2005 07:55,293,184,19-08-2005 07:55,6.99,NULL
13014,19-08-2005 07:56,344,745,19-08-2005 07:56,4.99,NULL
13015,19-08-2005 07:56,126,759,19-08-2005 07:56,7.99,1
13016,19-08-2005 07:57,175,680,19-08-2005 07:57,4.99,1
13017,19-08-2005 08:02,104,467,19-08-2005 08:02,1.99,NULL
13018,19-08-2005 08:04,168,460,19-08-2005 08:04,8.99,1
13019,19-08-2005 08:07,597,620,19-08-2005 08:07,2.99,NULL
13020,19-08-2005 08:07,92,982,19-08-2005 08:07,5.99,1
13021,19-08-2005 08:08,309,274,19-08-2005 08:08,5.99,NULL
13022,14-02-2006 15:16,336,489,14-02-2006 15:16,0.99,1
13023,19-08-2005 08:13,69,344,19-08-2005 08:13,5.99,NULL
13024,19-08-2005 08:19,401,641,19-08-2005 08:19,4.99,0.5
13025,14-02-2006 15:16,269,886,14-02-2006 15:16,3.98,NULL
13026,19-08-2005 08:22,79,664,19-08-2005 08:22,2.99,0.5
13027,19-08-2005 08:25,128,821,19-08-2005 08:25,0.99,NULL
13028,19-08-2005 08:27,371,468,19-08-2005 08:27,2.99,NULL
13029,19-08-2005 08:28,293,723,19-08-2005 08:28,2.99,NULL
13030,19-08-2005 08:28,240,573,19-08-2005 08:28,2.99,0.5
13031,19-08-2005 08:30,567,333,19-08-2005 08:30,2.99,1
13032,19-08-2005 08:31,82,809,19-08-2005 08:31,0.99,NULL
13033,19-08-2005 08:34,344,367,19-08-2005 08:34,3.99,NULL
13034,19-08-2005 08:41,387,220,19-08-2005 08:41,2.99,NULL
13035,19-08-2005 08:46,135,890,19-08-2005 08:46,0.99,1
13036,19-08-2005 08:48,20,321,19-08-2005 08:48,4.99,NULL
13037,19-08-2005 08:53,275,12,19-08-2005 08:53,3.99,NULL
13038,19-08-2005 08:55,532,481,19-08-2005 08:55,4.99,1
13039,19-08-2005 08:55,370,425,19-08-2005 08:55,0.99,1
13040,19-08-2005 09:04,425,894,19-08-2005 09:04,0.99,NULL
13041,19-08-2005 09:05,462,346,19-08-2005 09:05,8.99,1
13042,19-08-2005 09:06,414,233,19-08-2005 09:06,0.99,NULL
13043,19-08-2005 09:07,127,5,19-08-2005 09:07,4.99,1
13044,19-08-2005 09:14,142,176,19-08-2005 09:14,0.99,NULL
13045,19-08-2005 09:17,254,86,19-08-2005 09:17,4.99,1
13046,19-08-2005 09:21,37,215,19-08-2005 09:21,7.99,1
13047,19-08-2005 09:24,394,594,19-08-2005 09:24,0.99,NULL
13048,19-08-2005 09:25,486,231,19-08-2005 09:25,4.99,NULL
13049,19-08-2005 09:25,53,896,19-08-2005 09:25,5.99,0.5
13050,19-08-2005 09:31,131,805,19-08-2005 09:31,6.99,NULL
13051,19-08-2005 09:31,90,886,19-08-2005 09:31,4.99,1
13052,19-08-2005 09:31,502,666,19-08-2005 09:31,9.99,1
13053,19-08-2005 09:31,140,444,19-08-2005 09:31,10.99,NULL
13054,19-08-2005 09:34,325,654,19-08-2005 09:34,4.99,1
13055,19-08-2005 09:36,485,783,19-08-2005 09:36,2.99,1
13056,14-02-2006 15:16,115,820,14-02-2006 15:16,2.99,NULL
13057,19-08-2005 09:40,105,193,19-08-2005 09:40,6.99,NULL
13058,19-08-2005 09:40,24,531,19-08-2005 09:40,4.99,NULL
13059,19-08-2005 09:42,341,834,19-08-2005 09:42,0.99,NULL
13060,19-08-2005 09:43,22,112,19-08-2005 09:43,9.99,NULL
13061,19-08-2005 09:43,576,159,19-08-2005 09:43,4.99,NULL
13062,19-08-2005 09:44,385,389,19-08-2005 09:44,7.99,0.5
13063,19-08-2005 09:45,5,266,19-08-2005 09:45,1.99,NULL
13064,19-08-2005 09:46,588,897,19-08-2005 09:46,4.99,1
13065,19-08-2005 09:48,518,411,19-08-2005 09:48,4.99,0.5
13066,19-08-2005 09:50,336,816,19-08-2005 09:50,0.99,1
13067,19-08-2005 09:51,172,838,19-08-2005 09:51,5.99,0.5
13068,19-08-2005 09:55,1,663,19-08-2005 09:55,0.99,0.5
13069,19-08-2005 09:55,299,81,19-08-2005 09:55,4.99,0.5
13070,19-08-2005 09:56,235,479,19-08-2005 09:56,0.99,NULL
13071,19-08-2005 10:01,578,116,19-08-2005 10:01,5.99,NULL
13072,19-08-2005 10:03,447,502,19-08-2005 10:03,2.99,1
13073,19-08-2005 10:05,506,188,19-08-2005 10:05,2.99,NULL
13074,19-08-2005 10:06,341,720,19-08-2005 10:06,8.99,NULL
13075,19-08-2005 10:10,224,897,19-08-2005 10:10,4.99,1
13076,19-08-2005 10:10,201,272,19-08-2005 10:10,4.99,NULL
13077,19-08-2005 10:15,241,96,19-08-2005 10:15,2.99,1
13078,19-08-2005 10:16,479,893,19-08-2005 10:16,8.99,NULL
13079,14-02-2006 15:16,107,160,14-02-2006 15:16,1.98,NULL
13080,19-08-2005 10:18,452,918,19-08-2005 10:18,4.99,NULL
13081,19-08-2005 10:19,170,677,19-08-2005 10:19,0.99,1
13082,19-08-2005 10:19,387,458,19-08-2005 10:19,5.99,NULL
13083,19-08-2005 10:26,455,760,19-08-2005 10:26,2.99,NULL
13084,19-08-2005 10:27,204,830,19-08-2005 10:27,0.99,0.5
13085,19-08-2005 10:28,215,79,19-08-2005 10:28,0.99,NULL
13086,19-08-2005 10:32,350,812,19-08-2005 10:32,0.99,1
13087,19-08-2005 10:33,171,591,19-08-2005 10:33,6.99,NULL
13088,19-08-2005 10:36,457,932,19-08-2005 10:36,0.99,NULL
13089,19-08-2005 10:38,63,387,19-08-2005 10:38,0.99,NULL
13090,19-08-2005 10:39,52,317,19-08-2005 10:39,5.99,NULL
13091,19-08-2005 10:40,127,394,19-08-2005 10:40,2.99,1
13092,19-08-2005 10:41,480,951,19-08-2005 10:41,0.99,0.5
13093,19-08-2005 10:46,160,364,19-08-2005 10:46,6.99,1
13094,19-08-2005 10:47,494,697,19-08-2005 10:47,0.99,NULL
13095,19-08-2005 10:48,508,115,19-08-2005 10:48,6.99,1
13096,19-08-2005 10:49,13,92,19-08-2005 10:49,4.99,0.5
13097,19-08-2005 10:50,157,912,19-08-2005 10:50,4.99,NULL
13098,19-08-2005 10:51,51,825,19-08-2005 10:51,2.99,NULL
13099,19-08-2005 10:55,436,216,19-08-2005 10:55,9.99,NULL
13100,19-08-2005 10:55,451,204,19-08-2005 10:55,2.99,NULL
13101,19-08-2005 11:01,39,392,19-08-2005 11:01,7.99,1
13102,19-08-2005 11:02,285,633,19-08-2005 11:02,7.99,0.5
13103,19-08-2005 11:05,274,380,19-08-2005 11:05,2.99,1
13104,19-08-2005 11:06,591,69,19-08-2005 11:06,2.99,1
13105,19-08-2005 11:06,279,159,19-08-2005 11:06,7.99,0.5
13106,14-02-2006 15:16,440,706,14-02-2006 15:16,4.99,1
13107,19-08-2005 11:13,356,846,19-08-2005 11:13,4.99,1
13108,14-02-2006 15:16,73,792,14-02-2006 15:16,2.99,NULL
13109,19-08-2005 11:23,259,10,19-08-2005 11:23,4.99,1
13110,19-08-2005 11:24,447,12,19-08-2005 11:24,0.99,1
13111,19-08-2005 11:25,26,127,19-08-2005 11:25,4.99,NULL
13112,19-08-2005 11:27,259,450,19-08-2005 11:27,2.99,1
13113,19-08-2005 11:27,573,522,19-08-2005 11:27,2.99,NULL
13114,19-08-2005 11:27,550,946,19-08-2005 11:27,10.99,1
13115,19-08-2005 11:27,84,428,19-08-2005 11:27,2.99,NULL
13116,19-08-2005 11:31,150,338,19-08-2005 11:31,6.99,NULL
13117,19-08-2005 11:33,385,752,19-08-2005 11:33,0.99,0.5
13118,19-08-2005 11:39,181,103,19-08-2005 11:39,4.99,NULL
13119,19-08-2005 11:44,240,307,19-08-2005 11:44,4.99,0.5
13120,19-08-2005 11:47,314,491,19-08-2005 11:47,3.99,1
13121,19-08-2005 11:51,251,770,19-08-2005 11:51,2.99,NULL
13122,19-08-2005 11:53,277,730,19-08-2005 11:53,4.99,NULL
13123,19-08-2005 11:55,220,616,19-08-2005 11:55,2.99,NULL
13124,19-08-2005 11:55,78,456,19-08-2005 11:55,5.99,1
13125,19-08-2005 11:57,192,814,19-08-2005 11:57,5.99,1
13126,19-08-2005 12:00,253,305,19-08-2005 12:00,5.99,0.5
13127,19-08-2005 12:04,178,566,19-08-2005 12:04,2.99,1
13128,19-08-2005 12:04,206,109,19-08-2005 12:04,4.99,1
13129,19-08-2005 12:05,274,973,19-08-2005 12:05,8.99,1
13130,19-08-2005 12:06,254,437,19-08-2005 12:06,2.99,1
13131,19-08-2005 12:08,480,321,19-08-2005 12:08,9.99,0.5
13132,19-08-2005 12:10,529,380,19-08-2005 12:10,3.99,1
13133,19-08-2005 12:11,523,357,19-08-2005 12:11,2.99,1
13134,19-08-2005 12:14,184,299,19-08-2005 12:14,0.99,NULL
13135,19-08-2005 12:22,361,348,19-08-2005 12:22,0.99,NULL
13136,19-08-2005 12:24,50,556,19-08-2005 12:24,7.99,NULL
13137,19-08-2005 12:26,20,969,19-08-2005 12:26,4.99,NULL
13138,19-08-2005 12:30,214,689,19-08-2005 12:30,2.99,NULL
13139,19-08-2005 12:32,554,455,19-08-2005 12:32,4.99,1
13140,19-08-2005 12:35,323,915,19-08-2005 12:35,5.99,NULL
13141,19-08-2005 12:41,376,992,19-08-2005 12:41,0.99,1
13142,19-08-2005 12:42,269,307,19-08-2005 12:42,5.99,NULL
13143,19-08-2005 12:44,371,361,19-08-2005 12:44,3.99,NULL
13144,19-08-2005 12:45,456,824,19-08-2005 12:45,8.99,NULL
13145,19-08-2005 12:53,72,303,19-08-2005 12:53,0.99,NULL
13146,19-08-2005 12:54,116,320,19-08-2005 12:54,7.99,NULL
13147,19-08-2005 12:55,37,764,19-08-2005 12:55,4.99,1
13148,19-08-2005 12:55,137,382,19-08-2005 12:55,0.99,NULL
13149,19-08-2005 13:07,40,314,19-08-2005 13:07,6.99,NULL
13150,19-08-2005 13:08,457,331,19-08-2005 13:08,2.99,NULL
13151,19-08-2005 13:08,16,668,19-08-2005 13:08,4.99,NULL
13152,19-08-2005 13:09,597,781,19-08-2005 13:09,6.99,NULL
13153,19-08-2005 13:09,431,851,19-08-2005 13:09,1.99,NULL
13154,19-08-2005 13:09,255,539,19-08-2005 13:09,2.99,NULL
13155,19-08-2005 13:10,442,65,19-08-2005 13:10,7.99,1
13156,19-08-2005 13:10,512,167,19-08-2005 13:10,4.99,NULL
13157,19-08-2005 13:12,592,959,19-08-2005 13:12,2.99,NULL
13158,19-08-2005 13:18,327,209,19-08-2005 13:18,2.99,0.5
13159,19-08-2005 13:19,497,500,19-08-2005 13:19,4.99,NULL
13160,19-08-2005 13:21,484,90,19-08-2005 13:21,0.99,1
13161,14-02-2006 15:16,175,220,14-02-2006 15:16,0,1
13162,19-08-2005 13:28,478,402,19-08-2005 13:28,2.99,NULL
13163,19-08-2005 13:29,57,674,19-08-2005 13:29,0.99,NULL
13164,19-08-2005 13:30,145,245,19-08-2005 13:30,3.99,NULL
13165,19-08-2005 13:34,289,27,19-08-2005 13:34,0.99,NULL
13166,19-08-2005 13:36,504,958,19-08-2005 13:36,2.99,NULL
13167,19-08-2005 13:36,120,121,19-08-2005 13:36,2.99,NULL
13168,19-08-2005 13:37,186,478,19-08-2005 13:37,6.99,1
13169,19-08-2005 13:43,141,373,19-08-2005 13:43,2.99,0.5
13170,19-08-2005 13:45,176,239,19-08-2005 13:45,7.99,NULL
13171,19-08-2005 13:48,122,383,19-08-2005 13:48,2.99,NULL
13172,19-08-2005 13:49,298,287,19-08-2005 13:49,0.99,NULL
13173,19-08-2005 13:50,29,288,19-08-2005 13:50,2.99,0.5
13174,19-08-2005 13:52,482,500,19-08-2005 13:52,4.99,NULL
13175,19-08-2005 13:54,239,699,19-08-2005 13:54,4.99,NULL
13176,19-08-2005 13:56,1,490,19-08-2005 13:56,2.99,0.5
13177,19-08-2005 13:56,126,697,19-08-2005 13:56,0.99,1
13178,14-02-2006 15:16,394,151,14-02-2006 15:16,4.99,NULL
13179,19-08-2005 13:59,104,354,19-08-2005 13:59,4.99,NULL
13180,19-08-2005 14:00,322,755,19-08-2005 14:00,4.99,NULL
13181,19-08-2005 14:00,128,278,19-08-2005 14:00,5.99,NULL
13182,14-02-2006 15:16,496,80,14-02-2006 15:16,2.99,1
13183,19-08-2005 14:09,301,525,19-08-2005 14:09,5.99,1
13184,19-08-2005 14:16,393,961,19-08-2005 14:16,4.99,1
13185,19-08-2005 14:22,174,54,19-08-2005 14:22,0.99,NULL
13186,19-08-2005 14:23,176,615,19-08-2005 14:23,5.99,NULL
13187,19-08-2005 14:24,543,423,19-08-2005 14:24,0.99,NULL
13188,19-08-2005 14:27,472,127,19-08-2005 14:27,8.99,1
13189,19-08-2005 14:27,368,755,19-08-2005 14:27,8.99,0.5
13190,19-08-2005 14:27,290,940,19-08-2005 14:27,1.99,NULL
13191,19-08-2005 14:28,371,603,19-08-2005 14:28,4.99,NULL
13192,19-08-2005 14:30,532,215,19-08-2005 14:30,8.99,1
13193,19-08-2005 14:33,118,115,19-08-2005 14:33,6.99,NULL
13194,19-08-2005 14:34,58,542,19-08-2005 14:34,6.99,NULL
13195,19-08-2005 14:39,565,556,19-08-2005 14:39,4.99,NULL
13196,19-08-2005 14:40,202,101,19-08-2005 14:40,4.99,1
13197,19-08-2005 14:44,358,700,19-08-2005 14:44,2.99,1
13198,19-08-2005 14:47,169,930,19-08-2005 14:47,2.99,1
13199,19-08-2005 14:53,339,935,19-08-2005 14:53,3.99,1
13200,19-08-2005 14:55,577,602,19-08-2005 14:55,3.99,NULL
13201,19-08-2005 14:56,508,22,19-08-2005 14:56,2.99,1
13202,19-08-2005 14:58,381,775,19-08-2005 14:58,8.99,NULL
13203,19-08-2005 15:00,257,175,19-08-2005 15:00,7.99,NULL
13204,19-08-2005 15:02,152,987,19-08-2005 15:02,4.99,1
13205,19-08-2005 15:05,495,574,19-08-2005 15:05,3.99,1
13206,19-08-2005 15:05,504,542,19-08-2005 15:05,2.99,NULL
13207,19-08-2005 15:14,58,147,19-08-2005 15:14,3.99,NULL
13208,19-08-2005 15:18,435,132,19-08-2005 15:18,0.99,1
13209,14-02-2006 15:16,5,345,14-02-2006 15:16,0.99,NULL
13210,19-08-2005 15:23,487,611,19-08-2005 15:23,4.99,1
13211,19-08-2005 15:23,289,429,19-08-2005 15:23,0.99,NULL
13212,19-08-2005 15:24,158,807,19-08-2005 15:24,1.99,NULL
13213,19-08-2005 15:25,13,339,19-08-2005 15:25,0.99,0.5
13214,19-08-2005 15:31,157,587,19-08-2005 15:31,4.99,NULL
13215,19-08-2005 15:35,460,818,19-08-2005 15:35,8.99,NULL
13216,19-08-2005 15:36,422,945,19-08-2005 15:36,1.99,1
13217,19-08-2005 15:38,565,134,19-08-2005 15:38,4.99,NULL
13218,19-08-2005 15:39,257,901,19-08-2005 15:39,0.99,NULL
13219,19-08-2005 15:40,288,450,19-08-2005 15:40,2.99,NULL
13220,19-08-2005 15:42,448,228,19-08-2005 15:42,2.99,NULL
13221,19-08-2005 15:45,468,24,19-08-2005 15:45,3.99,1
13222,19-08-2005 15:47,91,361,19-08-2005 15:47,4.99,NULL
13223,19-08-2005 15:52,461,73,19-08-2005 15:52,2.99,NULL
13224,19-08-2005 15:52,526,678,19-08-2005 15:52,8.99,NULL
13225,19-08-2005 15:54,562,311,19-08-2005 15:54,2.99,NULL
13226,19-08-2005 16:05,46,625,19-08-2005 16:05,0.99,1
13227,19-08-2005 16:05,288,606,19-08-2005 16:05,0.99,NULL
13228,19-08-2005 16:08,571,548,19-08-2005 16:08,2.99,NULL
13229,19-08-2005 16:08,283,138,19-08-2005 16:08,2.99,1
13230,19-08-2005 16:12,151,796,19-08-2005 16:12,0.99,1
13231,19-08-2005 16:12,280,460,19-08-2005 16:12,9.99,NULL
13232,19-08-2005 16:13,206,516,19-08-2005 16:13,2.99,1
13233,19-08-2005 16:14,279,235,19-08-2005 16:14,2.99,0.5
13234,19-08-2005 16:17,559,218,19-08-2005 16:17,1.99,0.5
13235,19-08-2005 16:17,367,852,19-08-2005 16:17,4.99,1
13236,19-08-2005 16:18,267,1000,19-08-2005 16:18,9.99,1
13237,19-08-2005 16:18,169,282,19-08-2005 16:18,1.99,1
13238,19-08-2005 16:20,348,220,19-08-2005 16:20,2.99,NULL
13239,19-08-2005 16:22,541,725,19-08-2005 16:22,4.99,NULL
13240,19-08-2005 16:22,179,309,19-08-2005 16:22,0.99,1
13241,19-08-2005 16:25,33,682,19-08-2005 16:25,7.99,NULL
13242,19-08-2005 16:28,414,51,19-08-2005 16:28,2.99,NULL
13243,19-08-2005 16:33,251,78,19-08-2005 16:33,2.99,NULL
13244,19-08-2005 16:43,298,715,19-08-2005 16:43,4.99,NULL
13245,19-08-2005 16:43,261,224,19-08-2005 16:43,4.99,NULL
13246,14-02-2006 15:16,411,403,14-02-2006 15:16,4.99,NULL
13247,19-08-2005 16:45,24,281,19-08-2005 16:45,0.99,NULL
13248,19-08-2005 16:47,559,628,19-08-2005 16:47,6.99,0.5
13249,19-08-2005 16:47,377,678,19-08-2005 16:47,2.99,0.5
13250,19-08-2005 16:47,448,554,19-08-2005 16:47,3.99,NULL
13251,19-08-2005 16:48,111,916,19-08-2005 16:48,2.99,NULL
13252,19-08-2005 16:50,451,169,19-08-2005 16:50,2.99,NULL
13253,19-08-2005 16:53,399,103,19-08-2005 16:53,4.99,NULL
13254,19-08-2005 16:54,532,748,19-08-2005 16:54,4.99,1
13255,19-08-2005 16:54,150,244,19-08-2005 16:54,8.99,NULL
13256,19-08-2005 16:54,289,596,19-08-2005 16:54,9.99,NULL
13257,19-08-2005 17:01,300,35,19-08-2005 17:01,3.99,1
13258,19-08-2005 17:05,349,486,19-08-2005 17:05,4.99,NULL
13259,19-08-2005 17:08,458,554,19-08-2005 17:08,2.99,NULL
13260,19-08-2005 17:09,251,126,19-08-2005 17:09,6.99,NULL
13261,14-02-2006 15:16,417,773,14-02-2006 15:16,2.99,NULL
13262,19-08-2005 17:20,184,979,19-08-2005 17:20,5.99,NULL
13263,19-08-2005 17:26,206,48,19-08-2005 17:26,10.99,1
13264,19-08-2005 17:27,109,410,19-08-2005 17:27,3.99,NULL
13265,19-08-2005 17:29,314,857,19-08-2005 17:29,2.99,1
13266,19-08-2005 17:31,571,293,19-08-2005 17:31,2.99,NULL
13267,19-08-2005 17:31,335,119,19-08-2005 17:31,0.99,NULL
13268,19-08-2005 17:33,255,258,19-08-2005 17:33,0.99,NULL
13269,19-08-2005 17:34,461,519,19-08-2005 17:34,2.99,NULL
13270,19-08-2005 17:41,159,90,19-08-2005 17:41,1.99,NULL
13271,19-08-2005 17:42,242,846,19-08-2005 17:42,9.99,1
13272,19-08-2005 17:49,145,555,19-08-2005 17:49,0.99,NULL
13273,19-08-2005 17:49,433,911,19-08-2005 17:49,4.99,NULL
13274,19-08-2005 17:50,272,154,19-08-2005 17:50,2.99,1
13275,19-08-2005 17:53,377,155,19-08-2005 17:53,0.99,0.5
13276,19-08-2005 17:53,516,135,19-08-2005 17:53,8.99,NULL
13277,19-08-2005 17:57,316,836,19-08-2005 17:57,5.99,1
13278,19-08-2005 17:57,282,590,19-08-2005 17:57,2.99,NULL
13279,19-08-2005 18:02,343,542,19-08-2005 18:02,4.99,NULL
13280,19-08-2005 18:02,368,49,19-08-2005 18:02,2.99,0.5
13281,19-08-2005 18:07,220,22,19-08-2005 18:07,2.99,NULL
13282,19-08-2005 18:08,59,953,19-08-2005 18:08,2.99,1
13283,19-08-2005 18:10,180,571,19-08-2005 18:10,2.99,NULL
13284,19-08-2005 18:12,338,461,19-08-2005 18:12,3.99,NULL
13285,19-08-2005 18:18,182,463,19-08-2005 18:18,2.99,NULL
13286,19-08-2005 18:28,245,589,19-08-2005 18:28,0.99,NULL
13287,19-08-2005 18:28,569,596,19-08-2005 18:28,7.99,1
13288,19-08-2005 18:30,162,777,19-08-2005 18:30,4.99,NULL
13289,19-08-2005 18:31,497,772,19-08-2005 18:31,2.99,NULL
13290,19-08-2005 18:31,23,907,19-08-2005 18:31,2.99,NULL
13291,19-08-2005 18:32,243,356,19-08-2005 18:32,2.99,NULL
13292,19-08-2005 18:35,171,295,19-08-2005 18:35,0.99,NULL
13293,19-08-2005 18:35,399,84,19-08-2005 18:35,4.99,NULL
13294,19-08-2005 18:36,534,34,19-08-2005 18:36,0.99,1
13295,14-02-2006 15:16,229,525,14-02-2006 15:16,0.99,1
13296,19-08-2005 18:43,300,376,19-08-2005 18:43,0.99,1
13297,19-08-2005 18:45,359,835,19-08-2005 18:45,2.99,NULL
13298,14-02-2006 15:16,361,461,14-02-2006 15:16,3.98,NULL
13299,19-08-2005 18:46,373,958,19-08-2005 18:46,2.99,NULL
13300,19-08-2005 18:46,531,184,19-08-2005 18:46,8.99,0.5
13301,19-08-2005 18:53,494,489,19-08-2005 18:53,3.99,NULL
13302,19-08-2005 18:54,51,880,19-08-2005 18:54,2.99,NULL
13303,19-08-2005 18:55,184,7,19-08-2005 18:55,4.99,NULL
13304,19-08-2005 18:56,405,652,19-08-2005 18:56,1.99,NULL
13305,19-08-2005 18:57,337,521,19-08-2005 18:57,6.99,0.5
13306,19-08-2005 18:57,229,601,19-08-2005 18:57,0.99,1
13307,19-08-2005 18:58,547,484,19-08-2005 18:58,2.99,0.5
13308,19-08-2005 18:59,414,700,19-08-2005 18:59,7.99,NULL
13309,19-08-2005 19:04,91,457,19-08-2005 19:04,4.99,NULL
13310,19-08-2005 19:05,311,562,19-08-2005 19:05,0.99,1
13311,19-08-2005 19:07,520,850,19-08-2005 19:07,0.99,1
13312,19-08-2005 19:09,418,635,19-08-2005 19:09,0.99,NULL
13313,19-08-2005 19:11,580,811,19-08-2005 19:11,2.99,NULL
13314,19-08-2005 19:12,347,637,19-08-2005 19:12,5.99,NULL
13315,19-08-2005 19:16,54,692,19-08-2005 19:16,2.99,0.5
13316,19-08-2005 19:23,10,972,19-08-2005 19:23,4.99,0.5
13317,19-08-2005 19:25,20,735,19-08-2005 19:25,2.99,NULL
13318,19-08-2005 19:33,413,304,19-08-2005 19:33,2.99,1
13319,19-08-2005 19:35,438,548,19-08-2005 19:35,7.99,NULL
13320,19-08-2005 19:35,172,987,19-08-2005 19:35,4.99,0.5
13321,19-08-2005 19:40,280,911,19-08-2005 19:40,4.99,NULL
13322,19-08-2005 19:43,559,464,19-08-2005 19:43,4.99,0.5
13323,19-08-2005 19:48,133,235,19-08-2005 19:48,2.99,NULL
13324,19-08-2005 19:51,564,948,19-08-2005 19:51,0.99,1
13325,19-08-2005 19:52,334,521,19-08-2005 19:52,4.99,NULL
13326,19-08-2005 19:52,576,95,19-08-2005 19:52,4.99,NULL
13327,19-08-2005 19:55,72,392,19-08-2005 19:55,4.99,NULL
13328,19-08-2005 19:56,462,131,19-08-2005 19:56,4.99,1
13329,19-08-2005 19:56,373,689,19-08-2005 19:56,3.99,NULL
13330,19-08-2005 19:59,297,930,19-08-2005 19:59,2.99,1
13331,19-08-2005 20:00,23,846,19-08-2005 20:00,4.99,NULL
13332,19-08-2005 20:00,503,690,19-08-2005 20:00,2.99,0.5
13333,14-02-2006 15:16,64,243,14-02-2006 15:16,4.99,1
13334,19-08-2005 20:02,379,101,19-08-2005 20:02,0.99,1
13335,19-08-2005 20:03,74,406,19-08-2005 20:03,0.99,1
13336,19-08-2005 20:03,289,227,19-08-2005 20:03,5.99,NULL
13337,19-08-2005 20:06,374,784,19-08-2005 20:06,2.99,1
13338,19-08-2005 20:09,86,818,19-08-2005 20:09,4.99,NULL
13339,19-08-2005 20:18,15,313,19-08-2005 20:18,8.99,1
13340,19-08-2005 20:18,45,949,19-08-2005 20:18,3.99,NULL
13341,19-08-2005 20:18,460,380,19-08-2005 20:18,3.99,NULL
13342,19-08-2005 20:21,172,762,19-08-2005 20:21,0.99,0.5
13343,19-08-2005 20:22,591,231,19-08-2005 20:22,3.99,1
13344,19-08-2005 20:22,514,960,19-08-2005 20:22,3.99,1
13345,19-08-2005 20:25,55,10,19-08-2005 20:25,6.99,1
13346,19-08-2005 20:28,131,991,19-08-2005 20:28,7.99,NULL
13347,19-08-2005 20:28,562,879,19-08-2005 20:28,10.99,NULL
13348,19-08-2005 20:31,456,61,19-08-2005 20:31,4.99,NULL
13349,19-08-2005 20:43,234,927,19-08-2005 20:43,2.99,NULL
13350,19-08-2005 20:44,214,771,19-08-2005 20:44,9.99,NULL
13351,14-02-2006 15:16,42,897,14-02-2006 15:16,5.98,NULL
13352,19-08-2005 20:51,80,590,19-08-2005 20:51,4.99,NULL
13353,19-08-2005 20:53,131,612,19-08-2005 20:53,2.99,NULL
13354,19-08-2005 20:55,213,299,19-08-2005 20:55,4.99,NULL
13355,19-08-2005 20:59,396,127,19-08-2005 20:59,4.99,0.5
13356,19-08-2005 21:02,324,595,19-08-2005 21:02,0.99,1
13357,19-08-2005 21:02,393,725,19-08-2005 21:02,4.99,1
13358,19-08-2005 21:04,439,330,19-08-2005 21:04,4.99,NULL
13359,19-08-2005 21:04,434,908,19-08-2005 21:04,9.99,NULL
13360,19-08-2005 21:05,327,745,19-08-2005 21:05,4.99,0.5
13361,19-08-2005 21:07,107,934,19-08-2005 21:07,4.99,NULL
13362,19-08-2005 21:07,565,191,19-08-2005 21:07,0.99,NULL
13363,19-08-2005 21:07,288,129,19-08-2005 21:07,2.99,NULL
13364,19-08-2005 21:09,236,609,19-08-2005 21:09,2.99,NULL
13365,19-08-2005 21:12,307,898,19-08-2005 21:12,6.99,1
13366,19-08-2005 21:14,259,131,19-08-2005 21:14,4.99,1
13367,19-08-2005 21:19,290,999,19-08-2005 21:19,2.99,NULL
13368,19-08-2005 21:19,342,239,19-08-2005 21:19,4.99,1
13369,19-08-2005 21:19,116,598,19-08-2005 21:19,0.99,NULL
13370,19-08-2005 21:20,101,54,19-08-2005 21:20,1.99,NULL
13371,19-08-2005 21:21,34,746,19-08-2005 21:21,4.99,0.5
13372,19-08-2005 21:23,150,738,19-08-2005 21:23,2.99,NULL
13373,19-08-2005 21:23,7,880,19-08-2005 21:23,2.99,NULL
13374,14-02-2006 15:16,227,597,14-02-2006 15:16,4.99,NULL
13375,19-08-2005 21:31,120,211,19-08-2005 21:31,7.99,NULL
13376,19-08-2005 21:31,40,200,19-08-2005 21:31,0.99,NULL
13377,19-08-2005 21:32,572,291,19-08-2005 21:32,1.99,NULL
13378,19-08-2005 21:33,368,595,19-08-2005 21:33,0.99,0.5
13379,19-08-2005 21:33,227,354,19-08-2005 21:33,4.99,NULL
13380,19-08-2005 21:36,451,924,19-08-2005 21:36,0.99,NULL
13381,19-08-2005 21:37,21,620,19-08-2005 21:37,2.99,0.5
13382,19-08-2005 21:38,436,814,19-08-2005 21:38,7.99,NULL
13383,19-08-2005 21:38,434,702,19-08-2005 21:38,7.99,NULL
13384,19-08-2005 21:38,440,320,19-08-2005 21:38,4.99,1
13385,19-08-2005 21:39,252,941,19-08-2005 21:39,4.99,NULL
13386,19-08-2005 21:43,324,978,19-08-2005 21:43,2.99,1
13387,19-08-2005 21:46,504,24,19-08-2005 21:46,2.99,NULL
13388,19-08-2005 21:46,317,209,19-08-2005 21:46,4.99,NULL
13389,19-08-2005 21:52,257,736,19-08-2005 21:52,2.99,NULL
13390,14-02-2006 15:16,135,625,14-02-2006 15:16,0.99,1
13391,19-08-2005 22:01,16,917,19-08-2005 22:01,4.99,NULL
13392,19-08-2005 22:03,409,151,19-08-2005 22:03,8.99,NULL
13393,19-08-2005 22:03,15,213,19-08-2005 22:03,5.99,1
13394,19-08-2005 22:05,45,570,19-08-2005 22:05,4.99,NULL
13395,19-08-2005 22:05,80,11,19-08-2005 22:05,0.99,NULL
13396,19-08-2005 22:06,517,906,19-08-2005 22:06,0.99,NULL
13397,19-08-2005 22:06,379,845,19-08-2005 22:06,7.99,1
13398,19-08-2005 22:08,405,741,19-08-2005 22:08,0.99,NULL
13399,19-08-2005 22:09,21,502,19-08-2005 22:09,4.99,0.5
13400,19-08-2005 22:11,179,469,19-08-2005 22:11,4.99,1
13401,19-08-2005 22:16,139,109,19-08-2005 22:16,3.99,NULL
13402,19-08-2005 22:16,372,719,19-08-2005 22:16,4.99,NULL
13403,19-08-2005 22:18,3,711,19-08-2005 22:18,8.99,NULL
13404,19-08-2005 22:18,414,91,19-08-2005 22:18,0.99,NULL
13405,19-08-2005 22:20,181,341,19-08-2005 22:20,4.99,NULL
13406,19-08-2005 22:22,113,665,19-08-2005 22:22,2.99,NULL
13407,19-08-2005 22:26,131,552,19-08-2005 22:26,0.99,NULL
13408,19-08-2005 22:34,575,614,19-08-2005 22:34,4.99,NULL
13409,19-08-2005 22:36,214,193,19-08-2005 22:36,2.99,NULL
13410,19-08-2005 22:41,104,311,19-08-2005 22:41,3.99,NULL
13411,19-08-2005 22:43,21,967,19-08-2005 22:43,4.99,0.5
13412,19-08-2005 22:46,404,616,19-08-2005 22:46,5.99,0.5
13413,19-08-2005 22:46,390,329,19-08-2005 22:46,3.99,NULL
13414,19-08-2005 22:47,438,897,19-08-2005 22:47,4.99,NULL
13415,19-08-2005 22:48,181,245,19-08-2005 22:48,2.99,NULL
13416,19-08-2005 22:48,204,239,19-08-2005 22:48,4.99,0.5
13417,19-08-2005 22:51,468,18,19-08-2005 22:51,0.99,1
13418,19-08-2005 22:53,246,458,19-08-2005 22:53,5.99,1
13419,14-02-2006 15:16,537,768,14-02-2006 15:16,4.99,NULL
13420,19-08-2005 22:57,102,390,19-08-2005 22:57,9.99,NULL
13421,14-02-2006 15:16,366,2,14-02-2006 15:16,4.99,0.5
13422,19-08-2005 23:07,404,840,19-08-2005 23:07,4.99,0.5
13423,19-08-2005 23:07,311,119,19-08-2005 23:07,1.99,1
13424,19-08-2005 23:10,216,945,19-08-2005 23:10,0.99,1
13425,19-08-2005 23:11,340,491,19-08-2005 23:11,2.99,1
13426,19-08-2005 23:15,213,747,19-08-2005 23:15,0.99,NULL
13427,19-08-2005 23:19,239,686,19-08-2005 23:19,4.99,NULL
13428,14-02-2006 15:16,44,21,14-02-2006 15:16,4.99,1
13429,19-08-2005 23:25,23,804,19-08-2005 23:25,6.99,NULL
13430,19-08-2005 23:25,381,625,19-08-2005 23:25,0.99,NULL
13431,19-08-2005 23:28,229,370,19-08-2005 23:28,4.99,1
13432,19-08-2005 23:29,78,479,19-08-2005 23:29,0.99,1
13433,19-08-2005 23:30,171,360,19-08-2005 23:30,0.99,NULL
13434,19-08-2005 23:34,221,450,19-08-2005 23:34,2.99,NULL
13435,19-08-2005 23:35,30,855,19-08-2005 23:35,0.99,NULL
13436,19-08-2005 23:36,29,549,19-08-2005 23:36,0.99,0.5
13437,19-08-2005 23:37,67,498,19-08-2005 23:37,4.99,1
13438,19-08-2005 23:38,520,380,19-08-2005 23:38,2.99,1
13439,19-08-2005 23:42,551,773,19-08-2005 23:42,3.99,1
13440,19-08-2005 23:42,260,623,19-08-2005 23:42,2.99,1
13441,19-08-2005 23:48,125,699,19-08-2005 23:48,6.99,NULL
13442,19-08-2005 23:50,356,531,19-08-2005 23:50,5.99,1
13443,19-08-2005 23:53,236,694,19-08-2005 23:53,7.99,NULL
13444,20-08-2005 00:00,37,562,20-08-2005 00:00,0.99,1
13445,20-08-2005 00:05,495,356,20-08-2005 00:05,2.99,1
13446,20-08-2005 00:06,488,708,20-08-2005 00:06,4.99,NULL
13447,20-08-2005 00:09,542,64,20-08-2005 00:09,0.99,NULL
13448,20-08-2005 00:12,327,629,20-08-2005 00:12,0.99,0.5
13449,20-08-2005 00:17,400,286,20-08-2005 00:17,2.99,NULL
13450,20-08-2005 00:18,61,27,20-08-2005 00:18,0.99,NULL
13451,20-08-2005 00:18,6,841,20-08-2005 00:18,6.99,NULL
13452,20-08-2005 00:20,430,534,20-08-2005 00:20,0.99,1
13453,20-08-2005 00:30,164,476,20-08-2005 00:30,5.99,0.5
13454,20-08-2005 00:30,430,341,20-08-2005 00:30,2.99,1
13455,20-08-2005 00:32,133,291,20-08-2005 00:32,1.99,NULL
13456,20-08-2005 00:33,13,358,20-08-2005 00:33,0.99,0.5
13457,20-08-2005 00:33,256,270,20-08-2005 00:33,0.99,NULL
13458,20-08-2005 00:35,228,918,20-08-2005 00:35,4.99,NULL
13459,20-08-2005 00:45,114,803,20-08-2005 00:45,6.99,NULL
13460,20-08-2005 00:48,410,55,20-08-2005 00:48,4.99,NULL
13461,20-08-2005 00:49,421,575,20-08-2005 00:49,9.99,1
13462,20-08-2005 00:49,489,845,20-08-2005 00:49,4.99,0.5
13463,20-08-2005 00:50,21,113,20-08-2005 00:50,8.99,0.5
13464,14-02-2006 15:16,576,935,14-02-2006 15:16,0,NULL
13465,20-08-2005 00:54,575,288,20-08-2005 00:54,2.99,NULL
13466,20-08-2005 00:55,262,679,20-08-2005 00:55,2.99,NULL
13467,20-08-2005 00:56,373,152,20-08-2005 00:56,2.99,NULL
13468,20-08-2005 00:56,266,403,20-08-2005 00:56,8.99,NULL
13469,20-08-2005 00:59,235,309,20-08-2005 00:59,0.99,NULL
13470,20-08-2005 01:01,141,680,20-08-2005 01:01,4.99,0.5
13471,20-08-2005 01:02,296,305,20-08-2005 01:02,2.99,1
13472,20-08-2005 01:03,137,676,20-08-2005 01:03,5.99,NULL
13473,20-08-2005 01:03,390,84,20-08-2005 01:03,4.99,NULL
13474,20-08-2005 01:04,116,269,20-08-2005 01:04,0.99,NULL
13475,20-08-2005 01:05,68,706,20-08-2005 01:05,4.99,1
13476,20-08-2005 01:06,7,628,20-08-2005 01:06,2.99,NULL
13477,20-08-2005 01:07,222,315,20-08-2005 01:07,2.99,1
13478,20-08-2005 01:07,466,473,20-08-2005 01:07,2.99,1
13479,20-08-2005 01:09,87,280,20-08-2005 01:09,0.99,NULL
13480,20-08-2005 01:10,16,45,20-08-2005 01:10,6.99,NULL
13481,20-08-2005 01:11,157,588,20-08-2005 01:11,6.99,NULL
13482,20-08-2005 01:14,183,356,20-08-2005 01:14,2.99,1
13483,20-08-2005 01:16,441,559,20-08-2005 01:16,2.99,NULL
13484,20-08-2005 01:16,152,335,20-08-2005 01:16,0.99,1
13485,20-08-2005 01:20,379,833,20-08-2005 01:20,0.99,1
13486,14-02-2006 15:16,274,974,14-02-2006 15:16,0.99,1
13487,20-08-2005 01:27,458,572,20-08-2005 01:27,2.99,NULL
13488,20-08-2005 01:28,444,191,20-08-2005 01:28,0.99,NULL
13489,20-08-2005 01:29,443,644,20-08-2005 01:29,2.99,1
13490,20-08-2005 01:29,18,54,20-08-2005 01:29,0.99,NULL
13491,20-08-2005 01:30,258,550,20-08-2005 01:30,4.99,NULL
13492,20-08-2005 01:32,462,255,20-08-2005 01:32,7.99,1
13493,20-08-2005 01:33,37,643,20-08-2005 01:33,3.99,1
13494,20-08-2005 01:36,414,356,20-08-2005 01:36,2.99,NULL
13495,20-08-2005 01:40,92,849,20-08-2005 01:40,0.99,1
13496,20-08-2005 01:42,454,667,20-08-2005 01:42,8.99,NULL
13497,20-08-2005 01:46,481,286,20-08-2005 01:46,2.99,NULL
13498,20-08-2005 01:51,578,350,20-08-2005 01:51,5.99,NULL
13499,20-08-2005 01:52,300,412,20-08-2005 01:52,6.99,1
13500,20-08-2005 01:54,577,298,20-08-2005 01:54,3.99,NULL
13501,20-08-2005 01:56,390,953,20-08-2005 01:56,0.99,NULL
13502,20-08-2005 01:58,309,292,20-08-2005 01:58,0.99,NULL
13503,20-08-2005 02:00,15,100,20-08-2005 02:00,5.99,1
13504,20-08-2005 02:01,293,941,20-08-2005 02:01,5.99,NULL
13505,20-08-2005 02:05,536,203,20-08-2005 02:05,4.99,NULL
13506,20-08-2005 02:07,261,294,20-08-2005 02:07,5.99,NULL
13507,20-08-2005 02:10,478,731,20-08-2005 02:10,4.99,NULL
13508,20-08-2005 02:12,408,895,20-08-2005 02:12,7.99,NULL
13509,20-08-2005 02:14,128,809,20-08-2005 02:14,0.99,NULL
13510,20-08-2005 02:18,107,151,20-08-2005 02:18,6.99,NULL
13511,20-08-2005 02:21,23,651,20-08-2005 02:21,0.99,NULL
13512,20-08-2005 02:27,62,985,20-08-2005 02:27,8.99,NULL
13513,20-08-2005 02:27,454,361,20-08-2005 02:27,2.99,NULL
13514,20-08-2005 02:28,96,747,20-08-2005 02:28,0.99,NULL
13515,20-08-2005 02:29,194,753,20-08-2005 02:29,0.99,0.5
13516,20-08-2005 02:32,95,933,20-08-2005 02:32,7.99,1
13517,20-08-2005 02:33,186,117,20-08-2005 02:33,4.99,1
13518,20-08-2005 02:36,528,78,20-08-2005 02:36,2.99,NULL
13519,20-08-2005 02:37,12,40,20-08-2005 02:37,0.99,1
13520,20-08-2005 02:41,74,732,20-08-2005 02:41,0.99,1
13521,20-08-2005 02:42,384,567,20-08-2005 02:42,2.99,1
13522,20-08-2005 02:44,343,645,20-08-2005 02:44,3.99,NULL
13523,20-08-2005 02:47,572,35,20-08-2005 02:47,6.99,NULL
13524,20-08-2005 02:48,593,995,20-08-2005 02:48,6.99,NULL
13525,20-08-2005 02:50,111,769,20-08-2005 02:50,5.99,NULL
13526,20-08-2005 02:58,277,429,20-08-2005 02:58,4.99,NULL
13527,20-08-2005 03:00,521,967,20-08-2005 03:00,2.99,1
13528,20-08-2005 03:03,202,402,20-08-2005 03:03,3.99,1
13529,20-08-2005 03:07,193,432,20-08-2005 03:07,2.99,NULL
13530,20-08-2005 03:12,156,130,20-08-2005 03:12,0.99,NULL
13531,20-08-2005 03:26,156,609,20-08-2005 03:26,2.99,NULL
13532,20-08-2005 03:29,168,313,20-08-2005 03:29,4.99,1
13533,20-08-2005 03:30,436,391,20-08-2005 03:30,3.99,NULL
13534,14-02-2006 15:16,75,542,14-02-2006 15:16,8.97,NULL
13535,20-08-2005 03:30,86,343,20-08-2005 03:30,4.99,NULL
13536,20-08-2005 03:35,183,145,20-08-2005 03:35,4.99,1
13537,20-08-2005 03:39,418,554,20-08-2005 03:39,2.99,NULL
13538,14-02-2006 15:16,279,127,14-02-2006 15:16,4.99,0.5
13539,20-08-2005 03:40,518,683,20-08-2005 03:40,6.99,0.5
13540,20-08-2005 03:41,557,829,20-08-2005 03:41,2.99,NULL
13541,20-08-2005 03:41,15,300,20-08-2005 03:41,4.99,1
13542,20-08-2005 03:41,147,992,20-08-2005 03:41,4.99,0.5
13543,20-08-2005 03:43,163,463,20-08-2005 03:43,7.99,0.5
13544,20-08-2005 03:44,538,11,20-08-2005 03:44,1.99,1
13545,20-08-2005 03:50,417,133,20-08-2005 03:50,4.99,NULL
13546,20-08-2005 03:50,390,546,20-08-2005 03:50,3.99,NULL
13547,20-08-2005 03:53,456,686,20-08-2005 03:53,4.99,NULL
13548,20-08-2005 03:53,319,958,20-08-2005 03:53,3.99,NULL
13549,20-08-2005 03:58,274,113,20-08-2005 03:58,8.99,1
13550,20-08-2005 03:58,206,46,20-08-2005 03:58,9.99,1
13551,20-08-2005 04:00,503,234,20-08-2005 04:00,2.99,0.5
13552,20-08-2005 04:03,578,166,20-08-2005 04:03,2.99,NULL
13553,20-08-2005 04:07,314,963,20-08-2005 04:07,3.99,1
13554,20-08-2005 04:08,569,580,20-08-2005 04:08,9.99,1
13555,20-08-2005 04:09,93,697,20-08-2005 04:09,2.99,1
13556,20-08-2005 04:10,266,854,20-08-2005 04:10,6.99,NULL
13557,20-08-2005 04:12,23,496,20-08-2005 04:12,0.99,NULL
13558,20-08-2005 04:13,564,341,20-08-2005 04:13,0.99,1
13559,20-08-2005 04:16,444,526,20-08-2005 04:16,2.99,NULL
13560,20-08-2005 04:17,56,179,20-08-2005 04:17,8.99,NULL
13561,14-02-2006 15:16,530,704,14-02-2006 15:16,2.99,NULL
13562,20-08-2005 04:31,36,993,20-08-2005 04:31,2.99,0.5
13563,20-08-2005 04:33,366,130,20-08-2005 04:33,0.99,0.5
13564,20-08-2005 04:34,36,149,20-08-2005 04:34,1.99,0.5
13565,20-08-2005 04:38,214,741,20-08-2005 04:38,0.99,NULL
13566,20-08-2005 04:45,558,961,20-08-2005 04:45,5.99,NULL
13567,20-08-2005 04:49,242,118,20-08-2005 04:49,0.99,1
13568,20-08-2005 05:02,151,274,20-08-2005 05:02,5.99,1
13569,20-08-2005 05:02,496,420,20-08-2005 05:02,5.99,1
13570,20-08-2005 05:04,188,616,20-08-2005 05:04,2.99,NULL
13571,20-08-2005 05:05,458,276,20-08-2005 05:05,4.99,NULL
13572,20-08-2005 05:07,11,143,20-08-2005 05:07,0.99,0.5
13573,20-08-2005 05:10,59,665,20-08-2005 05:10,2.99,1
13574,20-08-2005 05:10,552,520,20-08-2005 05:10,2.99,1
13575,20-08-2005 05:15,339,599,20-08-2005 05:15,5.99,1
13576,20-08-2005 05:19,223,586,20-08-2005 05:19,0.99,NULL
13577,14-02-2006 15:16,448,842,14-02-2006 15:16,0,NULL
13578,14-02-2006 15:16,352,937,14-02-2006 15:16,2.99,NULL
13579,20-08-2005 05:22,333,921,20-08-2005 05:22,3.99,NULL
13580,20-08-2005 05:23,526,966,20-08-2005 05:23,0.99,NULL
13581,20-08-2005 05:26,119,381,20-08-2005 05:26,4.99,0.5
13582,20-08-2005 05:28,166,47,20-08-2005 05:28,4.99,NULL
13583,20-08-2005 05:29,74,39,20-08-2005 05:29,1.99,1
13584,14-02-2006 15:16,548,864,14-02-2006 15:16,0.99,NULL
13585,20-08-2005 05:32,470,729,20-08-2005 05:32,4.99,NULL
13586,20-08-2005 05:40,445,992,20-08-2005 05:40,0.99,NULL
13587,14-02-2006 15:16,431,536,14-02-2006 15:16,2.99,NULL
13588,20-08-2005 05:47,279,154,20-08-2005 05:47,4.99,0.5
13589,20-08-2005 05:47,574,706,20-08-2005 05:47,4.99,0.5
13590,20-08-2005 05:48,264,966,20-08-2005 05:48,2.99,0.5
13591,20-08-2005 05:50,390,679,20-08-2005 05:50,3.99,NULL
13592,20-08-2005 05:50,470,330,20-08-2005 05:50,4.99,NULL
13593,20-08-2005 05:50,585,58,20-08-2005 05:50,3.99,NULL
13594,20-08-2005 05:53,7,750,20-08-2005 05:53,0.99,NULL
13595,20-08-2005 05:54,545,147,20-08-2005 05:54,4.99,NULL
13596,20-08-2005 05:58,513,106,20-08-2005 05:58,5.99,NULL
13597,20-08-2005 05:59,72,809,20-08-2005 05:59,0.99,NULL
13598,20-08-2005 05:59,259,615,20-08-2005 05:59,5.99,1
13599,20-08-2005 06:00,150,733,20-08-2005 06:00,5.99,NULL
13600,20-08-2005 06:00,528,95,20-08-2005 06:00,7.99,NULL
13601,20-08-2005 06:01,189,468,20-08-2005 06:01,6.99,NULL
13602,20-08-2005 06:02,348,616,20-08-2005 06:02,5.99,NULL
13603,20-08-2005 06:02,362,207,20-08-2005 06:02,6.99,1
13604,20-08-2005 06:03,353,948,20-08-2005 06:03,0.99,NULL
13605,20-08-2005 06:06,522,972,20-08-2005 06:06,6.99,NULL
13606,20-08-2005 06:07,146,17,20-08-2005 06:07,4.99,NULL
13607,20-08-2005 06:08,491,590,20-08-2005 06:08,2.99,0.5
13608,20-08-2005 06:10,193,894,20-08-2005 06:10,0.99,NULL
13609,20-08-2005 06:11,328,67,20-08-2005 06:11,2.99,NULL
13610,20-08-2005 06:14,3,555,20-08-2005 06:14,2.99,NULL
13611,20-08-2005 06:20,112,320,20-08-2005 06:20,8.99,NULL
13612,20-08-2005 06:22,505,147,20-08-2005 06:22,3.99,NULL
13613,20-08-2005 06:23,201,527,20-08-2005 06:23,9.99,NULL
13614,20-08-2005 06:28,381,816,20-08-2005 06:28,0.99,NULL
13615,20-08-2005 06:28,539,406,20-08-2005 06:28,2.99,NULL
13616,20-08-2005 06:30,194,369,20-08-2005 06:30,7.99,0.5
13617,20-08-2005 06:35,526,884,20-08-2005 06:35,8.99,NULL
13618,20-08-2005 06:36,390,86,20-08-2005 06:36,7.99,NULL
13619,20-08-2005 06:39,365,238,20-08-2005 06:39,2.99,0.5
13620,20-08-2005 06:41,92,514,20-08-2005 06:41,2.99,1
13621,20-08-2005 06:43,581,821,20-08-2005 06:43,0.99,NULL
13622,20-08-2005 06:45,335,737,20-08-2005 06:45,1.99,NULL
13623,20-08-2005 06:49,321,861,20-08-2005 06:49,6.99,NULL
13624,20-08-2005 06:51,63,95,20-08-2005 06:51,8.99,NULL
13625,20-08-2005 06:52,422,12,20-08-2005 06:52,1.99,1
13626,20-08-2005 06:55,524,130,20-08-2005 06:55,2.99,NULL
13627,20-08-2005 06:59,329,131,20-08-2005 06:59,8.99,0.5
13628,20-08-2005 07:03,500,226,20-08-2005 07:03,4.99,NULL
13629,20-08-2005 07:04,392,398,20-08-2005 07:04,4.99,NULL
13630,20-08-2005 07:05,244,735,20-08-2005 07:05,4.99,NULL
13631,20-08-2005 07:07,535,227,20-08-2005 07:07,4.99,NULL
13632,20-08-2005 07:10,409,873,20-08-2005 07:10,6.99,NULL
13633,20-08-2005 07:13,301,709,20-08-2005 07:13,2.99,1
13634,20-08-2005 07:16,411,186,20-08-2005 07:16,0.99,NULL
13635,20-08-2005 07:17,286,146,20-08-2005 07:17,5.99,NULL
13636,20-08-2005 07:20,349,321,20-08-2005 07:20,4.99,NULL
13637,20-08-2005 07:21,342,500,20-08-2005 07:21,4.99,1
13638,20-08-2005 07:21,493,716,20-08-2005 07:21,2.99,0.5
13639,20-08-2005 07:22,562,545,20-08-2005 07:22,0.99,NULL
13640,20-08-2005 07:22,541,751,20-08-2005 07:22,0.99,NULL
13641,20-08-2005 07:34,281,80,20-08-2005 07:34,2.99,1
13642,20-08-2005 07:42,452,965,20-08-2005 07:42,3.99,NULL
13643,20-08-2005 07:42,398,533,20-08-2005 07:42,4.99,1
13644,20-08-2005 07:46,464,216,20-08-2005 07:46,8.99,NULL
13645,20-08-2005 07:47,387,34,20-08-2005 07:47,0.99,NULL
13646,20-08-2005 07:47,242,297,20-08-2005 07:47,5.99,1
13647,20-08-2005 07:48,519,720,20-08-2005 07:48,7.99,0.5
13648,20-08-2005 07:48,596,856,20-08-2005 07:48,4.99,NULL
13649,20-08-2005 07:48,259,327,20-08-2005 07:48,4.99,1
13650,20-08-2005 07:49,322,579,20-08-2005 07:49,9.99,NULL
13651,20-08-2005 07:50,256,241,20-08-2005 07:50,0.99,NULL
13652,20-08-2005 07:52,67,559,20-08-2005 07:52,2.99,1
13653,20-08-2005 07:54,129,878,20-08-2005 07:54,10.99,1
13654,20-08-2005 07:58,469,347,20-08-2005 07:58,4.99,NULL
13655,20-08-2005 07:59,207,936,20-08-2005 07:59,2.99,NULL
13656,20-08-2005 08:01,411,698,20-08-2005 08:01,7.99,NULL
13657,20-08-2005 08:01,414,381,20-08-2005 08:01,4.99,NULL
13658,20-08-2005 08:02,487,838,20-08-2005 08:02,7.99,1
13659,20-08-2005 08:05,520,789,20-08-2005 08:05,2.99,1
13660,20-08-2005 08:05,72,865,20-08-2005 08:05,4.99,NULL
13661,20-08-2005 08:05,471,870,20-08-2005 08:05,5.99,NULL
13662,20-08-2005 08:11,592,848,20-08-2005 08:11,3.99,NULL
13663,20-08-2005 08:12,240,865,20-08-2005 08:12,8.99,0.5
13664,20-08-2005 08:18,264,820,20-08-2005 08:18,5.99,0.5
13665,20-08-2005 08:19,291,23,20-08-2005 08:19,5.99,NULL
13666,20-08-2005 08:20,451,437,20-08-2005 08:20,2.99,NULL
13667,20-08-2005 08:25,280,844,20-08-2005 08:25,4.99,NULL
13668,20-08-2005 08:26,123,799,20-08-2005 08:26,2.99,1
13669,20-08-2005 08:26,261,983,20-08-2005 08:26,2.99,NULL
13670,20-08-2005 08:27,147,425,20-08-2005 08:27,3.99,0.5
13671,20-08-2005 08:27,201,322,20-08-2005 08:27,3.99,NULL
13672,20-08-2005 08:27,201,448,20-08-2005 08:27,2.99,NULL
13673,20-08-2005 08:27,332,76,20-08-2005 08:27,2.99,0.5
13674,20-08-2005 08:30,36,745,20-08-2005 08:30,4.99,0.5
13675,20-08-2005 08:32,493,77,20-08-2005 08:32,6.99,0.5
13676,20-08-2005 08:33,103,696,20-08-2005 08:33,0.99,NULL
13677,20-08-2005 08:34,15,873,20-08-2005 08:34,3.99,1
13678,20-08-2005 08:38,337,247,20-08-2005 08:38,4.99,0.5
13679,20-08-2005 08:39,229,631,20-08-2005 08:39,5.99,1
13680,20-08-2005 08:44,70,619,20-08-2005 08:44,4.99,NULL
13681,20-08-2005 08:47,328,666,20-08-2005 08:47,7.99,NULL
13682,20-08-2005 08:50,30,65,20-08-2005 08:50,4.99,NULL
13683,20-08-2005 08:54,255,377,20-08-2005 08:54,0.99,NULL
13684,20-08-2005 08:55,348,479,20-08-2005 08:55,0.99,NULL
13685,20-08-2005 08:57,260,733,20-08-2005 08:57,3.99,1
13686,20-08-2005 08:57,306,145,20-08-2005 08:57,4.99,NULL
13687,20-08-2005 08:57,290,792,20-08-2005 08:57,2.99,NULL
13688,20-08-2005 08:59,572,247,20-08-2005 08:59,5.99,NULL
13689,20-08-2005 09:04,336,179,20-08-2005 09:04,4.99,1
13690,20-08-2005 09:07,513,814,20-08-2005 09:07,4.99,NULL
13691,20-08-2005 09:07,548,147,20-08-2005 09:07,3.99,NULL
13692,20-08-2005 09:07,65,418,20-08-2005 09:07,0.99,NULL
13693,20-08-2005 09:11,552,206,20-08-2005 09:11,0.99,1
13694,20-08-2005 09:13,454,798,20-08-2005 09:13,8.99,NULL
13695,20-08-2005 09:13,258,683,20-08-2005 09:13,6.99,NULL
13696,20-08-2005 09:16,206,283,20-08-2005 09:16,0.99,1
13697,20-08-2005 09:21,76,66,20-08-2005 09:21,3.99,NULL
13698,20-08-2005 09:24,364,838,20-08-2005 09:24,4.99,NULL
13699,20-08-2005 09:26,21,854,20-08-2005 09:26,9.99,0.5
13700,20-08-2005 09:26,265,919,20-08-2005 09:26,8.99,NULL
13701,20-08-2005 09:27,564,358,20-08-2005 09:27,0.99,1
13702,20-08-2005 09:27,296,153,20-08-2005 09:27,2.99,1
13703,20-08-2005 09:29,356,500,20-08-2005 09:29,6.99,1
13704,20-08-2005 09:32,4,740,20-08-2005 09:32,2.99,NULL
13705,20-08-2005 09:32,451,800,20-08-2005 09:32,2.99,NULL
13706,20-08-2005 09:32,363,659,20-08-2005 09:32,9.99,NULL
13707,20-08-2005 09:33,232,181,20-08-2005 09:33,2.99,NULL
13708,20-08-2005 09:34,218,484,20-08-2005 09:34,5.99,NULL
13709,20-08-2005 09:34,422,891,20-08-2005 09:34,0.99,1
13710,20-08-2005 09:35,333,165,20-08-2005 09:35,4.99,NULL
13711,20-08-2005 09:35,453,503,20-08-2005 09:35,7.99,NULL
13712,20-08-2005 09:38,581,232,20-08-2005 09:38,2.99,NULL
13713,14-02-2006 15:16,267,676,14-02-2006 15:16,0,1
13714,20-08-2005 09:41,277,583,20-08-2005 09:41,4.99,NULL
13715,20-08-2005 09:43,292,230,20-08-2005 09:43,2.99,NULL
13716,20-08-2005 09:48,386,17,20-08-2005 09:48,3.99,NULL
13717,20-08-2005 09:50,300,356,20-08-2005 09:50,5.99,1
13718,20-08-2005 09:53,19,45,20-08-2005 09:53,8.99,NULL
13719,14-02-2006 15:16,208,775,14-02-2006 15:16,5.98,1
13720,20-08-2005 10:01,427,176,20-08-2005 10:01,1.99,1
13721,20-08-2005 10:02,297,316,20-08-2005 10:02,4.99,1
13722,20-08-2005 10:03,422,347,20-08-2005 10:03,4.99,1
13723,20-08-2005 10:05,110,91,20-08-2005 10:05,2.99,1
13724,20-08-2005 10:07,80,44,20-08-2005 10:07,4.99,NULL
13725,20-08-2005 10:08,306,845,20-08-2005 10:08,5.99,NULL
13726,20-08-2005 10:08,214,488,20-08-2005 10:08,0.99,NULL
13727,20-08-2005 10:08,85,914,20-08-2005 10:08,3.99,NULL
13728,20-08-2005 10:11,157,428,20-08-2005 10:11,2.99,NULL
13729,20-08-2005 10:17,415,893,20-08-2005 10:17,8.99,NULL
13730,20-08-2005 10:17,548,294,20-08-2005 10:17,7.99,NULL
13731,20-08-2005 10:22,450,251,20-08-2005 10:22,4.99,NULL
13732,20-08-2005 10:24,17,252,20-08-2005 10:24,2.99,1
13733,20-08-2005 10:25,85,870,20-08-2005 10:25,0.99,NULL
13734,20-08-2005 10:29,374,995,20-08-2005 10:29,4.99,1
13735,20-08-2005 10:31,35,394,20-08-2005 10:31,2.99,NULL
13736,20-08-2005 10:31,32,739,20-08-2005 10:31,8.99,1
13737,20-08-2005 10:41,200,941,20-08-2005 10:41,5.99,NULL
13738,20-08-2005 10:42,273,603,20-08-2005 10:42,4.99,NULL
13739,20-08-2005 10:45,441,664,20-08-2005 10:45,4.99,NULL
13740,20-08-2005 10:48,21,952,20-08-2005 10:48,4.99,0.5
13741,20-08-2005 10:48,195,849,20-08-2005 10:48,0.99,NULL
13742,20-08-2005 10:49,580,302,20-08-2005 10:49,2.99,NULL
13743,20-08-2005 10:51,57,807,20-08-2005 10:51,0.99,NULL
13744,20-08-2005 10:51,408,649,20-08-2005 10:51,3.99,NULL
13745,20-08-2005 10:53,142,280,20-08-2005 10:53,0.99,NULL
13746,20-08-2005 10:55,520,818,20-08-2005 10:55,5.99,1
13747,20-08-2005 10:56,74,733,20-08-2005 10:56,5.99,1
13748,20-08-2005 10:59,410,476,20-08-2005 10:59,2.99,NULL
13749,20-08-2005 11:00,282,617,20-08-2005 11:00,2.99,NULL
13750,20-08-2005 11:11,246,738,20-08-2005 11:11,6.99,1
13751,20-08-2005 11:17,105,42,20-08-2005 11:17,2.99,NULL
13752,20-08-2005 11:17,77,390,20-08-2005 11:17,9.99,1
13753,14-02-2006 15:16,495,819,14-02-2006 15:16,0.99,1
13754,20-08-2005 11:18,108,378,20-08-2005 11:18,2.99,NULL
13755,20-08-2005 11:18,342,418,20-08-2005 11:18,2.99,1
13756,14-02-2006 15:16,252,253,14-02-2006 15:16,4.99,NULL
13757,20-08-2005 11:20,14,253,20-08-2005 11:20,4.99,NULL
13758,20-08-2005 11:21,255,190,20-08-2005 11:21,8.99,NULL
13759,20-08-2005 11:24,269,130,20-08-2005 11:24,2.99,NULL
13760,20-08-2005 11:26,436,759,20-08-2005 11:26,5.99,NULL
13761,20-08-2005 11:28,376,691,20-08-2005 11:28,4.99,1
13762,20-08-2005 11:29,566,100,20-08-2005 11:29,4.99,0.5
13763,20-08-2005 11:37,469,907,20-08-2005 11:37,2.99,NULL
13764,20-08-2005 11:38,386,220,20-08-2005 11:38,2.99,NULL
13765,20-08-2005 11:39,219,456,20-08-2005 11:39,4.99,NULL
13766,20-08-2005 11:42,189,290,20-08-2005 11:42,3.99,NULL
13767,20-08-2005 11:43,506,601,20-08-2005 11:43,0.99,NULL
13768,20-08-2005 11:43,198,842,20-08-2005 11:43,5.99,NULL
13769,20-08-2005 11:43,56,628,20-08-2005 11:43,5.99,NULL
13770,20-08-2005 11:45,538,222,20-08-2005 11:45,4.99,1
13771,20-08-2005 11:47,512,493,20-08-2005 11:47,0.99,NULL
13772,20-08-2005 11:47,387,443,20-08-2005 11:47,4.99,NULL
13773,20-08-2005 11:50,64,744,20-08-2005 11:50,2.99,1
13774,20-08-2005 11:54,244,160,20-08-2005 11:54,0.99,NULL
13775,20-08-2005 11:56,116,405,20-08-2005 11:56,6.99,NULL
13776,20-08-2005 11:57,137,532,20-08-2005 11:57,5.99,NULL
13777,20-08-2005 12:03,29,784,20-08-2005 12:03,2.99,0.5
13778,20-08-2005 12:03,539,521,20-08-2005 12:03,5.99,NULL
13779,20-08-2005 12:03,440,12,20-08-2005 12:03,2.99,1
13780,14-02-2006 15:16,14,385,14-02-2006 15:16,4.99,NULL
13781,20-08-2005 12:06,368,216,20-08-2005 12:06,7.99,0.5
13782,20-08-2005 12:09,305,126,20-08-2005 12:09,4.99,NULL
13783,20-08-2005 12:11,28,579,20-08-2005 12:11,4.99,1
13784,20-08-2005 12:11,431,678,20-08-2005 12:11,4.99,NULL
13785,20-08-2005 12:11,453,84,20-08-2005 12:11,4.99,NULL
13786,20-08-2005 12:13,94,114,20-08-2005 12:13,5.99,NULL
13787,20-08-2005 12:15,188,57,20-08-2005 12:15,5.99,NULL
13788,20-08-2005 12:15,393,697,20-08-2005 12:15,1.99,1
13789,20-08-2005 12:16,53,554,20-08-2005 12:16,2.99,0.5
13790,20-08-2005 12:17,11,304,20-08-2005 12:17,4.99,0.5
13791,20-08-2005 12:21,67,412,20-08-2005 12:21,4.99,1
13792,20-08-2005 12:21,78,902,20-08-2005 12:21,5.99,1
13793,20-08-2005 12:22,424,571,20-08-2005 12:22,3.99,1
13794,20-08-2005 12:25,557,464,20-08-2005 12:25,2.99,NULL
13795,20-08-2005 12:32,331,622,20-08-2005 12:32,0.99,NULL
13796,20-08-2005 12:32,209,6,20-08-2005 12:32,8.99,1
13797,20-08-2005 12:33,529,626,20-08-2005 12:33,2.99,1
13798,14-02-2006 15:16,15,116,14-02-2006 15:16,3.98,1
13799,20-08-2005 12:36,196,964,20-08-2005 12:36,8.99,NULL
13800,20-08-2005 12:40,407,341,20-08-2005 12:40,0.99,NULL
13801,20-08-2005 12:40,433,320,20-08-2005 12:40,4.99,NULL
13802,20-08-2005 12:44,156,450,20-08-2005 12:44,2.99,NULL
13803,20-08-2005 12:46,486,242,20-08-2005 12:46,0.99,NULL
13804,20-08-2005 12:46,19,483,20-08-2005 12:46,8.99,NULL
13805,20-08-2005 12:53,454,77,20-08-2005 12:53,6.99,NULL
13806,20-08-2005 12:53,341,98,20-08-2005 12:53,4.99,NULL
13807,20-08-2005 12:55,4,837,20-08-2005 12:55,6.99,NULL
13808,20-08-2005 12:55,262,807,20-08-2005 12:55,5.99,NULL
13809,20-08-2005 12:56,207,350,20-08-2005 12:56,8.99,NULL
13810,20-08-2005 12:59,450,482,20-08-2005 12:59,0.99,NULL
13811,20-08-2005 13:00,168,273,20-08-2005 13:00,0.99,1
13812,20-08-2005 13:01,122,611,20-08-2005 13:01,4.99,NULL
13813,20-08-2005 13:03,455,131,20-08-2005 13:03,4.99,NULL
13814,20-08-2005 13:07,436,461,20-08-2005 13:07,0.99,NULL
13815,20-08-2005 13:08,582,744,20-08-2005 13:08,5.99,NULL
13816,20-08-2005 13:13,27,61,20-08-2005 13:13,4.99,NULL
13817,20-08-2005 13:15,293,420,20-08-2005 13:15,4.99,NULL
13818,20-08-2005 13:20,495,284,20-08-2005 13:20,4.99,1
13819,20-08-2005 13:23,296,320,20-08-2005 13:23,4.99,1
13820,20-08-2005 13:26,81,700,20-08-2005 13:26,5.99,NULL
13821,20-08-2005 13:33,355,525,20-08-2005 13:33,1.99,0.5
13822,20-08-2005 13:39,499,175,20-08-2005 13:39,3.99,NULL
13823,20-08-2005 13:42,89,847,20-08-2005 13:42,2.99,NULL
13824,20-08-2005 13:43,413,624,20-08-2005 13:43,4.99,1
13825,20-08-2005 13:43,167,462,20-08-2005 13:43,6.99,1
13826,20-08-2005 13:46,436,89,20-08-2005 13:46,2.99,NULL
13827,20-08-2005 13:47,342,245,20-08-2005 13:47,4.99,1
13828,20-08-2005 13:49,450,521,20-08-2005 13:49,4.99,NULL
13829,20-08-2005 13:50,146,867,20-08-2005 13:50,4.99,NULL
13830,20-08-2005 13:57,61,630,20-08-2005 13:57,0.99,NULL
13831,20-08-2005 13:59,480,123,20-08-2005 13:59,4.99,0.5
13832,20-08-2005 14:00,29,726,20-08-2005 14:00,3.99,0.5
13833,20-08-2005 14:00,175,173,20-08-2005 14:00,6.99,1
13834,20-08-2005 14:03,426,193,20-08-2005 14:03,2.99,1
13835,20-08-2005 14:06,143,817,20-08-2005 14:06,4.99,0.5
13836,20-08-2005 14:18,375,929,20-08-2005 14:18,4.99,NULL
13837,20-08-2005 14:19,67,707,20-08-2005 14:19,2.99,1
13838,20-08-2005 14:22,437,251,20-08-2005 14:22,7.99,NULL
13839,20-08-2005 14:23,437,235,20-08-2005 14:23,2.99,NULL
13840,20-08-2005 14:23,40,269,20-08-2005 14:23,5.99,NULL
13841,20-08-2005 14:25,203,722,20-08-2005 14:25,4.99,NULL
13842,20-08-2005 14:29,180,945,20-08-2005 14:29,4.99,NULL
13843,20-08-2005 14:30,308,672,20-08-2005 14:30,2.99,NULL
13844,20-08-2005 14:30,179,219,20-08-2005 14:30,7.99,1
13845,20-08-2005 14:31,559,870,20-08-2005 14:31,5.99,0.5
13846,20-08-2005 14:32,257,724,20-08-2005 14:32,5.99,NULL
13847,20-08-2005 14:33,82,580,20-08-2005 14:33,6.99,NULL
13848,20-08-2005 14:37,447,174,20-08-2005 14:37,4.99,1
13849,20-08-2005 14:42,261,826,20-08-2005 14:42,4.99,NULL
13850,20-08-2005 14:43,546,665,20-08-2005 14:43,5.99,1
13851,20-08-2005 14:44,80,722,20-08-2005 14:44,0.99,NULL
13852,20-08-2005 14:45,535,17,20-08-2005 14:45,0.99,NULL
13853,20-08-2005 14:47,186,366,20-08-2005 14:47,3.99,1
13854,20-08-2005 14:48,158,912,20-08-2005 14:48,2.99,NULL
13855,20-08-2005 14:48,96,353,20-08-2005 14:48,4.99,NULL
13856,20-08-2005 14:49,407,913,20-08-2005 14:49,6.99,NULL
13857,20-08-2005 14:50,366,557,20-08-2005 14:50,2.99,0.5
13858,20-08-2005 14:50,33,468,20-08-2005 14:50,2.99,NULL
13859,20-08-2005 14:53,504,957,20-08-2005 14:53,5.99,NULL
13860,20-08-2005 14:55,275,121,20-08-2005 14:55,2.99,NULL
13861,20-08-2005 14:56,154,68,20-08-2005 14:56,4.99,1
13862,20-08-2005 14:57,170,720,20-08-2005 14:57,6.99,1
13863,20-08-2005 14:57,563,527,20-08-2005 14:57,9.99,NULL
13864,20-08-2005 14:59,214,858,20-08-2005 14:59,4.99,NULL
13865,20-08-2005 15:04,275,796,20-08-2005 15:04,1.99,NULL
13866,20-08-2005 15:05,343,753,20-08-2005 15:05,0.99,NULL
13867,20-08-2005 15:05,591,985,20-08-2005 15:05,9.99,1
13868,20-08-2005 15:06,51,697,20-08-2005 15:06,0.99,NULL
13869,20-08-2005 15:08,386,434,20-08-2005 15:08,6.99,NULL
13870,20-08-2005 15:09,167,122,20-08-2005 15:09,1.99,1
13871,20-08-2005 15:10,372,704,20-08-2005 15:10,8.99,NULL
13872,20-08-2005 15:10,421,527,20-08-2005 15:10,4.99,1
13873,20-08-2005 15:11,306,367,20-08-2005 15:11,0.99,NULL
13874,20-08-2005 15:11,86,15,20-08-2005 15:11,2.99,NULL
13875,20-08-2005 15:13,83,77,20-08-2005 15:13,4.99,NULL
13876,20-08-2005 15:15,334,689,20-08-2005 15:15,2.99,NULL
13877,20-08-2005 15:16,5,743,20-08-2005 15:16,0.99,NULL
13878,20-08-2005 15:17,481,10,20-08-2005 15:17,4.99,NULL
13879,20-08-2005 15:18,112,876,20-08-2005 15:18,2.99,NULL
13880,20-08-2005 15:18,268,853,20-08-2005 15:18,5.99,1
13881,20-08-2005 15:18,144,621,20-08-2005 15:18,2.99,NULL
13882,20-08-2005 15:23,51,714,20-08-2005 15:23,2.99,NULL
13883,20-08-2005 15:28,568,127,20-08-2005 15:28,4.99,NULL
13884,20-08-2005 15:30,466,698,20-08-2005 15:30,5.99,1
13885,20-08-2005 15:32,537,702,20-08-2005 15:32,4.99,NULL
13886,20-08-2005 15:34,73,486,20-08-2005 15:34,4.99,NULL
13887,20-08-2005 15:39,413,871,20-08-2005 15:39,4.99,1
13888,20-08-2005 15:39,297,423,20-08-2005 15:39,1.99,1
13889,20-08-2005 15:40,501,963,20-08-2005 15:40,0.99,NULL
13890,20-08-2005 15:41,54,650,20-08-2005 15:41,0.99,0.5
13891,20-08-2005 15:42,289,444,20-08-2005 15:42,6.99,NULL
13892,20-08-2005 15:50,337,273,20-08-2005 15:50,3.99,0.5
13893,20-08-2005 15:52,390,767,20-08-2005 15:52,5.99,NULL
13894,20-08-2005 15:55,360,580,20-08-2005 15:55,7.99,NULL
13895,20-08-2005 15:58,12,672,20-08-2005 15:58,2.99,1
13896,20-08-2005 15:59,278,295,20-08-2005 15:59,0.99,0.5
13897,20-08-2005 16:02,258,136,20-08-2005 16:02,2.99,NULL
13898,14-02-2006 15:16,369,873,14-02-2006 15:16,0.99,NULL
13899,20-08-2005 16:05,204,94,20-08-2005 16:05,2.99,0.5
13900,20-08-2005 16:05,66,252,20-08-2005 16:05,2.99,NULL
13901,20-08-2005 16:06,166,723,20-08-2005 16:06,7.99,NULL
13902,20-08-2005 16:07,275,258,20-08-2005 16:07,0.99,NULL
13903,20-08-2005 16:07,272,366,20-08-2005 16:07,2.99,1
13904,20-08-2005 16:11,93,158,20-08-2005 16:11,2.99,1
13905,20-08-2005 16:12,437,595,20-08-2005 16:12,1.99,NULL
13906,20-08-2005 16:16,87,863,20-08-2005 16:16,0.99,NULL
13907,20-08-2005 16:17,328,175,20-08-2005 16:17,3.99,NULL
13908,20-08-2005 16:21,532,800,20-08-2005 16:21,4.99,1
13909,20-08-2005 16:26,309,330,20-08-2005 16:26,4.99,NULL
13910,20-08-2005 16:30,133,56,20-08-2005 16:30,2.99,NULL
13911,20-08-2005 16:31,304,962,20-08-2005 16:31,3.99,NULL
13912,20-08-2005 16:32,207,215,20-08-2005 16:32,9.99,NULL
13913,20-08-2005 16:37,197,926,20-08-2005 16:37,3.99,1
13914,20-08-2005 16:38,237,666,20-08-2005 16:38,6.99,NULL
13915,20-08-2005 16:42,129,263,20-08-2005 16:42,4.99,1
13916,20-08-2005 16:43,302,651,20-08-2005 16:43,2.99,1
13917,20-08-2005 16:43,10,942,20-08-2005 16:43,2.99,0.5
13918,20-08-2005 16:47,248,727,20-08-2005 16:47,0.99,NULL
13919,20-08-2005 16:47,129,202,20-08-2005 16:47,4.99,1
13920,20-08-2005 16:51,460,703,20-08-2005 16:51,5.99,NULL
13921,20-08-2005 16:57,59,859,20-08-2005 16:57,4.99,1
13922,20-08-2005 17:02,237,306,20-08-2005 17:02,6.99,NULL
13923,20-08-2005 17:05,588,687,20-08-2005 17:05,1.99,1
13924,20-08-2005 17:05,444,674,20-08-2005 17:05,0.99,NULL
13925,20-08-2005 17:05,565,879,20-08-2005 17:05,8.99,NULL
13926,20-08-2005 17:09,158,206,20-08-2005 17:09,2.99,NULL
13927,20-08-2005 17:11,417,932,20-08-2005 17:11,1.99,NULL
13928,20-08-2005 17:12,244,249,20-08-2005 17:12,0.99,NULL
13929,20-08-2005 17:13,57,210,20-08-2005 17:13,9.99,NULL
13930,20-08-2005 17:15,58,784,20-08-2005 17:15,2.99,NULL
13931,20-08-2005 17:16,32,849,20-08-2005 17:16,1.99,1
13932,20-08-2005 17:17,441,103,20-08-2005 17:17,4.99,NULL
13933,20-08-2005 17:17,159,140,20-08-2005 17:17,0.99,NULL
13934,20-08-2005 17:18,457,998,20-08-2005 17:18,0.99,NULL
13935,20-08-2005 17:20,205,967,20-08-2005 17:20,2.99,NULL
13936,20-08-2005 17:22,364,377,20-08-2005 17:22,0.99,NULL
13937,20-08-2005 17:22,172,381,20-08-2005 17:22,4.99,0.5
13938,20-08-2005 17:24,463,818,20-08-2005 17:24,4.99,NULL
13939,20-08-2005 17:28,585,593,20-08-2005 17:28,0.99,NULL
13940,20-08-2005 17:28,187,579,20-08-2005 17:28,8.99,NULL
13941,14-02-2006 15:16,476,598,14-02-2006 15:16,0.99,NULL
13942,20-08-2005 17:30,211,962,20-08-2005 17:30,2.99,1
13943,20-08-2005 17:31,464,4,20-08-2005 17:31,2.99,NULL
13944,20-08-2005 17:41,408,806,20-08-2005 17:41,2.99,NULL
13945,20-08-2005 17:43,270,732,20-08-2005 17:43,1.99,NULL
13946,20-08-2005 17:44,529,778,20-08-2005 17:44,9.99,1
13947,20-08-2005 17:46,218,561,20-08-2005 17:46,5.99,NULL
13948,20-08-2005 17:50,410,879,20-08-2005 17:50,6.99,NULL
13949,20-08-2005 17:55,34,331,20-08-2005 17:55,2.99,0.5
13950,20-08-2005 17:58,93,867,20-08-2005 17:58,8.99,1
13951,20-08-2005 17:58,40,443,20-08-2005 17:58,2.99,NULL
13952,14-02-2006 15:16,199,50,14-02-2006 15:16,2.99,1
13953,20-08-2005 18:00,371,395,20-08-2005 18:00,4.99,NULL
13954,20-08-2005 18:02,207,835,20-08-2005 18:02,3.99,NULL
13955,20-08-2005 18:05,273,573,20-08-2005 18:05,5.99,NULL
13956,20-08-2005 18:08,484,822,20-08-2005 18:08,3.99,1
13957,20-08-2005 18:09,179,634,20-08-2005 18:09,0.99,1
13958,20-08-2005 18:11,33,519,20-08-2005 18:11,7.99,NULL
13959,20-08-2005 18:16,142,494,20-08-2005 18:16,0.99,NULL
13960,20-08-2005 18:16,459,908,20-08-2005 18:16,10.99,0.5
13961,20-08-2005 18:16,129,491,20-08-2005 18:16,0.99,1
13962,20-08-2005 18:18,348,314,20-08-2005 18:18,1.99,NULL
13963,20-08-2005 18:20,368,901,20-08-2005 18:20,1.99,0.5
13964,20-08-2005 18:24,128,22,20-08-2005 18:24,2.99,NULL
13965,14-02-2006 15:16,324,146,14-02-2006 15:16,2.99,1
13966,20-08-2005 18:28,260,986,20-08-2005 18:28,2.99,1
13967,20-08-2005 18:28,459,603,20-08-2005 18:28,4.99,0.5
13968,14-02-2006 15:16,15,812,14-02-2006 15:16,0,1
13969,20-08-2005 18:42,237,398,20-08-2005 18:42,6.99,NULL
13970,20-08-2005 18:43,418,423,20-08-2005 18:43,0.99,NULL
13971,20-08-2005 18:44,64,366,20-08-2005 18:44,0.99,1
13972,20-08-2005 18:52,553,367,20-08-2005 18:52,2.99,NULL
13973,20-08-2005 18:52,58,263,20-08-2005 18:52,4.99,NULL
13974,20-08-2005 18:54,479,416,20-08-2005 18:54,2.99,NULL
13975,20-08-2005 18:58,286,836,20-08-2005 18:58,4.99,NULL
13976,20-08-2005 19:02,278,388,20-08-2005 19:02,0.99,0.5
13977,20-08-2005 19:02,115,249,20-08-2005 19:02,0.99,NULL
13978,20-08-2005 19:03,260,280,20-08-2005 19:03,0.99,1
13979,20-08-2005 19:03,211,657,20-08-2005 19:03,2.99,1
13980,20-08-2005 19:04,391,238,20-08-2005 19:04,2.99,0.5
13981,20-08-2005 19:07,249,734,20-08-2005 19:07,4.99,1
13982,20-08-2005 19:08,448,638,20-08-2005 19:08,3.99,NULL
13983,20-08-2005 19:08,231,101,20-08-2005 19:08,6.99,1
13984,20-08-2005 19:12,473,471,20-08-2005 19:12,4.99,NULL
13985,20-08-2005 19:13,339,241,20-08-2005 19:13,0.99,1
13986,20-08-2005 19:13,152,810,20-08-2005 19:13,0.99,1
13987,20-08-2005 19:19,246,316,20-08-2005 19:19,4.99,1
13988,20-08-2005 19:21,466,780,20-08-2005 19:21,4.99,1
13989,20-08-2005 19:27,252,322,20-08-2005 19:27,5.99,NULL
13990,20-08-2005 19:29,481,491,20-08-2005 19:29,1.99,NULL
13991,20-08-2005 19:29,296,429,20-08-2005 19:29,1.99,1
13992,20-08-2005 19:30,136,614,20-08-2005 19:30,4.99,1
13993,20-08-2005 19:32,93,255,20-08-2005 19:32,4.99,1
13994,20-08-2005 19:33,180,29,20-08-2005 19:33,2.99,NULL
13995,20-08-2005 19:34,381,829,20-08-2005 19:34,2.99,NULL
13996,20-08-2005 19:45,306,734,20-08-2005 19:45,4.99,NULL
13997,20-08-2005 19:51,175,506,20-08-2005 19:51,6.99,1
13998,20-08-2005 19:52,530,858,20-08-2005 19:52,5.99,NULL
13999,20-08-2005 19:53,239,901,20-08-2005 19:53,3.99,NULL
14000,20-08-2005 20:06,276,852,20-08-2005 20:06,4.99,NULL
14001,20-08-2005 20:07,120,291,20-08-2005 20:07,2.99,NULL
14002,20-08-2005 20:12,33,18,20-08-2005 20:12,0.99,NULL
14003,20-08-2005 20:16,256,695,20-08-2005 20:16,6.99,NULL
14004,20-08-2005 20:16,358,755,20-08-2005 20:16,7.99,1
14005,20-08-2005 20:19,135,309,20-08-2005 20:19,0.99,1
14006,20-08-2005 20:21,186,473,20-08-2005 20:21,2.99,1
14007,20-08-2005 20:22,284,83,20-08-2005 20:22,5.99,NULL
14008,20-08-2005 20:26,560,530,20-08-2005 20:26,5.99,NULL
14009,20-08-2005 20:26,382,659,20-08-2005 20:26,4.99,NULL
14010,20-08-2005 20:29,537,207,20-08-2005 20:29,4.99,NULL
14011,20-08-2005 20:32,379,269,20-08-2005 20:32,5.99,1
14012,20-08-2005 20:42,274,407,20-08-2005 20:42,0.99,1
14013,20-08-2005 20:42,496,859,20-08-2005 20:42,6.99,1
14014,20-08-2005 20:47,335,473,20-08-2005 20:47,2.99,NULL
14015,20-08-2005 20:47,554,690,20-08-2005 20:47,2.99,1
14016,20-08-2005 20:52,220,113,20-08-2005 20:52,4.99,NULL
14017,20-08-2005 20:55,230,204,20-08-2005 20:55,0.99,NULL
14018,14-02-2006 15:16,533,462,14-02-2006 15:16,2.99,1
14019,20-08-2005 20:59,202,418,20-08-2005 20:59,3.99,1
14020,20-08-2005 20:59,72,488,20-08-2005 20:59,0.99,NULL
14021,20-08-2005 21:02,147,960,20-08-2005 21:02,4.99,0.5
14022,20-08-2005 21:08,170,887,20-08-2005 21:08,8.99,1
14023,20-08-2005 21:10,304,586,20-08-2005 21:10,0.99,NULL
14024,20-08-2005 21:13,87,327,20-08-2005 21:13,10.99,NULL
14025,20-08-2005 21:19,37,987,20-08-2005 21:19,8.99,1
14026,20-08-2005 21:21,231,23,20-08-2005 21:21,0.99,1
14027,20-08-2005 21:21,432,64,20-08-2005 21:21,2.99,NULL
14028,20-08-2005 21:23,158,885,20-08-2005 21:23,0.99,NULL
14029,20-08-2005 21:23,219,581,20-08-2005 21:23,0.99,NULL
14030,20-08-2005 21:23,127,230,20-08-2005 21:23,2.99,1
14031,20-08-2005 21:24,361,97,20-08-2005 21:24,0.99,NULL
14032,20-08-2005 21:26,317,774,20-08-2005 21:26,5.99,NULL
14033,20-08-2005 21:30,243,115,20-08-2005 21:30,2.99,NULL
14034,20-08-2005 21:31,200,764,20-08-2005 21:31,10.99,NULL
14035,20-08-2005 21:31,260,443,20-08-2005 21:31,2.99,1
14036,20-08-2005 21:35,256,45,20-08-2005 21:35,4.99,NULL
14037,20-08-2005 21:35,372,798,20-08-2005 21:35,9.99,NULL
14038,20-08-2005 21:39,589,239,20-08-2005 21:39,6.99,NULL
14039,20-08-2005 21:39,383,911,20-08-2005 21:39,4.99,NULL
14040,20-08-2005 21:43,17,201,20-08-2005 21:43,2.99,1
14041,20-08-2005 21:45,247,10,20-08-2005 21:45,4.99,NULL
14042,20-08-2005 21:45,322,112,20-08-2005 21:45,4.99,NULL
14043,20-08-2005 21:46,586,326,20-08-2005 21:46,2.99,NULL
14044,20-08-2005 21:48,145,311,20-08-2005 21:48,5.99,NULL
14045,20-08-2005 21:50,509,661,20-08-2005 21:50,4.99,1
14046,20-08-2005 21:53,524,512,20-08-2005 21:53,4.99,NULL
14047,20-08-2005 22:00,579,42,20-08-2005 22:00,2.99,NULL
14048,20-08-2005 22:03,105,762,20-08-2005 22:03,0.99,NULL
14049,20-08-2005 22:08,112,295,20-08-2005 22:08,5.99,NULL
14050,20-08-2005 22:09,596,378,20-08-2005 22:09,3.99,NULL
14051,20-08-2005 22:09,362,873,20-08-2005 22:09,6.99,1
14052,20-08-2005 22:11,514,850,20-08-2005 22:11,0.99,1
14053,20-08-2005 22:13,5,470,20-08-2005 22:13,6.99,NULL
14054,20-08-2005 22:17,50,74,20-08-2005 22:17,4.99,NULL
14055,20-08-2005 22:18,148,345,20-08-2005 22:18,0.99,NULL
14056,20-08-2005 22:18,22,287,20-08-2005 22:18,2.99,NULL
14057,20-08-2005 22:22,333,334,20-08-2005 22:22,4.99,NULL
14058,20-08-2005 22:24,430,39,20-08-2005 22:24,5.99,1
14059,20-08-2005 22:24,141,444,20-08-2005 22:24,7.99,0.5
14060,14-02-2006 15:16,175,681,14-02-2006 15:16,3.98,1
14061,20-08-2005 22:32,53,15,20-08-2005 22:32,2.99,0.5
14062,20-08-2005 22:34,239,623,20-08-2005 22:34,1.99,NULL
14063,20-08-2005 22:36,275,270,20-08-2005 22:36,0.99,NULL
14064,20-08-2005 22:39,103,645,20-08-2005 22:39,2.99,NULL
14065,20-08-2005 22:40,190,822,20-08-2005 22:40,0.99,NULL
14066,20-08-2005 22:45,274,533,20-08-2005 22:45,7.99,1
14067,20-08-2005 22:49,259,302,20-08-2005 22:49,6.99,1
14068,20-08-2005 22:50,412,178,20-08-2005 22:50,3.99,1
14069,20-08-2005 22:51,197,484,20-08-2005 22:51,9.99,1
14070,20-08-2005 22:56,581,185,20-08-2005 22:56,8.99,NULL
14071,20-08-2005 23:01,550,541,20-08-2005 23:01,2.99,1
14072,20-08-2005 23:07,515,521,20-08-2005 23:07,4.99,NULL
14073,20-08-2005 23:12,230,657,20-08-2005 23:12,5.99,NULL
14074,20-08-2005 23:16,506,287,20-08-2005 23:16,1.99,NULL
14075,20-08-2005 23:18,32,830,20-08-2005 23:18,0.99,1
14076,20-08-2005 23:20,574,239,20-08-2005 23:20,4.99,0.5
14077,20-08-2005 23:24,21,698,20-08-2005 23:24,8.99,0.5
14078,20-08-2005 23:26,396,358,20-08-2005 23:26,3.99,0.5
14079,20-08-2005 23:29,348,772,20-08-2005 23:29,3.99,NULL
14080,20-08-2005 23:29,266,863,20-08-2005 23:29,1.99,NULL
14081,20-08-2005 23:35,392,129,20-08-2005 23:35,7.99,NULL
14082,20-08-2005 23:42,179,824,20-08-2005 23:42,7.99,1
14083,20-08-2005 23:42,176,396,20-08-2005 23:42,7.99,NULL
14084,20-08-2005 23:42,37,200,20-08-2005 23:42,0.99,1
14085,20-08-2005 23:46,471,767,20-08-2005 23:46,7.99,NULL
14086,20-08-2005 23:47,253,714,20-08-2005 23:47,3.99,0.5
14087,20-08-2005 23:53,289,516,20-08-2005 23:53,0.99,NULL
14088,20-08-2005 23:57,518,263,20-08-2005 23:57,6.99,0.5
14089,20-08-2005 23:59,425,307,20-08-2005 23:59,5.99,NULL
14090,21-08-2005 00:11,168,716,21-08-2005 00:11,2.99,1
14091,21-08-2005 00:11,53,727,21-08-2005 00:11,0.99,0.5
14092,21-08-2005 00:14,273,350,21-08-2005 00:14,4.99,NULL
14093,21-08-2005 00:21,177,261,21-08-2005 00:21,0.99,NULL
14094,21-08-2005 00:21,471,804,21-08-2005 00:21,4.99,NULL
14095,21-08-2005 00:25,489,340,21-08-2005 00:25,5.99,0.5
14096,21-08-2005 00:27,342,453,21-08-2005 00:27,2.99,1
14097,21-08-2005 00:28,88,948,21-08-2005 00:28,2.99,NULL
14098,21-08-2005 00:30,554,1,21-08-2005 00:30,3.99,1
14099,21-08-2005 00:31,224,535,21-08-2005 00:31,0.99,1
14100,21-08-2005 00:31,397,936,21-08-2005 00:31,3.99,1
14101,21-08-2005 00:33,19,412,21-08-2005 00:33,4.99,NULL
14102,21-08-2005 00:35,584,825,21-08-2005 00:35,5.99,NULL
14103,21-08-2005 00:37,409,314,21-08-2005 00:37,1.99,NULL
14104,21-08-2005 00:37,178,203,21-08-2005 00:37,4.99,1
14105,21-08-2005 00:44,71,246,21-08-2005 00:44,7.99,NULL
14106,21-08-2005 00:46,315,586,21-08-2005 00:46,2.99,NULL
14107,14-02-2006 15:16,251,870,14-02-2006 15:16,0.99,NULL
14108,21-08-2005 00:52,243,945,21-08-2005 00:52,0.99,NULL
14109,21-08-2005 00:52,180,233,21-08-2005 00:52,0.99,NULL
14110,21-08-2005 00:53,35,595,21-08-2005 00:53,0.99,NULL
14111,21-08-2005 00:59,130,285,21-08-2005 00:59,0.99,1
14112,21-08-2005 01:00,141,160,21-08-2005 01:00,2.99,0.5
14113,21-08-2005 01:03,288,206,21-08-2005 01:03,0.99,NULL
14114,21-08-2005 01:07,8,491,21-08-2005 01:07,0.99,NULL
14115,21-08-2005 01:10,257,423,21-08-2005 01:10,0.99,NULL
14116,21-08-2005 01:11,142,512,21-08-2005 01:11,4.99,NULL
14117,21-08-2005 01:11,493,124,21-08-2005 01:11,4.99,0.5
14118,21-08-2005 01:13,337,572,21-08-2005 01:13,5.99,0.5
14119,21-08-2005 01:15,53,25,21-08-2005 01:15,5.99,0.5
14120,21-08-2005 01:25,302,887,21-08-2005 01:25,4.99,1
14121,21-08-2005 01:26,417,915,21-08-2005 01:26,4.99,NULL
14122,21-08-2005 01:29,86,862,21-08-2005 01:29,1.99,NULL
14123,21-08-2005 01:31,66,29,21-08-2005 01:31,2.99,NULL
14124,21-08-2005 01:31,35,69,21-08-2005 01:31,2.99,NULL
14125,21-08-2005 01:32,265,469,21-08-2005 01:32,4.99,NULL
14126,21-08-2005 01:32,215,601,21-08-2005 01:32,0.99,NULL
14127,21-08-2005 01:33,550,989,21-08-2005 01:33,4.99,1
14128,21-08-2005 01:35,81,570,21-08-2005 01:35,4.99,NULL
14129,21-08-2005 01:42,362,782,21-08-2005 01:42,2.99,1
14130,21-08-2005 01:43,352,845,21-08-2005 01:43,4.99,NULL
14131,21-08-2005 01:43,267,957,21-08-2005 01:43,5.99,1
14132,21-08-2005 01:43,91,833,21-08-2005 01:43,0.99,NULL
14133,21-08-2005 01:44,453,538,21-08-2005 01:44,2.99,NULL
14134,21-08-2005 01:45,497,467,21-08-2005 01:45,0.99,NULL
14135,21-08-2005 01:53,59,77,21-08-2005 01:53,5.99,1
14136,21-08-2005 01:57,135,59,21-08-2005 01:57,5.99,1
14137,14-02-2006 15:16,53,510,14-02-2006 15:16,0,0.5
14138,21-08-2005 01:59,121,274,21-08-2005 01:59,7.99,1
14139,21-08-2005 02:04,561,493,21-08-2005 02:04,0.99,NULL
14140,21-08-2005 02:04,65,449,21-08-2005 02:04,6.99,NULL
14141,21-08-2005 02:07,190,988,21-08-2005 02:07,4.99,NULL
14142,21-08-2005 02:07,544,323,21-08-2005 02:07,4.99,1
14143,21-08-2005 02:10,146,559,21-08-2005 02:10,2.99,NULL
14144,21-08-2005 02:10,46,515,21-08-2005 02:10,4.99,1
14145,21-08-2005 02:11,314,31,21-08-2005 02:11,4.99,1
14146,21-08-2005 02:13,192,465,21-08-2005 02:13,4.99,1
14147,21-08-2005 02:14,366,323,21-08-2005 02:14,4.99,0.5
14148,21-08-2005 02:17,528,351,21-08-2005 02:17,2.99,NULL
14149,21-08-2005 02:22,518,739,21-08-2005 02:22,4.99,0.5
14150,21-08-2005 02:23,161,504,21-08-2005 02:23,0.99,NULL
14151,21-08-2005 02:23,426,611,21-08-2005 02:23,6.99,1
14152,21-08-2005 02:23,379,561,21-08-2005 02:23,2.99,1
14153,21-08-2005 02:24,120,329,21-08-2005 02:24,4.99,NULL
14154,21-08-2005 02:30,468,212,21-08-2005 02:30,4.99,1
14155,21-08-2005 02:31,148,167,21-08-2005 02:31,4.99,NULL
14156,21-08-2005 02:35,147,97,21-08-2005 02:35,0.99,0.5
14157,21-08-2005 02:43,128,976,21-08-2005 02:43,0.99,NULL
14158,21-08-2005 02:43,114,104,21-08-2005 02:43,5.99,NULL
14159,21-08-2005 02:45,144,709,21-08-2005 02:45,2.99,NULL
14160,14-02-2006 15:16,493,530,14-02-2006 15:16,2.99,0.5
14161,21-08-2005 02:51,21,602,21-08-2005 02:51,2.99,0.5
14162,21-08-2005 02:55,315,829,21-08-2005 02:55,2.99,NULL
14163,21-08-2005 02:56,204,226,21-08-2005 02:56,4.99,0.5
14164,21-08-2005 02:58,274,519,21-08-2005 02:58,7.99,1
14165,21-08-2005 02:59,150,901,21-08-2005 02:59,0.99,NULL
14166,21-08-2005 02:59,190,536,21-08-2005 02:59,2.99,NULL
14167,21-08-2005 02:59,64,225,21-08-2005 02:59,5.99,1
14168,21-08-2005 03:00,49,292,21-08-2005 03:00,5.99,NULL
14169,21-08-2005 03:00,396,832,21-08-2005 03:00,4.99,0.5
14170,21-08-2005 03:00,259,199,21-08-2005 03:00,4.99,1
14171,21-08-2005 03:00,320,910,21-08-2005 03:00,0.99,NULL
14172,14-02-2006 15:16,450,467,14-02-2006 15:16,0.99,NULL
14173,21-08-2005 03:01,152,697,21-08-2005 03:01,0.99,1
14174,21-08-2005 03:01,29,406,21-08-2005 03:01,0.99,0.5
14175,14-02-2006 15:16,452,439,14-02-2006 15:16,4.99,NULL
14176,21-08-2005 03:09,556,966,21-08-2005 03:09,2.99,NULL
14177,21-08-2005 03:11,121,90,21-08-2005 03:11,4.99,1
14178,21-08-2005 03:13,524,471,21-08-2005 03:13,2.99,NULL
14179,21-08-2005 03:14,79,863,21-08-2005 03:14,0.99,0.5
14180,21-08-2005 03:16,262,174,21-08-2005 03:16,4.99,NULL
14181,21-08-2005 03:16,210,44,21-08-2005 03:16,7.99,NULL
14182,21-08-2005 03:17,519,528,21-08-2005 03:17,2.99,0.5
14183,21-08-2005 03:24,26,412,21-08-2005 03:24,4.99,NULL
14184,21-08-2005 03:24,148,823,21-08-2005 03:24,6.99,NULL
14185,21-08-2005 03:28,579,863,21-08-2005 03:28,0.99,NULL
14186,21-08-2005 03:31,461,693,21-08-2005 03:31,4.99,NULL
14187,21-08-2005 03:32,275,878,21-08-2005 03:32,5.99,NULL
14188,21-08-2005 03:32,548,981,21-08-2005 03:32,0.99,NULL
14189,21-08-2005 03:32,127,478,21-08-2005 03:32,2.99,1
14190,21-08-2005 03:35,517,914,21-08-2005 03:35,4.99,NULL
14191,21-08-2005 03:35,423,68,21-08-2005 03:35,6.99,0.5
14192,21-08-2005 03:37,26,778,21-08-2005 03:37,8.99,NULL
14193,21-08-2005 03:38,25,114,21-08-2005 03:38,4.99,NULL
14194,21-08-2005 03:40,138,436,21-08-2005 03:40,1.99,1
14195,21-08-2005 03:40,93,816,21-08-2005 03:40,0.99,1
14196,21-08-2005 03:40,281,978,21-08-2005 03:40,1.99,1
14197,21-08-2005 03:47,469,75,21-08-2005 03:47,7.99,NULL
14198,21-08-2005 03:48,381,103,21-08-2005 03:48,4.99,NULL
14199,21-08-2005 03:48,442,142,21-08-2005 03:48,0.99,1
14200,21-08-2005 03:51,349,508,21-08-2005 03:51,6.99,NULL
14201,21-08-2005 03:51,427,70,21-08-2005 03:51,6.99,1
14202,21-08-2005 03:51,473,434,21-08-2005 03:51,0.99,NULL
14203,21-08-2005 03:51,95,803,21-08-2005 03:51,4.99,1
14204,14-02-2006 15:16,287,945,14-02-2006 15:16,0.99,1
14205,21-08-2005 03:57,406,70,21-08-2005 03:57,6.99,NULL
14206,21-08-2005 03:59,279,189,21-08-2005 03:59,2.99,0.5
14207,21-08-2005 04:08,569,293,21-08-2005 04:08,4.99,1
14208,21-08-2005 04:09,299,910,21-08-2005 04:09,0.99,0.5
14209,21-08-2005 04:17,472,199,21-08-2005 04:17,4.99,1
14210,21-08-2005 04:28,468,408,21-08-2005 04:28,4.99,1
14211,21-08-2005 04:29,372,68,21-08-2005 04:29,4.99,NULL
14212,21-08-2005 04:29,354,991,21-08-2005 04:29,2.99,1
14213,21-08-2005 04:30,511,84,21-08-2005 04:30,4.99,1
14214,21-08-2005 04:30,198,985,21-08-2005 04:30,5.99,NULL
14215,21-08-2005 04:34,54,7,21-08-2005 04:34,4.99,0.5
14216,14-02-2006 15:16,186,823,14-02-2006 15:16,2.99,1
14217,21-08-2005 04:37,66,624,21-08-2005 04:37,6.99,NULL
14218,21-08-2005 04:43,104,891,21-08-2005 04:43,3.99,NULL
14219,14-02-2006 15:16,334,813,14-02-2006 15:16,0.99,NULL
14220,14-02-2006 15:16,162,574,14-02-2006 15:16,0.99,NULL
14221,21-08-2005 04:49,51,837,21-08-2005 04:49,6.99,NULL
14222,21-08-2005 04:49,7,156,21-08-2005 04:49,5.99,NULL
14223,21-08-2005 04:51,392,114,21-08-2005 04:51,5.99,NULL
14224,21-08-2005 04:53,323,793,21-08-2005 04:53,2.99,NULL
14225,21-08-2005 04:53,4,219,21-08-2005 04:53,4.99,NULL
14226,21-08-2005 04:55,316,389,21-08-2005 04:55,2.99,1
14227,21-08-2005 04:56,277,893,21-08-2005 04:56,4.99,NULL
14228,21-08-2005 04:57,71,438,21-08-2005 04:57,3.99,NULL
14229,21-08-2005 04:57,186,979,21-08-2005 04:57,4.99,1
14230,21-08-2005 04:57,584,184,21-08-2005 04:57,5.99,NULL
14231,21-08-2005 05:04,307,275,21-08-2005 05:04,0.99,1
14232,21-08-2005 05:07,176,595,21-08-2005 05:07,1.99,NULL
14233,21-08-2005 05:07,599,646,21-08-2005 05:07,1.99,1
14234,21-08-2005 05:07,271,314,21-08-2005 05:07,0.99,1
14235,21-08-2005 05:08,558,25,21-08-2005 05:08,7.99,NULL
14236,21-08-2005 05:13,25,37,21-08-2005 05:13,4.99,NULL
14237,21-08-2005 05:15,410,723,21-08-2005 05:15,3.99,NULL
14238,21-08-2005 05:16,192,691,21-08-2005 05:16,7.99,1
14239,21-08-2005 05:18,416,342,21-08-2005 05:18,4.99,NULL
14240,21-08-2005 05:19,12,725,21-08-2005 05:19,4.99,1
14241,21-08-2005 05:24,291,559,21-08-2005 05:24,4.99,NULL
14242,21-08-2005 05:25,68,348,21-08-2005 05:25,0.99,1
14243,14-02-2006 15:16,264,326,14-02-2006 15:16,2.99,0.5
14244,21-08-2005 05:29,43,254,21-08-2005 05:29,2.99,NULL
14245,21-08-2005 05:30,354,218,21-08-2005 05:30,0.99,1
14246,21-08-2005 05:34,120,767,21-08-2005 05:34,4.99,NULL
14247,21-08-2005 05:35,302,59,21-08-2005 05:35,3.99,1
14248,21-08-2005 05:35,293,159,21-08-2005 05:35,6.99,NULL
14249,21-08-2005 05:38,268,152,21-08-2005 05:38,4.99,1
14250,21-08-2005 05:39,313,660,21-08-2005 05:39,2.99,1
14251,21-08-2005 05:42,486,28,21-08-2005 05:42,4.99,NULL
14252,21-08-2005 05:44,13,583,21-08-2005 05:44,9.99,0.5
14253,21-08-2005 05:47,456,923,21-08-2005 05:47,2.99,NULL
14254,21-08-2005 05:51,589,340,21-08-2005 05:51,6.99,NULL
14255,21-08-2005 05:51,492,687,21-08-2005 05:51,2.99,1
14256,21-08-2005 05:52,331,643,21-08-2005 05:52,7.99,NULL
14257,21-08-2005 05:52,178,838,21-08-2005 05:52,7.99,1
14258,21-08-2005 05:56,359,164,21-08-2005 05:56,1.99,NULL
14259,21-08-2005 06:00,583,810,21-08-2005 06:00,0.99,NULL
14260,21-08-2005 06:01,40,649,21-08-2005 06:01,6.99,NULL
14261,21-08-2005 06:07,166,312,21-08-2005 06:07,5.99,NULL
14262,21-08-2005 06:08,324,313,21-08-2005 06:08,8.99,1
14263,21-08-2005 06:08,533,570,21-08-2005 06:08,7.99,1
14264,21-08-2005 06:18,295,751,21-08-2005 06:18,0.99,1
14265,21-08-2005 06:20,134,684,21-08-2005 06:20,2.99,0.5
14266,21-08-2005 06:20,269,775,21-08-2005 06:20,4.99,NULL
14267,14-02-2006 15:16,527,476,14-02-2006 15:16,2.99,NULL
14268,21-08-2005 06:21,278,533,21-08-2005 06:21,2.99,0.5
14269,21-08-2005 06:22,241,116,21-08-2005 06:22,7.99,1
14270,21-08-2005 06:22,171,890,21-08-2005 06:22,1.99,NULL
14271,21-08-2005 06:23,224,984,21-08-2005 06:23,5.99,1
14272,21-08-2005 06:24,243,852,21-08-2005 06:24,3.99,NULL
14273,21-08-2005 06:26,388,579,21-08-2005 06:26,10.99,NULL
14274,21-08-2005 06:29,405,698,21-08-2005 06:29,4.99,NULL
14275,21-08-2005 06:30,163,710,21-08-2005 06:30,4.99,0.5
14276,21-08-2005 06:34,318,794,21-08-2005 06:34,2.99,NULL
14277,21-08-2005 06:34,566,581,21-08-2005 06:34,3.99,0.5
14278,14-02-2006 15:16,557,506,14-02-2006 15:16,4.99,NULL
14279,21-08-2005 06:39,387,731,21-08-2005 06:39,5.99,NULL
14280,21-08-2005 06:39,481,342,21-08-2005 06:39,4.99,NULL
14281,21-08-2005 06:40,166,402,21-08-2005 06:40,2.99,NULL
14282,21-08-2005 06:41,450,683,21-08-2005 06:41,4.99,NULL
14283,21-08-2005 06:44,253,670,21-08-2005 06:44,4.99,0.5
14284,21-08-2005 06:44,486,138,21-08-2005 06:44,4.99,NULL
14285,21-08-2005 06:50,249,89,21-08-2005 06:50,0.99,1
14286,21-08-2005 06:53,558,518,21-08-2005 06:53,5.99,NULL
14287,21-08-2005 06:53,427,529,21-08-2005 06:53,3.99,1
14288,21-08-2005 06:57,512,127,21-08-2005 06:57,4.99,NULL
14289,21-08-2005 06:58,103,263,21-08-2005 06:58,4.99,NULL
14290,21-08-2005 07:02,366,173,21-08-2005 07:02,4.99,0.5
14291,21-08-2005 07:03,56,869,21-08-2005 07:03,3.99,NULL
14292,21-08-2005 07:06,251,427,21-08-2005 07:06,0.99,NULL
14293,21-08-2005 07:06,364,777,21-08-2005 07:06,4.99,NULL
14294,21-08-2005 07:07,455,78,21-08-2005 07:07,2.99,NULL
14295,21-08-2005 07:09,336,473,21-08-2005 07:09,2.99,1
14296,21-08-2005 07:13,275,835,21-08-2005 07:13,2.99,NULL
14297,21-08-2005 07:13,566,373,21-08-2005 07:13,2.99,0.5
14298,21-08-2005 07:17,410,941,21-08-2005 07:17,4.99,NULL
14299,21-08-2005 07:18,342,877,21-08-2005 07:18,0.99,1
14300,21-08-2005 07:19,382,151,21-08-2005 07:19,4.99,NULL
14301,21-08-2005 07:19,162,63,21-08-2005 07:19,1.99,NULL
14302,21-08-2005 07:19,511,284,21-08-2005 07:19,6.99,1
14303,21-08-2005 07:22,475,220,21-08-2005 07:22,2.99,NULL
14304,21-08-2005 07:23,417,580,21-08-2005 07:23,6.99,NULL
14305,21-08-2005 07:29,58,446,21-08-2005 07:29,5.99,NULL
14306,21-08-2005 07:32,453,877,21-08-2005 07:32,5.99,NULL
14307,21-08-2005 07:34,328,636,21-08-2005 07:34,3.99,NULL
14308,21-08-2005 07:43,419,762,21-08-2005 07:43,0.99,1
14309,21-08-2005 07:44,468,972,21-08-2005 07:44,9.99,1
14310,21-08-2005 07:44,177,19,21-08-2005 07:44,0.99,NULL
14311,21-08-2005 07:45,69,382,21-08-2005 07:45,3.99,NULL
14312,21-08-2005 07:48,238,243,21-08-2005 07:48,4.99,1
14313,21-08-2005 07:49,468,743,21-08-2005 07:49,2.99,1
14314,21-08-2005 07:50,178,895,21-08-2005 07:50,2.99,1
14315,21-08-2005 07:56,459,257,21-08-2005 07:56,3.99,0.5
14316,21-08-2005 07:59,64,85,21-08-2005 07:59,0.99,1
14317,21-08-2005 08:00,471,453,21-08-2005 08:00,5.99,NULL
14318,14-02-2006 15:16,508,233,14-02-2006 15:16,0.99,1
14319,21-08-2005 08:00,410,979,21-08-2005 08:00,4.99,NULL
14320,21-08-2005 08:04,199,686,21-08-2005 08:04,4.99,1
14321,21-08-2005 08:05,236,215,21-08-2005 08:05,4.99,NULL
14322,21-08-2005 08:06,221,619,21-08-2005 08:06,5.99,NULL
14323,21-08-2005 08:08,97,278,21-08-2005 08:08,4.99,NULL
14324,21-08-2005 08:10,155,300,21-08-2005 08:10,8.99,NULL
14325,21-08-2005 08:15,313,969,21-08-2005 08:15,4.99,1
14326,21-08-2005 08:15,17,234,21-08-2005 08:15,2.99,1
14327,21-08-2005 08:18,457,120,21-08-2005 08:18,10.99,NULL
14328,21-08-2005 08:18,489,702,21-08-2005 08:18,2.99,0.5
14329,21-08-2005 08:22,6,775,21-08-2005 08:22,7.99,NULL
14330,21-08-2005 08:29,84,166,21-08-2005 08:29,5.99,NULL
14331,21-08-2005 08:29,372,687,21-08-2005 08:29,2.99,NULL
14332,21-08-2005 08:30,496,304,21-08-2005 08:30,7.99,1
14333,21-08-2005 08:31,93,652,21-08-2005 08:31,4.99,1
14334,21-08-2005 08:32,595,317,21-08-2005 08:32,0.99,1
14335,21-08-2005 08:33,263,572,21-08-2005 08:33,3.99,NULL
14336,21-08-2005 08:33,362,695,21-08-2005 08:33,4.99,1
14337,21-08-2005 08:34,506,772,21-08-2005 08:34,2.99,NULL
14338,21-08-2005 08:36,205,388,21-08-2005 08:36,0.99,NULL
14339,21-08-2005 08:37,30,379,21-08-2005 08:37,0.99,NULL
14340,21-08-2005 08:38,230,471,21-08-2005 08:38,2.99,NULL
14341,21-08-2005 08:38,560,982,21-08-2005 08:38,1.99,NULL
14342,21-08-2005 08:39,559,603,21-08-2005 08:39,4.99,0.5
14343,21-08-2005 08:40,238,824,21-08-2005 08:40,8.99,1
14344,21-08-2005 08:40,341,342,21-08-2005 08:40,4.99,NULL
14345,21-08-2005 08:41,598,376,21-08-2005 08:41,0.99,NULL
14346,21-08-2005 08:42,17,22,21-08-2005 08:42,2.99,1
14347,21-08-2005 08:42,214,845,21-08-2005 08:42,4.99,NULL
14348,21-08-2005 08:54,496,196,21-08-2005 08:54,0.99,1
14349,21-08-2005 08:54,119,19,21-08-2005 08:54,3.99,0.5
14350,21-08-2005 08:58,222,697,21-08-2005 08:58,2.99,1
14351,21-08-2005 09:04,66,443,21-08-2005 09:04,2.99,NULL
14352,21-08-2005 09:06,527,271,21-08-2005 09:06,6.99,NULL
14353,21-08-2005 09:07,129,352,21-08-2005 09:07,0.99,1
14354,21-08-2005 09:08,382,252,21-08-2005 09:08,5.99,NULL
14355,21-08-2005 09:08,271,141,21-08-2005 09:08,4.99,1
14356,21-08-2005 09:08,65,696,21-08-2005 09:08,0.99,NULL
14357,21-08-2005 09:13,233,638,21-08-2005 09:13,2.99,0.5
14358,21-08-2005 09:14,112,189,21-08-2005 09:14,0.99,NULL
14359,21-08-2005 09:16,401,401,21-08-2005 09:16,0.99,0.5
14360,21-08-2005 09:16,246,587,21-08-2005 09:16,6.99,1
14361,14-02-2006 15:16,191,273,14-02-2006 15:16,0.99,1
14362,21-08-2005 09:19,312,434,21-08-2005 09:19,2.99,NULL
14363,21-08-2005 09:20,560,565,21-08-2005 09:20,4.99,NULL
14364,21-08-2005 09:25,236,769,21-08-2005 09:25,7.99,NULL
14365,21-08-2005 09:25,457,134,21-08-2005 09:25,6.99,NULL
14366,21-08-2005 09:31,524,873,21-08-2005 09:31,2.99,NULL
14367,21-08-2005 09:31,244,191,21-08-2005 09:31,0.99,NULL
14368,21-08-2005 09:31,351,447,21-08-2005 09:31,6.99,1
14369,21-08-2005 09:33,392,357,21-08-2005 09:33,0.99,NULL
14370,21-08-2005 09:35,161,771,21-08-2005 09:35,7.99,NULL
14371,21-08-2005 09:37,221,475,21-08-2005 09:37,0.99,NULL
14372,21-08-2005 09:39,520,426,21-08-2005 09:39,4.99,1
14373,21-08-2005 09:44,268,969,21-08-2005 09:44,4.99,1
14374,14-02-2006 15:16,213,53,14-02-2006 15:16,2.99,NULL
14375,21-08-2005 09:46,550,551,21-08-2005 09:46,6.99,1
14376,21-08-2005 09:48,582,421,21-08-2005 09:48,4.99,NULL
14377,21-08-2005 09:49,6,293,21-08-2005 09:49,4.99,NULL
14378,21-08-2005 09:50,515,176,21-08-2005 09:50,3.99,NULL
14379,21-08-2005 09:53,136,673,21-08-2005 09:53,0.99,1
14380,21-08-2005 09:53,198,333,21-08-2005 09:53,2.99,NULL
14381,21-08-2005 09:55,391,176,21-08-2005 09:55,0.99,0.5
14382,21-08-2005 10:01,119,895,21-08-2005 10:01,2.99,0.5
14383,21-08-2005 10:02,482,422,21-08-2005 10:02,4.99,NULL
14384,21-08-2005 10:02,371,530,21-08-2005 10:02,2.99,NULL
14385,21-08-2005 10:02,317,949,21-08-2005 10:02,0.99,NULL
14386,21-08-2005 10:06,514,746,21-08-2005 10:06,1.99,1
14387,21-08-2005 10:10,295,284,21-08-2005 10:10,6.99,1
14388,21-08-2005 10:15,274,240,21-08-2005 10:15,4.99,1
14389,21-08-2005 10:15,145,596,21-08-2005 10:15,6.99,NULL
14390,21-08-2005 10:15,366,862,21-08-2005 10:15,2.99,0.5
14391,21-08-2005 10:16,205,685,21-08-2005 10:16,4.99,NULL
14392,21-08-2005 10:19,586,186,21-08-2005 10:19,1.99,NULL
14393,21-08-2005 10:22,368,858,21-08-2005 10:22,7.99,0.5
14394,21-08-2005 10:23,118,994,21-08-2005 10:23,5.99,NULL
14395,21-08-2005 10:24,506,137,21-08-2005 10:24,6.99,NULL
14396,21-08-2005 10:24,353,844,21-08-2005 10:24,4.99,NULL
14397,21-08-2005 10:25,47,849,21-08-2005 10:25,0.99,1
14398,21-08-2005 10:27,505,78,21-08-2005 10:27,2.99,NULL
14399,21-08-2005 10:33,188,784,21-08-2005 10:33,2.99,NULL
14400,21-08-2005 10:33,569,850,21-08-2005 10:33,0.99,1
14401,21-08-2005 10:36,407,760,21-08-2005 10:36,6.99,NULL
14402,21-08-2005 10:38,467,164,21-08-2005 10:38,2.99,NULL
14403,21-08-2005 10:40,297,783,21-08-2005 10:40,5.99,1
14404,21-08-2005 10:43,192,800,21-08-2005 10:43,4.99,1
14405,21-08-2005 10:45,470,609,21-08-2005 10:45,4.99,NULL
14406,21-08-2005 10:46,181,601,21-08-2005 10:46,3.99,NULL
14407,21-08-2005 10:46,500,525,21-08-2005 10:46,0.99,NULL
14408,21-08-2005 10:47,593,50,21-08-2005 10:47,5.99,NULL
14409,21-08-2005 10:53,314,256,21-08-2005 10:53,4.99,1
14410,21-08-2005 10:54,196,183,21-08-2005 10:54,5.99,NULL
14411,21-08-2005 10:54,502,460,21-08-2005 10:54,4.99,1
14412,21-08-2005 11:02,121,48,21-08-2005 11:02,9.99,1
14413,21-08-2005 11:06,367,10,21-08-2005 11:06,6.99,1
14414,21-08-2005 11:08,515,382,21-08-2005 11:08,0.99,NULL
14415,14-02-2006 15:16,561,586,14-02-2006 15:16,0.99,NULL
14416,21-08-2005 11:11,384,658,21-08-2005 11:11,2.99,1
14417,21-08-2005 11:13,596,383,21-08-2005 11:13,0.99,NULL
14418,21-08-2005 11:14,442,18,21-08-2005 11:14,1.99,1
14419,21-08-2005 11:15,221,691,21-08-2005 11:15,7.99,NULL
14420,21-08-2005 11:16,551,547,21-08-2005 11:16,0.99,1
14421,21-08-2005 11:20,406,962,21-08-2005 11:20,2.99,NULL
14422,21-08-2005 11:21,361,303,21-08-2005 11:21,0.99,NULL
14423,21-08-2005 11:23,521,630,21-08-2005 11:23,0.99,1
14424,21-08-2005 11:24,489,556,21-08-2005 11:24,6.99,0.5
14425,14-02-2006 15:16,560,603,14-02-2006 15:16,0,NULL
14426,14-02-2006 15:16,315,638,14-02-2006 15:16,2.99,NULL
14427,21-08-2005 11:26,163,512,21-08-2005 11:26,5.99,0.5
14428,21-08-2005 11:27,458,353,21-08-2005 11:27,4.99,NULL
14429,21-08-2005 11:29,66,552,21-08-2005 11:29,0.99,NULL
14430,21-08-2005 11:31,5,575,21-08-2005 11:31,6.99,NULL
14431,21-08-2005 11:31,106,345,21-08-2005 11:31,2.99,1
14432,21-08-2005 11:36,138,499,21-08-2005 11:36,4.99,1
14433,21-08-2005 11:36,401,160,21-08-2005 11:36,1.99,0.5
14434,21-08-2005 11:40,549,452,21-08-2005 11:40,0.99,NULL
14435,21-08-2005 11:44,169,641,21-08-2005 11:44,0.99,1
14436,21-08-2005 11:48,560,761,21-08-2005 11:48,2.99,NULL
14437,21-08-2005 11:48,136,329,21-08-2005 11:48,2.99,1
14438,21-08-2005 11:51,392,354,21-08-2005 11:51,5.99,NULL
14439,21-08-2005 11:52,564,852,21-08-2005 11:52,5.99,1
14440,21-08-2005 11:59,194,765,21-08-2005 11:59,4.99,0.5
14441,21-08-2005 11:59,260,269,21-08-2005 11:59,2.99,1
14442,21-08-2005 12:00,205,24,21-08-2005 12:00,2.99,NULL
14443,21-08-2005 12:06,447,83,21-08-2005 12:06,5.99,1
14444,21-08-2005 12:07,225,478,21-08-2005 12:07,5.99,1
14445,21-08-2005 12:07,256,698,21-08-2005 12:07,2.99,NULL
14446,21-08-2005 12:10,21,952,21-08-2005 12:10,2.99,0.5
14447,21-08-2005 12:12,584,412,21-08-2005 12:12,4.99,NULL
14448,21-08-2005 12:13,263,421,21-08-2005 12:13,6.99,NULL
14449,21-08-2005 12:13,529,141,21-08-2005 12:13,4.99,1
14450,21-08-2005 12:21,48,266,21-08-2005 12:21,1.99,1
14451,21-08-2005 12:21,467,864,21-08-2005 12:21,0.99,NULL
14452,21-08-2005 12:23,325,920,21-08-2005 12:23,3.99,1
14453,21-08-2005 12:33,237,729,21-08-2005 12:33,3.99,NULL
14454,21-08-2005 12:35,150,542,21-08-2005 12:35,2.99,NULL
14455,21-08-2005 12:36,68,755,21-08-2005 12:36,5.99,1
14456,21-08-2005 12:38,125,554,21-08-2005 12:38,2.99,NULL
14457,21-08-2005 12:47,340,934,21-08-2005 12:47,4.99,1
14458,21-08-2005 12:47,256,383,21-08-2005 12:47,3.99,NULL
14459,21-08-2005 12:48,98,335,21-08-2005 12:48,1.99,NULL
14460,21-08-2005 12:48,120,898,21-08-2005 12:48,9.99,NULL
14461,21-08-2005 12:50,42,81,21-08-2005 12:50,7.99,NULL
14462,21-08-2005 12:50,96,476,21-08-2005 12:50,3.99,NULL
14463,21-08-2005 12:51,365,307,21-08-2005 12:51,6.99,0.5
14464,21-08-2005 12:52,121,502,21-08-2005 12:52,2.99,1
14465,21-08-2005 12:54,262,914,21-08-2005 12:54,3.99,NULL
14466,21-08-2005 13:03,442,205,21-08-2005 13:03,0.99,1
14467,21-08-2005 13:03,522,328,21-08-2005 13:03,2.99,NULL
14468,21-08-2005 13:07,224,906,21-08-2005 13:07,5.99,1
14469,21-08-2005 13:07,554,427,21-08-2005 13:07,0.99,1
14470,21-08-2005 13:09,379,851,21-08-2005 13:09,0.99,1
14471,21-08-2005 13:10,395,277,21-08-2005 13:10,5.99,NULL
14472,21-08-2005 13:13,184,892,21-08-2005 13:13,4.99,NULL
14473,21-08-2005 13:19,298,602,21-08-2005 13:19,0.99,NULL
14474,21-08-2005 13:22,294,577,21-08-2005 13:22,2.99,NULL
14475,21-08-2005 13:24,2,694,21-08-2005 13:24,4.99,NULL
14476,21-08-2005 13:31,101,619,21-08-2005 13:31,0.99,NULL
14477,21-08-2005 13:32,126,343,21-08-2005 13:32,2.99,1
14478,21-08-2005 13:33,231,655,21-08-2005 13:33,4.99,1
14479,21-08-2005 13:35,324,483,21-08-2005 13:35,7.99,1
14480,21-08-2005 13:36,411,51,21-08-2005 13:36,2.99,NULL
14481,21-08-2005 13:41,367,892,21-08-2005 13:41,10.99,1
14482,21-08-2005 13:42,23,608,21-08-2005 13:42,2.99,NULL
14483,21-08-2005 13:43,275,8,21-08-2005 13:43,5.99,NULL
14484,21-08-2005 13:47,418,812,21-08-2005 13:47,0.99,NULL
14485,21-08-2005 13:52,241,357,21-08-2005 13:52,2.99,1
14486,21-08-2005 13:52,138,686,21-08-2005 13:52,4.99,1
14487,21-08-2005 13:53,526,564,21-08-2005 13:53,6.99,NULL
14488,14-02-2006 15:16,75,914,14-02-2006 15:16,0,NULL
14489,21-08-2005 13:53,9,502,21-08-2005 13:53,7.99,NULL
14490,21-08-2005 13:54,205,384,21-08-2005 13:54,6.99,NULL
14491,21-08-2005 13:55,226,449,21-08-2005 13:55,6.99,NULL
14492,21-08-2005 13:59,266,349,21-08-2005 13:59,2.99,NULL
14493,21-08-2005 14:01,389,568,21-08-2005 14:01,7.99,1
14494,21-08-2005 14:02,5,37,21-08-2005 14:02,2.99,NULL
14495,21-08-2005 14:04,429,706,21-08-2005 14:04,4.99,0.5
14496,21-08-2005 14:07,223,472,21-08-2005 14:07,4.99,NULL
14497,21-08-2005 14:09,254,711,21-08-2005 14:09,4.99,1
14498,21-08-2005 14:10,544,865,21-08-2005 14:10,4.99,1
14499,21-08-2005 14:11,292,894,21-08-2005 14:11,0.99,NULL
14500,21-08-2005 14:11,451,440,21-08-2005 14:11,0.99,NULL
14501,21-08-2005 14:14,576,785,21-08-2005 14:14,4.99,NULL
14502,21-08-2005 14:22,378,655,21-08-2005 14:22,4.99,1
14503,14-02-2006 15:16,188,464,14-02-2006 15:16,2.99,NULL
14504,21-08-2005 14:23,312,990,21-08-2005 14:23,3.99,NULL
14505,21-08-2005 14:26,203,468,21-08-2005 14:26,5.99,NULL
14506,21-08-2005 14:32,537,981,21-08-2005 14:32,0.99,NULL
14507,21-08-2005 14:32,175,429,21-08-2005 14:32,4.99,1
14508,21-08-2005 14:33,396,154,21-08-2005 14:33,2.99,0.5
14509,21-08-2005 14:39,520,118,21-08-2005 14:39,0.99,1
14510,21-08-2005 14:44,547,408,21-08-2005 14:44,9.99,0.5
14511,21-08-2005 14:45,16,973,21-08-2005 14:45,8.99,NULL
14512,21-08-2005 14:47,51,126,21-08-2005 14:47,4.99,NULL
14513,21-08-2005 14:51,185,928,21-08-2005 14:51,2.99,0.5
14514,21-08-2005 14:51,295,279,21-08-2005 14:51,6.99,1
14515,21-08-2005 14:52,242,479,21-08-2005 14:52,0.99,1
14516,14-02-2006 15:16,457,155,14-02-2006 15:16,0,NULL
14517,21-08-2005 14:57,311,780,21-08-2005 14:57,4.99,1
14518,21-08-2005 14:58,82,600,21-08-2005 14:58,0.99,NULL
14519,21-08-2005 14:59,403,337,21-08-2005 14:59,2.99,1
14520,21-08-2005 15:00,150,989,21-08-2005 15:00,9.99,NULL
14521,21-08-2005 15:01,200,336,21-08-2005 15:01,6.99,NULL
14522,21-08-2005 15:01,535,456,21-08-2005 15:01,4.99,NULL
14523,21-08-2005 15:03,433,77,21-08-2005 15:03,4.99,NULL
14524,21-08-2005 15:05,374,964,21-08-2005 15:05,8.99,1
14525,21-08-2005 15:06,420,663,21-08-2005 15:06,0.99,NULL
14526,14-02-2006 15:16,534,391,14-02-2006 15:16,2.99,1
14527,21-08-2005 15:07,232,766,21-08-2005 15:07,0.99,NULL
14528,21-08-2005 15:08,46,938,21-08-2005 15:08,6.99,1
14529,21-08-2005 15:08,380,385,21-08-2005 15:08,6.99,NULL
14530,21-08-2005 15:10,77,415,21-08-2005 15:10,4.99,1
14531,14-02-2006 15:16,568,936,14-02-2006 15:16,2.99,NULL
14532,21-08-2005 15:15,37,447,21-08-2005 15:15,2.99,1
14533,21-08-2005 15:15,586,476,21-08-2005 15:15,2.99,NULL
14534,21-08-2005 15:16,56,552,21-08-2005 15:16,0.99,NULL
14535,21-08-2005 15:22,412,116,21-08-2005 15:22,6.99,1
14536,21-08-2005 15:22,48,573,21-08-2005 15:22,2.99,1
14537,21-08-2005 15:24,405,821,21-08-2005 15:24,0.99,NULL
14538,21-08-2005 15:28,471,735,21-08-2005 15:28,2.99,NULL
14539,21-08-2005 15:29,41,734,21-08-2005 15:29,7.99,NULL
14540,21-08-2005 15:34,28,514,21-08-2005 15:34,2.99,1
14541,21-08-2005 15:34,576,282,21-08-2005 15:34,0.99,NULL
14542,21-08-2005 15:36,101,275,21-08-2005 15:36,3.99,NULL
14543,21-08-2005 15:39,579,155,21-08-2005 15:39,1.99,NULL
14544,21-08-2005 15:41,589,534,21-08-2005 15:41,0.99,NULL
14545,21-08-2005 15:44,13,537,21-08-2005 15:44,7.99,0.5
14546,21-08-2005 15:50,466,331,21-08-2005 15:50,2.99,1
14547,21-08-2005 15:51,265,260,21-08-2005 15:51,6.99,NULL
14548,21-08-2005 15:53,299,50,21-08-2005 15:53,3.99,0.5
14549,21-08-2005 15:54,155,895,21-08-2005 15:54,2.99,NULL
14550,21-08-2005 15:56,473,618,21-08-2005 15:56,0.99,NULL
14551,21-08-2005 15:57,521,110,21-08-2005 15:57,3.99,1
14552,21-08-2005 15:59,477,434,21-08-2005 15:59,3.99,NULL
14553,21-08-2005 15:59,434,694,21-08-2005 15:59,4.99,NULL
14554,21-08-2005 16:03,38,6,21-08-2005 16:03,4.99,NULL
14555,21-08-2005 16:03,440,418,21-08-2005 16:03,0.99,1
14556,21-08-2005 16:03,265,104,21-08-2005 16:03,6.99,NULL
14557,21-08-2005 16:05,490,107,21-08-2005 16:05,4.99,NULL
14558,21-08-2005 16:10,273,863,21-08-2005 16:10,2.99,NULL
14559,21-08-2005 16:11,433,841,21-08-2005 16:11,6.99,NULL
14560,21-08-2005 16:13,579,353,21-08-2005 16:13,2.99,NULL
14561,21-08-2005 16:20,443,549,21-08-2005 16:20,2.99,1
14562,21-08-2005 16:22,107,767,21-08-2005 16:22,4.99,NULL
14563,21-08-2005 16:23,212,869,21-08-2005 16:23,2.99,NULL
14564,21-08-2005 16:24,22,715,21-08-2005 16:24,6.99,NULL
14565,21-08-2005 16:24,250,903,21-08-2005 16:24,4.99,NULL
14566,21-08-2005 16:25,87,17,21-08-2005 16:25,2.99,NULL
14567,21-08-2005 16:27,214,833,21-08-2005 16:27,0.99,NULL
14568,21-08-2005 16:30,582,733,21-08-2005 16:30,0.99,NULL
14569,21-08-2005 16:31,15,194,21-08-2005 16:31,0.99,1
14570,21-08-2005 16:32,32,213,21-08-2005 16:32,5.99,1
14571,21-08-2005 16:40,296,480,21-08-2005 16:40,7.99,1
14572,21-08-2005 16:44,538,306,21-08-2005 16:44,2.99,1
14573,21-08-2005 16:44,240,529,21-08-2005 16:44,2.99,0.5
14574,21-08-2005 16:50,62,352,21-08-2005 16:50,1.99,NULL
14575,21-08-2005 16:51,159,820,21-08-2005 16:51,8.99,NULL
14576,21-08-2005 16:52,45,265,21-08-2005 16:52,6.99,NULL
14577,21-08-2005 16:52,126,428,21-08-2005 16:52,2.99,1
14578,21-08-2005 16:53,389,690,21-08-2005 16:53,2.99,1
14579,21-08-2005 16:54,260,267,21-08-2005 16:54,7.99,1
14580,21-08-2005 16:56,448,315,21-08-2005 16:56,3.99,NULL
14581,21-08-2005 17:07,243,164,21-08-2005 17:07,1.99,NULL
14582,21-08-2005 17:08,438,225,21-08-2005 17:08,5.99,NULL
14583,21-08-2005 17:11,455,267,21-08-2005 17:11,4.99,NULL
14584,21-08-2005 17:15,481,574,21-08-2005 17:15,0.99,NULL
14585,21-08-2005 17:18,30,17,21-08-2005 17:18,2.99,NULL
14586,21-08-2005 17:19,182,680,21-08-2005 17:19,5.99,NULL
14587,21-08-2005 17:20,250,506,21-08-2005 17:20,5.99,NULL
14588,21-08-2005 17:25,219,298,21-08-2005 17:25,5.99,NULL
14589,21-08-2005 17:28,179,617,21-08-2005 17:28,0.99,1
14590,21-08-2005 17:29,526,578,21-08-2005 17:29,7.99,NULL
14591,21-08-2005 17:30,538,747,21-08-2005 17:30,0.99,1
14592,21-08-2005 17:30,563,588,21-08-2005 17:30,4.99,NULL
14593,21-08-2005 17:33,564,306,21-08-2005 17:33,0.99,1
14594,21-08-2005 17:34,62,652,21-08-2005 17:34,2.99,NULL
14595,21-08-2005 17:35,118,409,21-08-2005 17:35,7.99,NULL
14596,21-08-2005 17:38,472,437,21-08-2005 17:38,4.99,1
14597,21-08-2005 17:39,472,256,21-08-2005 17:39,4.99,1
14598,21-08-2005 17:40,359,247,21-08-2005 17:40,5.99,NULL
14599,21-08-2005 17:43,599,1000,21-08-2005 17:43,4.99,1
14600,21-08-2005 17:45,255,773,21-08-2005 17:45,3.99,NULL
14601,21-08-2005 17:45,406,119,21-08-2005 17:45,2.99,NULL
14602,21-08-2005 17:48,370,825,21-08-2005 17:48,3.99,1
14603,21-08-2005 17:51,26,19,21-08-2005 17:51,1.99,NULL
14604,14-02-2006 15:16,585,229,14-02-2006 15:16,4.99,NULL
14605,21-08-2005 17:56,394,105,21-08-2005 17:56,0.99,NULL
14606,14-02-2006 15:16,592,496,14-02-2006 15:16,0.99,NULL
14607,21-08-2005 17:56,417,986,21-08-2005 17:56,2.99,NULL
14608,21-08-2005 17:57,90,730,21-08-2005 17:57,1.99,1
14609,21-08-2005 17:57,551,268,21-08-2005 17:57,4.99,1
14610,21-08-2005 17:59,260,412,21-08-2005 17:59,6.99,1
14611,21-08-2005 18:01,443,889,21-08-2005 18:01,6.99,1
14612,21-08-2005 18:03,445,893,21-08-2005 18:03,6.99,NULL
14613,21-08-2005 18:03,20,841,21-08-2005 18:03,2.99,NULL
14614,21-08-2005 18:03,468,670,21-08-2005 18:03,9.99,1
14615,21-08-2005 18:06,171,506,21-08-2005 18:06,9.99,NULL
14616,14-02-2006 15:16,532,990,14-02-2006 15:16,0.99,1
14617,21-08-2005 18:07,51,778,21-08-2005 18:07,4.99,NULL
14618,21-08-2005 18:09,270,981,21-08-2005 18:09,0.99,NULL
14619,21-08-2005 18:10,338,349,21-08-2005 18:10,2.99,NULL
14620,21-08-2005 18:10,78,720,21-08-2005 18:10,2.99,1
14621,21-08-2005 18:17,344,790,21-08-2005 18:17,0.99,NULL
14622,21-08-2005 18:25,559,593,21-08-2005 18:25,4.99,0.5
14623,21-08-2005 18:29,33,200,21-08-2005 18:29,0.99,NULL
14624,21-08-2005 18:32,344,1,21-08-2005 18:32,0.99,NULL
14625,21-08-2005 18:34,507,584,21-08-2005 18:34,4.99,0.5
14626,21-08-2005 18:35,554,232,21-08-2005 18:35,2.99,1
14627,21-08-2005 18:35,49,541,21-08-2005 18:35,6.99,NULL
14628,21-08-2005 18:37,331,794,21-08-2005 18:37,1.99,NULL
14629,21-08-2005 18:39,148,166,21-08-2005 18:39,2.99,NULL
14630,21-08-2005 18:43,294,881,21-08-2005 18:43,7.99,NULL
14631,21-08-2005 18:47,209,170,21-08-2005 18:47,6.99,1
14632,21-08-2005 18:48,38,616,21-08-2005 18:48,2.99,NULL
14633,21-08-2005 18:51,551,462,21-08-2005 18:51,2.99,1
14634,21-08-2005 18:51,494,109,21-08-2005 18:51,5.99,NULL
14635,21-08-2005 18:51,108,468,21-08-2005 18:51,3.99,NULL
14636,21-08-2005 18:59,339,365,21-08-2005 18:59,4.99,1
14637,21-08-2005 19:01,76,402,21-08-2005 19:01,2.99,NULL
14638,21-08-2005 19:01,216,784,21-08-2005 19:01,2.99,1
14639,21-08-2005 19:01,210,768,21-08-2005 19:01,6.99,NULL
14640,21-08-2005 19:03,253,409,21-08-2005 19:03,7.99,0.5
14641,21-08-2005 19:05,147,477,21-08-2005 19:05,0.99,0.5
14642,21-08-2005 19:09,81,283,21-08-2005 19:09,3.99,NULL
14643,21-08-2005 19:11,119,174,21-08-2005 19:11,6.99,0.5
14644,21-08-2005 19:12,453,852,21-08-2005 19:12,4.99,NULL
14645,21-08-2005 19:12,334,516,21-08-2005 19:12,0.99,NULL
14646,21-08-2005 19:14,186,211,21-08-2005 19:14,4.99,1
14647,21-08-2005 19:15,36,843,21-08-2005 19:15,9.99,0.5
14648,21-08-2005 19:18,284,486,21-08-2005 19:18,4.99,NULL
14649,21-08-2005 19:19,43,888,21-08-2005 19:19,4.99,NULL
14650,21-08-2005 19:24,190,282,21-08-2005 19:24,0.99,NULL
14651,21-08-2005 19:31,544,879,21-08-2005 19:31,8.99,1
14652,21-08-2005 19:32,453,905,21-08-2005 19:32,4.99,NULL
14653,21-08-2005 19:35,593,109,21-08-2005 19:35,0.99,NULL
14654,21-08-2005 19:36,173,150,21-08-2005 19:36,2.99,NULL
14655,21-08-2005 19:37,253,172,21-08-2005 19:37,4.99,0.5
14656,21-08-2005 19:39,201,914,21-08-2005 19:39,2.99,NULL
14657,21-08-2005 19:39,244,105,21-08-2005 19:39,0.99,NULL
14658,21-08-2005 19:41,473,320,21-08-2005 19:41,4.99,NULL
14659,21-08-2005 19:42,119,206,21-08-2005 19:42,0.99,0.5
14660,21-08-2005 19:43,452,753,21-08-2005 19:43,0.99,NULL
14661,21-08-2005 19:44,469,163,21-08-2005 19:44,2.99,NULL
14662,21-08-2005 19:45,403,650,21-08-2005 19:45,0.99,1
14663,21-08-2005 19:47,150,511,21-08-2005 19:47,0.99,NULL
14664,21-08-2005 19:48,153,956,21-08-2005 19:48,4.99,NULL
14665,21-08-2005 19:49,58,637,21-08-2005 19:49,6.99,NULL
14666,21-08-2005 19:51,122,561,21-08-2005 19:51,5.99,NULL
14667,21-08-2005 19:51,55,572,21-08-2005 19:51,2.99,1
14668,21-08-2005 19:51,152,317,21-08-2005 19:51,4.99,1
14669,21-08-2005 19:54,317,693,21-08-2005 19:54,2.99,NULL
14670,21-08-2005 19:54,537,942,21-08-2005 19:54,0.99,NULL
14671,21-08-2005 19:59,53,575,21-08-2005 19:59,4.99,0.5
14672,21-08-2005 19:59,325,900,21-08-2005 19:59,5.99,1
14673,21-08-2005 20:01,445,397,21-08-2005 20:01,2.99,NULL
14674,21-08-2005 20:01,300,124,21-08-2005 20:01,7.99,1
14675,21-08-2005 20:01,170,73,21-08-2005 20:01,2.99,1
14676,21-08-2005 20:02,49,193,21-08-2005 20:02,2.99,NULL
14677,21-08-2005 20:12,26,964,21-08-2005 20:12,7.99,NULL
14678,21-08-2005 20:12,383,416,21-08-2005 20:12,4.99,NULL
14679,21-08-2005 20:14,193,331,21-08-2005 20:14,2.99,NULL
14680,21-08-2005 20:19,524,976,21-08-2005 20:19,1.99,NULL
14681,21-08-2005 20:25,212,241,21-08-2005 20:25,5.99,NULL
14682,21-08-2005 20:25,314,651,21-08-2005 20:25,4.99,1
14683,21-08-2005 20:27,342,843,21-08-2005 20:27,8.99,1
14684,21-08-2005 20:28,369,785,21-08-2005 20:28,5.99,NULL
14685,21-08-2005 20:31,69,292,21-08-2005 20:31,0.99,NULL
14686,21-08-2005 20:32,34,177,21-08-2005 20:32,5.99,0.5
14687,21-08-2005 20:32,550,69,21-08-2005 20:32,4.99,1
14688,21-08-2005 20:32,219,563,21-08-2005 20:32,4.99,NULL
14689,21-08-2005 20:33,463,249,21-08-2005 20:33,0.99,NULL
14690,21-08-2005 20:42,456,797,21-08-2005 20:42,1.99,NULL
14691,21-08-2005 20:42,404,461,21-08-2005 20:42,0.99,0.5
14692,21-08-2005 20:43,192,415,21-08-2005 20:43,6.99,1
14693,21-08-2005 20:44,269,757,21-08-2005 20:44,6.99,NULL
14694,21-08-2005 20:46,363,608,21-08-2005 20:46,2.99,NULL
14695,21-08-2005 20:46,206,91,21-08-2005 20:46,0.99,1
14696,21-08-2005 20:48,435,827,21-08-2005 20:48,4.99,1
14697,21-08-2005 20:49,409,10,21-08-2005 20:49,4.99,NULL
14698,21-08-2005 20:49,196,925,21-08-2005 20:49,5.99,NULL
14699,21-08-2005 20:50,3,312,21-08-2005 20:50,8.99,NULL
14700,21-08-2005 20:53,360,755,21-08-2005 20:53,4.99,NULL
14701,21-08-2005 20:54,34,665,21-08-2005 20:54,7.99,0.5
14702,21-08-2005 21:00,345,892,21-08-2005 21:00,10.99,NULL
14703,21-08-2005 21:01,29,944,21-08-2005 21:01,4.99,0.5
14704,21-08-2005 21:02,248,885,21-08-2005 21:02,0.99,NULL
14705,21-08-2005 21:02,243,546,21-08-2005 21:02,2.99,NULL
14706,21-08-2005 21:04,589,981,21-08-2005 21:04,0.99,NULL
14707,21-08-2005 21:06,530,641,21-08-2005 21:06,5.99,NULL
14708,21-08-2005 21:07,226,621,21-08-2005 21:07,4.99,NULL
14709,21-08-2005 21:07,300,403,21-08-2005 21:07,9.99,1
14710,21-08-2005 21:15,587,417,21-08-2005 21:15,4.99,NULL
14711,21-08-2005 21:22,448,430,21-08-2005 21:22,2.99,NULL
14712,21-08-2005 21:22,226,266,21-08-2005 21:22,0.99,NULL
14713,21-08-2005 21:27,148,736,21-08-2005 21:27,0.99,NULL
14714,21-08-2005 21:27,279,1,21-08-2005 21:27,3.99,0.5
14715,21-08-2005 21:28,287,973,21-08-2005 21:28,6.99,1
14716,21-08-2005 21:29,78,494,21-08-2005 21:29,0.99,1
14717,21-08-2005 21:30,366,841,21-08-2005 21:30,2.99,0.5
14718,21-08-2005 21:39,340,790,21-08-2005 21:39,0.99,1
14719,21-08-2005 21:41,599,891,21-08-2005 21:41,1.99,1
14720,21-08-2005 21:43,395,790,21-08-2005 21:43,0.99,NULL
14721,21-08-2005 21:50,349,925,21-08-2005 21:50,6.99,NULL
14722,21-08-2005 21:50,236,644,21-08-2005 21:50,4.99,NULL
14723,21-08-2005 21:52,548,604,21-08-2005 21:52,6.99,NULL
14724,21-08-2005 21:53,552,778,21-08-2005 21:53,4.99,1
14725,21-08-2005 22:02,403,968,21-08-2005 22:02,4.99,1
14726,21-08-2005 22:08,216,994,21-08-2005 22:08,4.99,1
14727,21-08-2005 22:12,275,141,21-08-2005 22:12,4.99,NULL
14728,21-08-2005 22:15,474,586,21-08-2005 22:15,0.99,NULL
14729,21-08-2005 22:16,289,544,21-08-2005 22:16,4.99,NULL
14730,21-08-2005 22:21,439,647,21-08-2005 22:21,5.99,NULL
14731,21-08-2005 22:21,154,298,21-08-2005 22:21,2.99,1
14732,21-08-2005 22:22,482,416,21-08-2005 22:22,0.99,NULL
14733,21-08-2005 22:22,408,88,21-08-2005 22:22,4.99,NULL
14734,14-02-2006 15:16,448,301,14-02-2006 15:16,3.98,NULL
14735,21-08-2005 22:25,35,212,21-08-2005 22:25,4.99,NULL
14736,21-08-2005 22:25,139,46,21-08-2005 22:25,5.99,NULL
14737,21-08-2005 22:27,124,401,21-08-2005 22:27,0.99,0.5
14738,21-08-2005 22:29,521,730,21-08-2005 22:29,5.99,1
14739,21-08-2005 22:33,226,877,21-08-2005 22:33,0.99,NULL
14740,21-08-2005 22:35,333,374,21-08-2005 22:35,2.99,NULL
14741,14-02-2006 15:16,60,133,14-02-2006 15:16,0,1
14742,21-08-2005 22:39,421,655,21-08-2005 22:39,4.99,1
14743,21-08-2005 22:41,2,999,21-08-2005 22:41,5.99,NULL
14744,21-08-2005 22:45,213,174,21-08-2005 22:45,6.99,NULL
14745,21-08-2005 22:53,277,961,21-08-2005 22:53,4.99,NULL
14746,21-08-2005 22:54,284,702,21-08-2005 22:54,4.99,NULL
14747,21-08-2005 23:00,153,45,21-08-2005 23:00,4.99,NULL
14748,21-08-2005 23:02,81,369,21-08-2005 23:02,7.99,NULL
14749,21-08-2005 23:08,235,181,21-08-2005 23:08,3.99,NULL
14750,21-08-2005 23:09,303,204,21-08-2005 23:09,5.99,NULL
14751,21-08-2005 23:11,195,255,21-08-2005 23:11,7.99,NULL
14752,21-08-2005 23:11,362,276,21-08-2005 23:11,5.99,1
14753,21-08-2005 23:11,155,391,21-08-2005 23:11,2.99,NULL
14754,21-08-2005 23:17,137,512,21-08-2005 23:17,7.99,NULL
14755,21-08-2005 23:18,328,189,21-08-2005 23:18,3.99,NULL
14756,21-08-2005 23:21,288,122,21-08-2005 23:21,0.99,NULL
14757,21-08-2005 23:23,473,255,21-08-2005 23:23,4.99,NULL
14758,21-08-2005 23:24,339,517,21-08-2005 23:24,3.99,1
14759,21-08-2005 23:28,362,846,21-08-2005 23:28,11.99,1
14760,14-02-2006 15:16,355,301,14-02-2006 15:16,0.99,0.5
14761,21-08-2005 23:30,490,583,21-08-2005 23:30,6.99,NULL
14762,21-08-2005 23:33,1,924,21-08-2005 23:33,0.99,0.5
14763,21-08-2005 23:34,116,324,21-08-2005 23:34,11.99,NULL
14764,21-08-2005 23:37,529,281,21-08-2005 23:37,0.99,1
14765,21-08-2005 23:40,435,619,21-08-2005 23:40,1.99,1
14766,21-08-2005 23:42,523,167,21-08-2005 23:42,4.99,1
14767,21-08-2005 23:43,69,273,21-08-2005 23:43,2.99,NULL
14768,21-08-2005 23:44,570,760,21-08-2005 23:44,3.99,NULL
14769,14-02-2006 15:16,361,391,14-02-2006 15:16,0,NULL
14770,21-08-2005 23:47,372,652,21-08-2005 23:47,1.99,NULL
14771,21-08-2005 23:50,149,585,21-08-2005 23:50,3.99,NULL
14772,21-08-2005 23:50,411,880,21-08-2005 23:50,5.99,NULL
14773,21-08-2005 23:50,413,557,21-08-2005 23:50,2.99,1
14774,21-08-2005 23:52,252,698,21-08-2005 23:52,4.99,NULL
14775,21-08-2005 23:53,400,880,21-08-2005 23:53,2.99,NULL
14776,21-08-2005 23:53,15,764,21-08-2005 23:53,4.99,1
14777,21-08-2005 23:55,389,54,21-08-2005 23:55,2.99,1
14778,21-08-2005 23:56,396,465,21-08-2005 23:56,5.99,0.5
14779,22-08-2005 00:00,279,242,22-08-2005 00:00,5.99,0.5
14780,22-08-2005 00:06,491,696,22-08-2005 00:06,0.99,0.5
14781,22-08-2005 00:15,71,758,22-08-2005 00:15,4.99,NULL
14782,22-08-2005 00:17,211,376,22-08-2005 00:17,0.99,1
14783,22-08-2005 00:21,332,749,22-08-2005 00:21,4.99,0.5
14784,22-08-2005 00:23,117,97,22-08-2005 00:23,0.99,1
14785,22-08-2005 00:24,560,432,22-08-2005 00:24,2.99,NULL
14786,22-08-2005 00:24,370,649,22-08-2005 00:24,2.99,1
14787,22-08-2005 00:25,38,578,22-08-2005 00:25,6.99,NULL
14788,22-08-2005 00:27,139,417,22-08-2005 00:27,2.99,NULL
14789,22-08-2005 00:29,279,510,22-08-2005 00:29,4.99,0.5
14790,22-08-2005 00:34,397,224,22-08-2005 00:34,6.99,1
14791,22-08-2005 00:35,317,326,22-08-2005 00:35,4.99,NULL
14792,22-08-2005 00:36,396,970,22-08-2005 00:36,1.99,0.5
14793,22-08-2005 00:37,154,933,22-08-2005 00:37,7.99,1
14794,22-08-2005 00:39,156,91,22-08-2005 00:39,1.99,NULL
14795,22-08-2005 00:40,303,369,22-08-2005 00:40,4.99,NULL
14796,22-08-2005 00:40,441,209,22-08-2005 00:40,4.99,NULL
14797,22-08-2005 00:41,546,251,22-08-2005 00:41,4.99,1
14798,22-08-2005 00:44,92,1,22-08-2005 00:44,0.99,1
14799,22-08-2005 00:44,454,282,22-08-2005 00:44,0.99,NULL
14800,22-08-2005 00:46,533,777,22-08-2005 00:46,4.99,1
14801,22-08-2005 00:46,184,366,22-08-2005 00:46,5.99,NULL
14802,22-08-2005 00:48,505,154,22-08-2005 00:48,2.99,NULL
14803,22-08-2005 00:49,278,555,22-08-2005 00:49,0.99,0.5
14804,22-08-2005 00:51,94,82,22-08-2005 00:51,1.99,NULL
14805,22-08-2005 00:52,169,172,22-08-2005 00:52,4.99,1
14806,22-08-2005 00:53,231,445,22-08-2005 00:53,2.99,1
14807,22-08-2005 00:57,90,74,22-08-2005 00:57,4.99,1
14808,22-08-2005 00:58,362,361,22-08-2005 00:58,4.99,1
14809,22-08-2005 01:00,188,240,22-08-2005 01:00,2.99,NULL
14810,22-08-2005 01:08,78,432,22-08-2005 01:08,2.99,1
14811,22-08-2005 01:09,53,352,22-08-2005 01:09,0.99,0.5
14812,22-08-2005 01:10,211,932,22-08-2005 01:10,1.99,1
14813,22-08-2005 01:11,142,738,22-08-2005 01:11,0.99,NULL
14814,22-08-2005 01:12,250,683,22-08-2005 01:12,4.99,NULL
14815,22-08-2005 01:12,314,263,22-08-2005 01:12,4.99,1
14816,22-08-2005 01:15,534,890,22-08-2005 01:15,1.99,1
14817,22-08-2005 01:17,215,202,22-08-2005 01:17,4.99,NULL
14818,22-08-2005 01:17,580,353,22-08-2005 01:17,2.99,NULL
14819,22-08-2005 01:17,410,634,22-08-2005 01:17,2.99,NULL
14820,22-08-2005 01:18,52,308,22-08-2005 01:18,2.99,NULL
14821,22-08-2005 01:20,62,693,22-08-2005 01:20,4.99,NULL
14822,22-08-2005 01:21,52,621,22-08-2005 01:21,5.99,NULL
14823,22-08-2005 01:24,503,149,22-08-2005 01:24,0.99,0.5
14824,22-08-2005 01:27,594,904,22-08-2005 01:27,4.99,1
14825,22-08-2005 01:27,1,317,22-08-2005 01:27,1.99,0.5
14826,22-08-2005 01:32,426,876,22-08-2005 01:32,2.99,1
14827,22-08-2005 01:32,88,489,22-08-2005 01:32,5.99,NULL
14828,22-08-2005 01:34,319,895,22-08-2005 01:34,4.99,NULL
14829,22-08-2005 01:35,546,788,22-08-2005 01:35,2.99,1
14830,22-08-2005 01:37,590,138,22-08-2005 01:37,2.99,NULL
14831,22-08-2005 01:40,156,739,22-08-2005 01:40,4.99,NULL
14832,22-08-2005 01:43,494,397,22-08-2005 01:43,4.99,NULL
14833,22-08-2005 01:45,551,428,22-08-2005 01:45,2.99,1
14834,22-08-2005 01:45,262,682,22-08-2005 01:45,6.99,NULL
14835,22-08-2005 01:49,404,165,22-08-2005 01:49,5.99,0.5
14836,22-08-2005 01:52,418,933,22-08-2005 01:52,4.99,NULL
14837,22-08-2005 01:54,43,486,22-08-2005 01:54,4.99,NULL
14838,22-08-2005 01:57,404,112,22-08-2005 01:57,4.99,0.5
14839,22-08-2005 01:58,567,754,22-08-2005 01:58,2.99,1
14840,22-08-2005 01:58,354,274,22-08-2005 01:58,5.99,1
14841,22-08-2005 02:03,384,875,22-08-2005 02:03,0.99,1
14842,22-08-2005 02:04,467,552,22-08-2005 02:04,3.99,NULL
14843,22-08-2005 02:05,454,658,22-08-2005 02:05,2.99,NULL
14844,22-08-2005 02:09,513,30,22-08-2005 02:09,7.99,NULL
14845,22-08-2005 02:12,292,13,22-08-2005 02:12,4.99,NULL
14846,22-08-2005 02:13,309,841,22-08-2005 02:13,5.99,NULL
14847,22-08-2005 02:13,327,657,22-08-2005 02:13,4.99,0.5
14848,22-08-2005 02:14,218,88,22-08-2005 02:14,4.99,NULL
14849,22-08-2005 02:15,177,737,22-08-2005 02:15,2.99,NULL
14850,22-08-2005 02:16,435,525,22-08-2005 02:16,0.99,1
14851,22-08-2005 02:20,180,252,22-08-2005 02:20,2.99,NULL
14852,22-08-2005 02:25,352,489,22-08-2005 02:25,0.99,NULL
14853,22-08-2005 02:26,388,782,22-08-2005 02:26,5.99,NULL
14854,22-08-2005 02:26,117,433,22-08-2005 02:26,2.99,1
14855,22-08-2005 02:27,187,364,22-08-2005 02:27,8.99,NULL
14856,22-08-2005 02:31,151,725,22-08-2005 02:31,4.99,1
14857,22-08-2005 02:42,232,901,22-08-2005 02:42,0.99,NULL
14858,22-08-2005 02:46,499,80,22-08-2005 02:46,3.99,NULL
14859,22-08-2005 02:46,463,464,22-08-2005 02:46,2.99,NULL
14860,22-08-2005 02:47,418,301,22-08-2005 02:47,2.99,NULL
14861,22-08-2005 02:48,422,392,22-08-2005 02:48,4.99,1
14862,22-08-2005 02:51,78,763,22-08-2005 02:51,7.99,1
14863,22-08-2005 02:57,440,170,22-08-2005 02:57,7.99,1
14864,22-08-2005 02:57,460,629,22-08-2005 02:57,0.99,NULL
14865,22-08-2005 03:06,94,827,22-08-2005 03:06,4.99,NULL
14866,22-08-2005 03:11,445,572,22-08-2005 03:11,6.99,NULL
14867,22-08-2005 03:14,114,60,22-08-2005 03:14,4.99,NULL
14868,22-08-2005 03:15,160,957,22-08-2005 03:15,4.99,1
14869,22-08-2005 03:20,21,100,22-08-2005 03:20,4.99,0.5
14870,22-08-2005 03:23,512,468,22-08-2005 03:23,2.99,NULL
14871,22-08-2005 03:23,204,748,22-08-2005 03:23,0.99,0.5
14872,22-08-2005 03:23,15,214,22-08-2005 03:23,8.99,1
14873,22-08-2005 03:31,314,773,22-08-2005 03:31,5.99,1
14874,22-08-2005 03:32,268,387,22-08-2005 03:32,0.99,1
14875,22-08-2005 03:34,513,854,22-08-2005 03:34,4.99,NULL
14876,22-08-2005 03:39,210,803,22-08-2005 03:39,4.99,NULL
14877,22-08-2005 03:39,266,218,22-08-2005 03:39,0.99,NULL
14878,14-02-2006 15:16,441,267,14-02-2006 15:16,4.99,NULL
14879,22-08-2005 03:42,148,465,22-08-2005 03:42,5.99,NULL
14880,22-08-2005 03:44,224,789,22-08-2005 03:44,2.99,1
14881,22-08-2005 03:47,425,47,22-08-2005 03:47,4.99,NULL
14882,22-08-2005 03:52,417,3,22-08-2005 03:52,2.99,NULL
14883,22-08-2005 03:55,177,424,22-08-2005 03:55,0.99,NULL
14884,22-08-2005 03:57,547,648,22-08-2005 03:57,4.99,0.5
14885,22-08-2005 03:58,248,455,22-08-2005 03:58,5.99,NULL
14886,22-08-2005 03:59,379,944,22-08-2005 03:59,4.99,1
14887,22-08-2005 04:04,421,11,22-08-2005 04:04,3.99,1
14888,22-08-2005 04:09,91,735,22-08-2005 04:09,2.99,NULL
14889,22-08-2005 04:10,299,346,22-08-2005 04:10,4.99,0.5
14890,22-08-2005 04:10,346,114,22-08-2005 04:10,5.99,1
14891,22-08-2005 04:11,482,65,22-08-2005 04:11,6.99,NULL
14892,22-08-2005 04:15,82,672,22-08-2005 04:15,4.99,NULL
14893,22-08-2005 04:15,461,507,22-08-2005 04:15,4.99,NULL
14894,22-08-2005 04:16,347,765,22-08-2005 04:16,4.99,NULL
14895,22-08-2005 04:19,340,975,22-08-2005 04:19,2.99,1
14896,22-08-2005 04:20,569,551,22-08-2005 04:20,8.99,1
14897,22-08-2005 04:22,175,351,22-08-2005 04:22,2.99,1
14898,22-08-2005 04:26,299,378,22-08-2005 04:26,6.99,0.5
14899,22-08-2005 04:26,304,810,22-08-2005 04:26,4.99,NULL
14900,22-08-2005 04:27,329,749,22-08-2005 04:27,4.99,0.5
14901,22-08-2005 04:31,258,936,22-08-2005 04:31,6.99,NULL
14902,22-08-2005 04:31,423,190,22-08-2005 04:31,4.99,0.5
14903,22-08-2005 04:31,51,390,22-08-2005 04:31,4.99,NULL
14904,22-08-2005 04:32,71,158,22-08-2005 04:32,3.99,NULL
14905,22-08-2005 04:34,286,906,22-08-2005 04:34,0.99,NULL
14906,22-08-2005 04:38,366,31,22-08-2005 04:38,6.99,0.5
14907,22-08-2005 04:44,116,540,22-08-2005 04:44,2.99,NULL
14908,22-08-2005 04:44,349,21,22-08-2005 04:44,4.99,NULL
14909,22-08-2005 04:48,155,434,22-08-2005 04:48,0.99,NULL
14910,22-08-2005 04:50,540,281,22-08-2005 04:50,0.99,NULL
14911,22-08-2005 04:51,273,78,22-08-2005 04:51,2.99,NULL
14912,22-08-2005 04:51,404,583,22-08-2005 04:51,4.99,0.5
14913,22-08-2005 04:52,503,789,22-08-2005 04:52,2.99,0.5
14914,22-08-2005 04:53,156,948,22-08-2005 04:53,0.99,NULL
14915,14-02-2006 15:16,349,22,14-02-2006 15:16,2.99,NULL
14916,22-08-2005 04:56,80,457,22-08-2005 04:56,0.99,NULL
14917,22-08-2005 05:03,289,83,22-08-2005 05:03,4.99,NULL
14918,22-08-2005 05:06,154,883,22-08-2005 05:06,6.99,1
14919,22-08-2005 05:07,244,348,22-08-2005 05:07,1.99,NULL
14920,22-08-2005 05:08,106,737,22-08-2005 05:08,0.99,1
14921,22-08-2005 05:12,284,814,22-08-2005 05:12,4.99,NULL
14922,22-08-2005 05:13,151,504,22-08-2005 05:13,3.99,1
14923,22-08-2005 05:13,460,753,22-08-2005 05:13,3.99,NULL
14924,22-08-2005 05:15,118,912,22-08-2005 05:15,2.99,NULL
14925,22-08-2005 05:16,128,98,22-08-2005 05:16,8.99,NULL
14926,22-08-2005 05:18,357,534,22-08-2005 05:18,0.99,NULL
14927,22-08-2005 05:31,193,212,22-08-2005 05:31,4.99,NULL
14928,14-02-2006 15:16,472,956,14-02-2006 15:16,4.99,1
14929,22-08-2005 05:32,546,913,22-08-2005 05:32,3.99,1
14930,22-08-2005 05:38,584,630,22-08-2005 05:38,1.99,NULL
14931,22-08-2005 05:38,63,142,22-08-2005 05:38,3.99,NULL
14932,22-08-2005 05:40,516,488,22-08-2005 05:40,0.99,NULL
14933,14-02-2006 15:16,21,264,14-02-2006 15:16,2.99,0.5
14934,22-08-2005 05:47,226,177,22-08-2005 05:47,4.99,NULL
14935,22-08-2005 05:47,380,440,22-08-2005 05:47,1.99,NULL
14936,22-08-2005 05:51,241,812,22-08-2005 05:51,0.99,1
14937,22-08-2005 05:51,348,274,22-08-2005 05:51,7.99,NULL
14938,22-08-2005 05:52,541,90,22-08-2005 05:52,6.99,NULL
14939,22-08-2005 05:53,328,158,22-08-2005 05:53,2.99,NULL
14940,22-08-2005 05:54,46,578,22-08-2005 05:54,4.99,1
14941,22-08-2005 05:58,574,505,22-08-2005 05:58,2.99,0.5
14942,22-08-2005 05:58,471,7,22-08-2005 05:58,7.99,NULL
14943,22-08-2005 05:59,265,770,22-08-2005 05:59,2.99,NULL
14944,22-08-2005 06:01,153,117,22-08-2005 06:01,4.99,NULL
14945,22-08-2005 06:05,304,344,22-08-2005 06:05,4.99,NULL
14946,22-08-2005 06:07,308,305,22-08-2005 06:07,2.99,NULL
14947,22-08-2005 06:07,68,766,22-08-2005 06:07,1.99,1
14948,22-08-2005 06:10,488,640,22-08-2005 06:10,5.99,NULL
14949,22-08-2005 06:12,111,531,22-08-2005 06:12,0.99,NULL
14950,22-08-2005 06:17,362,138,22-08-2005 06:17,2.99,1
14951,22-08-2005 06:19,197,615,22-08-2005 06:19,4.99,1
14952,22-08-2005 06:20,575,647,22-08-2005 06:20,2.99,NULL
14953,22-08-2005 06:23,182,177,22-08-2005 06:23,6.99,NULL
14954,14-02-2006 15:16,525,789,14-02-2006 15:16,2.99,NULL
14955,22-08-2005 06:25,445,336,22-08-2005 06:25,4.99,NULL
14956,22-08-2005 06:26,571,797,22-08-2005 06:26,0.99,NULL
14957,22-08-2005 06:29,323,304,22-08-2005 06:29,3.99,NULL
14958,22-08-2005 06:30,347,373,22-08-2005 06:30,2.99,NULL
14959,22-08-2005 06:30,569,437,22-08-2005 06:30,2.99,1
14960,22-08-2005 06:31,147,730,22-08-2005 06:31,4.99,0.5
14961,22-08-2005 06:35,52,721,22-08-2005 06:35,6.99,NULL
14962,22-08-2005 06:37,449,682,22-08-2005 06:37,7.99,0.5
14963,22-08-2005 06:38,384,586,22-08-2005 06:38,5.99,1
14964,22-08-2005 06:39,500,500,22-08-2005 06:39,4.99,NULL
14965,22-08-2005 06:45,148,231,22-08-2005 06:45,2.99,NULL
14966,22-08-2005 06:45,259,149,22-08-2005 06:45,2.99,1
14967,22-08-2005 06:46,67,65,22-08-2005 06:46,4.99,1
14968,22-08-2005 06:46,129,727,22-08-2005 06:46,1.99,1
14969,22-08-2005 06:49,120,884,22-08-2005 06:49,6.99,NULL
14970,22-08-2005 06:49,529,117,22-08-2005 06:49,5.99,1
14971,22-08-2005 06:52,378,410,22-08-2005 06:52,2.99,1
14972,22-08-2005 06:53,310,749,22-08-2005 06:53,5.99,1
14973,22-08-2005 06:59,201,634,22-08-2005 06:59,2.99,NULL
14974,22-08-2005 07:04,157,570,22-08-2005 07:04,4.99,NULL
14975,22-08-2005 07:07,244,205,22-08-2005 07:07,3.99,NULL
14976,22-08-2005 07:10,581,16,22-08-2005 07:10,2.99,NULL
14977,22-08-2005 07:12,59,891,22-08-2005 07:12,5.99,1
14978,22-08-2005 07:13,94,153,22-08-2005 07:13,0.99,NULL
14979,22-08-2005 07:16,387,504,22-08-2005 07:16,0.99,NULL
14980,22-08-2005 07:16,518,593,22-08-2005 07:16,0.99,0.5
14981,22-08-2005 07:19,544,274,22-08-2005 07:19,2.99,1
14982,22-08-2005 07:20,542,506,22-08-2005 07:20,9.99,NULL
14983,22-08-2005 07:32,363,783,22-08-2005 07:32,5.99,NULL
14984,22-08-2005 07:35,334,371,22-08-2005 07:35,7.99,NULL
14985,22-08-2005 07:35,29,439,22-08-2005 07:35,7.99,0.5
14986,22-08-2005 07:37,278,327,22-08-2005 07:37,4.99,0.5
14987,22-08-2005 07:41,138,330,22-08-2005 07:41,4.99,1
14988,22-08-2005 07:46,186,458,22-08-2005 07:46,3.99,1
14989,22-08-2005 07:47,58,313,22-08-2005 07:47,4.99,NULL
14990,22-08-2005 07:48,198,883,22-08-2005 07:48,4.99,NULL
14991,22-08-2005 07:50,172,154,22-08-2005 07:50,4.99,0.5
14992,22-08-2005 07:51,415,969,22-08-2005 07:51,4.99,NULL
14993,22-08-2005 07:52,437,748,22-08-2005 07:52,1.99,NULL
14994,22-08-2005 07:52,509,350,22-08-2005 07:52,5.99,1
14995,22-08-2005 07:52,482,908,22-08-2005 07:52,4.99,NULL
14996,22-08-2005 07:52,411,262,22-08-2005 07:52,2.99,NULL
14997,22-08-2005 07:53,29,597,22-08-2005 07:53,5.99,0.5
14998,22-08-2005 07:53,92,843,22-08-2005 07:53,4.99,1
14999,22-08-2005 07:54,594,745,22-08-2005 07:54,4.99,1
15000,22-08-2005 07:54,161,677,22-08-2005 07:54,0.99,NULL
15001,22-08-2005 08:00,186,629,22-08-2005 08:00,0.99,1
15002,22-08-2005 08:06,242,913,22-08-2005 08:06,0.99,1
15003,22-08-2005 08:11,167,873,22-08-2005 08:11,3.99,1
15004,22-08-2005 08:15,375,975,22-08-2005 08:15,2.99,NULL
15005,22-08-2005 08:15,335,637,22-08-2005 08:15,4.99,NULL
15006,22-08-2005 08:20,97,650,22-08-2005 08:20,0.99,NULL
15007,22-08-2005 08:21,165,807,22-08-2005 08:21,1.99,1
15008,22-08-2005 08:24,277,214,22-08-2005 08:24,10.99,NULL
15009,22-08-2005 08:27,325,877,22-08-2005 08:27,0.99,1
15010,22-08-2005 08:30,508,37,22-08-2005 08:30,6.99,1
15011,22-08-2005 08:31,329,597,22-08-2005 08:31,4.99,0.5
15012,22-08-2005 08:42,454,347,22-08-2005 08:42,4.99,NULL
15013,22-08-2005 08:42,141,28,22-08-2005 08:42,4.99,0.5
15014,22-08-2005 08:43,373,804,22-08-2005 08:43,6.99,NULL
15015,22-08-2005 08:43,14,674,22-08-2005 08:43,6.99,NULL
15016,22-08-2005 08:47,434,193,22-08-2005 08:47,3.99,NULL
15017,22-08-2005 08:47,144,866,22-08-2005 08:47,1.99,NULL
15018,22-08-2005 08:52,504,86,22-08-2005 08:52,4.99,NULL
15019,22-08-2005 08:52,450,750,22-08-2005 08:52,0.99,NULL
15020,22-08-2005 08:54,267,759,22-08-2005 08:54,3.99,1
15021,14-02-2006 15:16,100,91,14-02-2006 15:16,0.99,1
15022,22-08-2005 08:55,506,56,22-08-2005 08:55,5.99,NULL
15023,22-08-2005 08:56,296,79,22-08-2005 08:56,2.99,1
15024,22-08-2005 08:57,139,397,22-08-2005 08:57,2.99,NULL
15025,22-08-2005 08:57,257,457,22-08-2005 08:57,0.99,NULL
15026,22-08-2005 09:01,66,944,22-08-2005 09:01,4.99,NULL
15027,22-08-2005 09:03,478,73,22-08-2005 09:03,4.99,NULL
15028,22-08-2005 09:03,37,923,22-08-2005 09:03,3.99,1
15029,22-08-2005 09:04,139,483,22-08-2005 09:04,2.99,NULL
15030,22-08-2005 09:10,341,696,22-08-2005 09:10,0.99,NULL
15031,22-08-2005 09:11,430,856,22-08-2005 09:11,4.99,1
15032,22-08-2005 09:14,467,748,22-08-2005 09:14,0.99,NULL
15033,22-08-2005 09:25,168,531,22-08-2005 09:25,3.99,1
15034,22-08-2005 09:33,235,294,22-08-2005 09:33,6.99,NULL
15035,22-08-2005 09:34,513,75,22-08-2005 09:34,4.99,NULL
15036,22-08-2005 09:36,280,193,22-08-2005 09:36,2.99,NULL
15037,22-08-2005 09:36,234,986,22-08-2005 09:36,5.99,NULL
15038,22-08-2005 09:37,3,367,22-08-2005 09:37,0.99,NULL
15039,22-08-2005 09:37,180,199,22-08-2005 09:37,4.99,NULL
15040,22-08-2005 09:41,523,705,22-08-2005 09:41,2.99,1
15041,22-08-2005 09:43,372,416,22-08-2005 09:43,0.99,NULL
15042,22-08-2005 09:47,553,831,22-08-2005 09:47,4.99,NULL
15043,22-08-2005 09:49,182,832,22-08-2005 09:49,1.99,NULL
15044,22-08-2005 09:51,439,985,22-08-2005 09:51,9.99,NULL
15045,22-08-2005 09:53,161,764,22-08-2005 09:53,5.99,NULL
15046,22-08-2005 09:54,474,336,22-08-2005 09:54,4.99,NULL
15047,22-08-2005 09:57,19,288,22-08-2005 09:57,2.99,NULL
15048,22-08-2005 10:00,27,636,22-08-2005 10:00,0.99,NULL
15049,22-08-2005 10:06,102,345,22-08-2005 10:06,1.99,NULL
15050,22-08-2005 10:07,167,863,22-08-2005 10:07,0.99,1
15051,22-08-2005 10:08,300,311,22-08-2005 10:08,2.99,1
15052,22-08-2005 10:09,147,511,22-08-2005 10:09,2.99,0.5
15053,22-08-2005 10:13,374,237,22-08-2005 10:13,5.99,1
15054,22-08-2005 10:14,44,502,22-08-2005 10:14,2.99,1
15055,22-08-2005 10:14,125,135,22-08-2005 10:14,2.99,NULL
15056,22-08-2005 10:15,503,408,22-08-2005 10:15,4.99,0.5
15057,22-08-2005 10:19,20,989,22-08-2005 10:19,6.99,NULL
15058,22-08-2005 10:20,288,773,22-08-2005 10:20,2.99,NULL
15059,22-08-2005 10:22,564,889,22-08-2005 10:22,8.99,1
15060,22-08-2005 10:24,63,601,22-08-2005 10:24,5.99,NULL
15061,22-08-2005 10:29,90,753,22-08-2005 10:29,0.99,1
15062,22-08-2005 10:34,139,960,22-08-2005 10:34,2.99,NULL
15063,22-08-2005 10:39,30,256,22-08-2005 10:39,4.99,NULL
15064,22-08-2005 10:41,425,273,22-08-2005 10:41,0.99,NULL
15065,22-08-2005 10:46,510,103,22-08-2005 10:46,4.99,1
15066,22-08-2005 10:49,530,595,22-08-2005 10:49,0.99,NULL
15067,22-08-2005 10:49,461,806,22-08-2005 10:49,2.99,NULL
15068,22-08-2005 10:50,373,720,22-08-2005 10:50,3.99,NULL
15069,22-08-2005 10:55,568,129,22-08-2005 10:55,5.99,NULL
15070,22-08-2005 10:55,441,590,22-08-2005 10:55,3.99,NULL
15071,22-08-2005 10:58,541,91,22-08-2005 10:58,4.99,NULL
15072,22-08-2005 10:58,405,629,22-08-2005 10:58,1.99,NULL
15073,22-08-2005 11:01,336,865,22-08-2005 11:01,10.99,1
15074,22-08-2005 11:02,567,683,22-08-2005 11:02,5.99,1
15075,22-08-2005 11:04,535,421,22-08-2005 11:04,5.99,NULL
15076,22-08-2005 11:05,287,906,22-08-2005 11:05,1.99,1
15077,22-08-2005 11:09,503,690,22-08-2005 11:09,2.99,0.5
15078,22-08-2005 11:09,197,658,22-08-2005 11:09,2.99,1
15079,22-08-2005 11:09,540,993,22-08-2005 11:09,2.99,NULL
15080,22-08-2005 11:11,133,206,22-08-2005 11:11,0.99,NULL
15081,22-08-2005 11:14,313,549,22-08-2005 11:14,2.99,1
15082,22-08-2005 11:17,137,444,22-08-2005 11:17,7.99,NULL
15083,22-08-2005 11:17,397,369,22-08-2005 11:17,6.99,1
15084,22-08-2005 11:17,287,179,22-08-2005 11:17,4.99,1
15085,22-08-2005 11:19,67,364,22-08-2005 11:19,2.99,1
15086,22-08-2005 11:21,494,59,22-08-2005 11:21,6.99,NULL
15087,22-08-2005 11:24,404,52,22-08-2005 11:24,0.99,0.5
15088,22-08-2005 11:28,377,913,22-08-2005 11:28,0.99,0.5
15089,22-08-2005 11:34,61,724,22-08-2005 11:34,6.99,NULL
15090,22-08-2005 11:34,582,641,22-08-2005 11:34,5.99,NULL
15091,22-08-2005 11:34,477,453,22-08-2005 11:34,2.99,NULL
15092,22-08-2005 11:36,464,527,22-08-2005 11:36,6.99,NULL
15093,22-08-2005 11:39,60,773,22-08-2005 11:39,2.99,1
15094,14-02-2006 15:16,424,205,14-02-2006 15:16,0.99,1
15095,22-08-2005 11:41,202,109,22-08-2005 11:41,0.99,1
15096,22-08-2005 11:43,33,432,22-08-2005 11:43,5.99,NULL
15097,22-08-2005 11:43,475,623,22-08-2005 11:43,1.99,NULL
15098,22-08-2005 11:48,88,965,22-08-2005 11:48,3.99,NULL
15099,22-08-2005 11:49,86,422,22-08-2005 11:49,4.99,NULL
15100,22-08-2005 11:55,312,980,22-08-2005 11:55,4.99,NULL
15101,22-08-2005 11:56,335,149,22-08-2005 11:56,0.99,NULL
15102,22-08-2005 11:58,555,503,22-08-2005 11:58,6.99,NULL
15103,22-08-2005 12:01,101,187,22-08-2005 12:01,2.99,NULL
15104,22-08-2005 12:01,359,993,22-08-2005 12:01,2.99,NULL
15105,22-08-2005 12:01,338,864,22-08-2005 12:01,0.99,NULL
15106,22-08-2005 12:01,155,89,22-08-2005 12:01,0.99,NULL
15107,22-08-2005 12:05,376,518,22-08-2005 12:05,4.99,1
15108,22-08-2005 12:10,447,759,22-08-2005 12:10,2.99,1
15109,22-08-2005 12:12,588,122,22-08-2005 12:12,1.99,1
15110,22-08-2005 12:16,72,303,22-08-2005 12:16,0.99,NULL
15111,22-08-2005 12:21,119,893,22-08-2005 12:21,4.99,0.5
15112,22-08-2005 12:21,160,621,22-08-2005 12:21,2.99,1
15113,22-08-2005 12:23,424,945,22-08-2005 12:23,0.99,1
15114,22-08-2005 12:24,121,544,22-08-2005 12:24,7.99,1
15115,22-08-2005 12:28,33,378,22-08-2005 12:28,2.99,NULL
15116,22-08-2005 12:35,217,114,22-08-2005 12:35,0.99,1
15117,22-08-2005 12:38,292,550,22-08-2005 12:38,2.99,NULL
15118,22-08-2005 12:38,473,451,22-08-2005 12:38,4.99,NULL
15119,22-08-2005 12:41,288,988,22-08-2005 12:41,2.99,NULL
15120,22-08-2005 12:42,11,677,22-08-2005 12:42,0.99,0.5
15121,22-08-2005 12:46,415,653,22-08-2005 12:46,4.99,NULL
15122,22-08-2005 12:47,91,367,22-08-2005 12:47,1.99,NULL
15123,22-08-2005 12:48,445,319,22-08-2005 12:48,3.99,NULL
15124,22-08-2005 12:51,39,350,22-08-2005 12:51,5.99,1
15125,22-08-2005 12:53,221,859,22-08-2005 12:53,8.99,NULL
15126,22-08-2005 12:53,459,414,22-08-2005 12:53,5.99,0.5
15127,22-08-2005 12:56,287,524,22-08-2005 12:56,0.99,1
15128,22-08-2005 12:57,457,709,22-08-2005 12:57,3.99,NULL
15129,22-08-2005 13:03,234,828,22-08-2005 13:03,2.99,NULL
15130,22-08-2005 13:04,536,518,22-08-2005 13:04,7.99,NULL
15131,22-08-2005 13:06,119,418,22-08-2005 13:06,3.99,0.5
15132,22-08-2005 13:11,393,761,22-08-2005 13:11,2.99,1
15133,22-08-2005 13:17,137,747,22-08-2005 13:17,0.99,NULL
15134,22-08-2005 13:18,22,971,22-08-2005 13:18,7.99,NULL
15135,22-08-2005 13:19,284,121,22-08-2005 13:19,3.99,NULL
15136,22-08-2005 13:19,435,572,22-08-2005 13:19,2.99,1
15137,22-08-2005 13:20,241,188,22-08-2005 13:20,2.99,1
15138,22-08-2005 13:36,50,540,22-08-2005 13:36,2.99,NULL
15139,22-08-2005 13:38,237,439,22-08-2005 13:38,8.99,NULL
15140,22-08-2005 13:39,414,307,22-08-2005 13:39,6.99,NULL
15141,22-08-2005 13:41,541,51,22-08-2005 13:41,3.99,NULL
15142,22-08-2005 13:44,351,295,22-08-2005 13:44,4.99,1
15143,22-08-2005 13:46,274,331,22-08-2005 13:46,2.99,1
15144,22-08-2005 13:49,527,121,22-08-2005 13:49,2.99,NULL
15145,22-08-2005 13:53,2,471,22-08-2005 13:53,4.99,NULL
15146,22-08-2005 13:57,72,681,22-08-2005 13:57,2.99,NULL
15147,22-08-2005 13:58,4,559,22-08-2005 13:58,2.99,NULL
15148,22-08-2005 13:59,359,810,22-08-2005 13:59,4.99,NULL
15149,22-08-2005 14:08,537,672,22-08-2005 14:08,2.99,NULL
15150,22-08-2005 14:12,161,391,22-08-2005 14:12,2.99,NULL
15151,22-08-2005 14:23,463,887,22-08-2005 14:23,7.99,NULL
15152,22-08-2005 14:25,123,162,22-08-2005 14:25,7.99,1
15153,22-08-2005 14:26,512,234,22-08-2005 14:26,2.99,NULL
15154,22-08-2005 14:27,106,745,22-08-2005 14:27,6.99,1
15155,22-08-2005 14:27,43,579,22-08-2005 14:27,4.99,NULL
15156,22-08-2005 14:29,494,260,22-08-2005 14:29,9.99,NULL
15157,22-08-2005 14:30,580,415,22-08-2005 14:30,6.99,NULL
15158,22-08-2005 14:30,588,789,22-08-2005 14:30,2.99,1
15159,22-08-2005 14:32,525,949,22-08-2005 14:32,0.99,NULL
15160,22-08-2005 14:33,249,941,22-08-2005 14:33,6.99,1
15161,22-08-2005 14:37,20,317,22-08-2005 14:37,1.99,NULL
15162,22-08-2005 14:41,439,381,22-08-2005 14:41,4.99,NULL
15163,22-08-2005 14:43,100,786,22-08-2005 14:43,0.99,1
15164,22-08-2005 14:47,193,222,22-08-2005 14:47,4.99,NULL
15165,22-08-2005 14:59,168,800,22-08-2005 14:59,2.99,1
15166,22-08-2005 15:05,504,334,22-08-2005 15:05,6.99,NULL
15167,14-02-2006 15:16,190,216,14-02-2006 15:16,4.99,NULL
15168,22-08-2005 15:14,526,707,22-08-2005 15:14,2.99,NULL
15169,22-08-2005 15:21,76,173,22-08-2005 15:21,4.99,NULL
15170,22-08-2005 15:22,521,460,22-08-2005 15:22,4.99,1
15171,22-08-2005 15:23,119,267,22-08-2005 15:23,6.99,0.5
15172,22-08-2005 15:25,511,515,22-08-2005 15:25,4.99,1
15173,22-08-2005 15:26,338,567,22-08-2005 15:26,6.99,NULL
15174,22-08-2005 15:26,111,4,22-08-2005 15:26,6.99,NULL
15175,22-08-2005 15:29,380,941,22-08-2005 15:29,5.99,NULL
15176,22-08-2005 15:30,115,673,22-08-2005 15:30,6.99,NULL
15177,22-08-2005 15:34,493,183,22-08-2005 15:34,4.99,0.5
15178,22-08-2005 15:36,15,379,22-08-2005 15:36,0.99,1
15179,22-08-2005 15:36,328,99,22-08-2005 15:36,4.99,NULL
15180,22-08-2005 15:42,532,52,22-08-2005 15:42,0.99,1
15181,22-08-2005 15:46,266,851,22-08-2005 15:46,2.99,NULL
15182,22-08-2005 15:47,443,140,22-08-2005 15:47,0.99,1
15183,22-08-2005 15:49,268,592,22-08-2005 15:49,2.99,1
15184,22-08-2005 15:51,471,266,22-08-2005 15:51,0.99,NULL
15185,22-08-2005 15:52,472,647,22-08-2005 15:52,5.99,1
15186,22-08-2005 15:52,104,292,22-08-2005 15:52,0.99,NULL
15187,22-08-2005 15:53,461,508,22-08-2005 15:53,4.99,NULL
15188,22-08-2005 15:55,478,26,22-08-2005 15:55,4.99,NULL
15189,22-08-2005 15:56,398,561,22-08-2005 15:56,3.99,1
15190,22-08-2005 15:57,84,455,22-08-2005 15:57,4.99,NULL
15191,14-02-2006 15:16,75,806,14-02-2006 15:16,0,NULL
15192,22-08-2005 16:06,216,916,22-08-2005 16:06,4.99,1
15193,22-08-2005 16:06,40,231,22-08-2005 16:06,2.99,NULL
15194,22-08-2005 16:07,332,270,22-08-2005 16:07,0.99,0.5
15195,22-08-2005 16:08,508,241,22-08-2005 16:08,4.99,1
15196,22-08-2005 16:11,181,309,22-08-2005 16:11,2.99,NULL
15197,22-08-2005 16:14,159,641,22-08-2005 16:14,0.99,NULL
15198,22-08-2005 16:15,396,277,22-08-2005 16:15,7.99,0.5
15199,22-08-2005 16:17,216,4,22-08-2005 16:17,2.99,1
15200,22-08-2005 16:22,374,223,22-08-2005 16:22,2.99,1
15201,22-08-2005 16:24,301,973,22-08-2005 16:24,10.99,1
15202,22-08-2005 16:26,374,459,22-08-2005 16:26,4.99,1
15203,22-08-2005 16:28,568,162,22-08-2005 16:28,2.99,NULL
15204,22-08-2005 16:30,317,322,22-08-2005 16:30,2.99,NULL
15205,22-08-2005 16:32,489,722,22-08-2005 16:32,0.99,0.5
15206,22-08-2005 16:33,524,851,22-08-2005 16:33,6.99,NULL
15207,22-08-2005 16:35,442,254,22-08-2005 16:35,2.99,1
15208,22-08-2005 16:35,267,947,22-08-2005 16:35,3.99,1
15209,22-08-2005 16:37,588,354,22-08-2005 16:37,4.99,1
15210,22-08-2005 16:37,332,835,22-08-2005 16:37,3.99,0.5
15211,22-08-2005 16:40,410,664,22-08-2005 16:40,2.99,NULL
15212,22-08-2005 16:44,562,471,22-08-2005 16:44,2.99,NULL
15213,22-08-2005 16:49,166,436,22-08-2005 16:49,5.99,NULL
15214,22-08-2005 16:53,574,328,22-08-2005 16:53,2.99,0.5
15215,22-08-2005 16:55,344,415,22-08-2005 16:55,2.99,NULL
15216,22-08-2005 16:57,166,356,22-08-2005 16:57,2.99,NULL
15217,22-08-2005 16:58,90,18,22-08-2005 16:58,0.99,1
15218,22-08-2005 16:59,139,2,22-08-2005 16:59,9.99,NULL
15219,22-08-2005 17:00,544,729,22-08-2005 17:00,6.99,1
15220,22-08-2005 17:02,128,42,22-08-2005 17:02,3.99,NULL
15221,22-08-2005 17:12,253,22,22-08-2005 17:12,2.99,0.5
15222,22-08-2005 17:12,390,300,22-08-2005 17:12,4.99,NULL
15223,22-08-2005 17:13,541,489,22-08-2005 17:13,1.99,NULL
15224,22-08-2005 17:18,81,7,22-08-2005 17:18,5.99,NULL
15225,22-08-2005 17:18,224,358,22-08-2005 17:18,0.99,1
15226,22-08-2005 17:20,54,71,22-08-2005 17:20,10.99,0.5
15227,22-08-2005 17:22,151,655,22-08-2005 17:22,4.99,1
15228,22-08-2005 17:27,48,545,22-08-2005 17:27,3.99,1
15229,22-08-2005 17:30,63,72,22-08-2005 17:30,2.99,NULL
15230,22-08-2005 17:31,466,563,22-08-2005 17:31,4.99,1
15231,22-08-2005 17:32,187,653,22-08-2005 17:32,4.99,NULL
15232,22-08-2005 17:37,5,12,22-08-2005 17:37,0.99,NULL
15233,22-08-2005 17:41,197,963,22-08-2005 17:41,0.99,1
15234,14-02-2006 15:16,228,201,14-02-2006 15:16,0,NULL
15235,22-08-2005 17:43,416,598,22-08-2005 17:43,1.99,NULL
15236,22-08-2005 17:44,557,896,22-08-2005 17:44,0.99,NULL
15237,22-08-2005 17:44,148,980,22-08-2005 17:44,4.99,NULL
15238,22-08-2005 17:46,70,89,22-08-2005 17:46,0.99,NULL
15239,22-08-2005 17:46,501,392,22-08-2005 17:46,4.99,NULL
15240,22-08-2005 17:46,11,438,22-08-2005 17:46,2.99,0.5
15241,22-08-2005 17:47,337,182,22-08-2005 17:47,4.99,0.5
15242,22-08-2005 17:48,364,457,22-08-2005 17:48,0.99,NULL
15243,22-08-2005 17:48,308,963,22-08-2005 17:48,4.99,NULL
15244,22-08-2005 17:48,271,326,22-08-2005 17:48,2.99,1
15245,22-08-2005 17:49,298,558,22-08-2005 17:49,3.99,NULL
15246,22-08-2005 17:50,100,829,22-08-2005 17:50,3.99,1
15247,22-08-2005 17:52,250,999,22-08-2005 17:52,6.99,NULL
15248,22-08-2005 17:53,20,218,22-08-2005 17:53,0.99,NULL
15249,22-08-2005 17:58,444,24,22-08-2005 17:58,4.99,NULL
15250,22-08-2005 18:03,143,470,22-08-2005 18:03,5.99,0.5
15251,22-08-2005 18:03,285,434,22-08-2005 18:03,0.99,0.5
15252,22-08-2005 18:04,453,395,22-08-2005 18:04,0.99,NULL
15253,22-08-2005 18:05,333,900,22-08-2005 18:05,2.99,NULL
15254,22-08-2005 18:13,209,823,22-08-2005 18:13,2.99,1
15255,22-08-2005 18:16,84,748,22-08-2005 18:16,2.99,NULL
15256,22-08-2005 18:20,198,408,22-08-2005 18:20,6.99,NULL
15257,22-08-2005 18:21,223,203,22-08-2005 18:21,7.99,NULL
15258,22-08-2005 18:22,293,172,22-08-2005 18:22,4.99,NULL
15259,22-08-2005 18:23,488,717,22-08-2005 18:23,0.99,NULL
15260,22-08-2005 18:24,274,689,22-08-2005 18:24,2.99,1
15261,22-08-2005 18:24,140,476,22-08-2005 18:24,2.99,NULL
15262,22-08-2005 18:25,298,556,22-08-2005 18:25,4.99,NULL
15263,22-08-2005 18:27,324,40,22-08-2005 18:27,4.99,1
15264,22-08-2005 18:27,440,974,22-08-2005 18:27,0.99,1
15265,22-08-2005 18:35,512,382,22-08-2005 18:35,3.99,NULL
15266,22-08-2005 18:37,124,408,22-08-2005 18:37,4.99,0.5
15267,22-08-2005 18:37,153,650,22-08-2005 18:37,0.99,NULL
15268,22-08-2005 18:39,301,275,22-08-2005 18:39,1.99,1
15269,22-08-2005 18:39,275,115,22-08-2005 18:39,2.99,NULL
15270,22-08-2005 18:48,262,896,22-08-2005 18:48,3.99,NULL
15271,22-08-2005 18:48,59,920,22-08-2005 18:48,5.99,1
15272,22-08-2005 18:49,422,363,22-08-2005 18:49,3.99,1
15273,22-08-2005 18:53,422,560,22-08-2005 18:53,2.99,1
15274,22-08-2005 18:55,515,771,22-08-2005 18:55,4.99,NULL
15275,22-08-2005 18:57,597,333,22-08-2005 18:57,2.99,NULL
15276,22-08-2005 18:59,490,987,22-08-2005 18:59,2.99,NULL
15277,22-08-2005 19:02,217,387,22-08-2005 19:02,2.99,1
15278,22-08-2005 19:06,472,536,22-08-2005 19:06,2.99,1
15279,22-08-2005 19:08,363,242,22-08-2005 19:08,4.99,NULL
15280,22-08-2005 19:09,317,759,22-08-2005 19:09,4.99,NULL
15281,22-08-2005 19:10,543,870,22-08-2005 19:10,1.99,NULL
15282,14-02-2006 15:16,163,420,14-02-2006 15:16,0,0.5
15283,22-08-2005 19:16,219,368,22-08-2005 19:16,4.99,NULL
15284,22-08-2005 19:17,393,489,22-08-2005 19:17,3.99,1
15285,22-08-2005 19:17,233,106,22-08-2005 19:17,2.99,0.5
15286,22-08-2005 19:17,74,816,22-08-2005 19:17,4.99,1
15287,22-08-2005 19:19,535,69,22-08-2005 19:19,6.99,NULL
15288,22-08-2005 19:23,475,435,22-08-2005 19:23,4.99,NULL
15289,22-08-2005 19:27,513,229,22-08-2005 19:27,6.99,NULL
15290,22-08-2005 19:28,404,60,22-08-2005 19:28,10.99,0.5
15291,22-08-2005 19:28,494,320,22-08-2005 19:28,4.99,NULL
15292,22-08-2005 19:28,337,676,22-08-2005 19:28,4.99,0.5
15293,14-02-2006 15:16,263,270,14-02-2006 15:16,0.99,NULL
15294,14-02-2006 15:16,108,13,14-02-2006 15:16,4.99,NULL
15295,22-08-2005 19:36,186,467,22-08-2005 19:36,3.99,1
15296,22-08-2005 19:37,55,596,22-08-2005 19:37,4.99,1
15297,14-02-2006 15:16,327,702,14-02-2006 15:16,2.99,0.5
15298,22-08-2005 19:41,1,317,22-08-2005 19:41,2.99,0.5
15299,22-08-2005 19:42,381,167,22-08-2005 19:42,4.99,NULL
15300,22-08-2005 19:44,399,504,22-08-2005 19:44,0.99,NULL
15301,22-08-2005 19:44,454,135,22-08-2005 19:44,3.99,NULL
15302,22-08-2005 19:44,320,42,22-08-2005 19:44,2.99,NULL
15303,22-08-2005 19:44,390,365,22-08-2005 19:44,8.99,NULL
15304,22-08-2005 19:45,112,944,22-08-2005 19:45,4.99,NULL
15305,22-08-2005 19:46,529,146,22-08-2005 19:46,2.99,1
15306,22-08-2005 19:46,340,115,22-08-2005 19:46,2.99,1
15307,22-08-2005 19:54,598,988,22-08-2005 19:54,2.99,NULL
15308,22-08-2005 19:54,329,220,22-08-2005 19:54,2.99,0.5
15309,22-08-2005 19:54,141,602,22-08-2005 19:54,0.99,0.5
15310,22-08-2005 19:56,360,559,22-08-2005 19:56,2.99,NULL
15311,22-08-2005 19:56,176,789,22-08-2005 19:56,4.99,NULL
15312,22-08-2005 19:58,280,551,22-08-2005 19:58,4.99,NULL
15313,22-08-2005 19:59,333,568,22-08-2005 19:59,4.99,NULL
15314,14-02-2006 15:16,412,604,14-02-2006 15:16,0.99,1
15315,22-08-2005 20:03,1,70,22-08-2005 20:03,5.99,0.5
15316,22-08-2005 20:07,422,397,22-08-2005 20:07,2.99,1
15317,22-08-2005 20:14,512,505,22-08-2005 20:14,3.99,NULL
15318,22-08-2005 20:15,60,378,22-08-2005 20:15,2.99,1
15319,22-08-2005 20:17,188,667,22-08-2005 20:17,2.99,NULL
15320,22-08-2005 20:17,407,140,22-08-2005 20:17,0.99,NULL
15321,22-08-2005 20:20,384,902,22-08-2005 20:20,4.99,1
15322,22-08-2005 20:20,263,777,22-08-2005 20:20,4.99,NULL
15323,22-08-2005 20:22,178,255,22-08-2005 20:22,4.99,1
15324,22-08-2005 20:23,93,35,22-08-2005 20:23,5.99,1
15325,22-08-2005 20:27,74,776,22-08-2005 20:27,4.99,1
15326,14-02-2006 15:16,58,730,14-02-2006 15:16,0.99,NULL
15327,22-08-2005 20:31,450,228,22-08-2005 20:31,4.99,NULL
15328,22-08-2005 20:31,274,992,22-08-2005 20:31,2.99,1
15329,22-08-2005 20:32,521,414,22-08-2005 20:32,2.99,1
15330,22-08-2005 20:35,427,150,22-08-2005 20:35,3.99,1
15331,22-08-2005 20:37,147,31,22-08-2005 20:37,4.99,0.5
15332,22-08-2005 20:41,162,739,22-08-2005 20:41,4.99,NULL
15333,22-08-2005 20:44,142,400,22-08-2005 20:44,2.99,NULL
15334,22-08-2005 20:44,407,849,22-08-2005 20:44,1.99,NULL
15335,22-08-2005 20:44,363,349,22-08-2005 20:44,4.99,NULL
15336,22-08-2005 20:47,461,109,22-08-2005 20:47,6.99,NULL
15337,22-08-2005 20:49,237,63,22-08-2005 20:49,0.99,NULL
15338,22-08-2005 20:51,13,112,22-08-2005 20:51,4.99,0.5
15339,22-08-2005 20:52,331,362,22-08-2005 20:52,2.99,NULL
15340,22-08-2005 20:55,313,797,22-08-2005 20:55,0.99,1
15341,22-08-2005 20:56,91,737,22-08-2005 20:56,4.99,NULL
15342,22-08-2005 20:56,459,724,22-08-2005 20:56,2.99,0.5
15343,22-08-2005 21:01,538,568,22-08-2005 21:01,6.99,1
15344,22-08-2005 21:01,193,778,22-08-2005 21:01,6.99,NULL
15345,22-08-2005 21:05,277,763,22-08-2005 21:05,5.99,NULL
15346,22-08-2005 21:06,266,772,22-08-2005 21:06,4.99,NULL
15347,22-08-2005 21:12,519,823,22-08-2005 21:12,2.99,0.5
15348,22-08-2005 21:13,587,842,22-08-2005 21:13,2.99,NULL
15349,22-08-2005 21:13,587,882,22-08-2005 21:13,0.99,NULL
15350,22-08-2005 21:15,488,259,22-08-2005 21:15,2.99,NULL
15351,22-08-2005 21:15,154,717,22-08-2005 21:15,0.99,1
15352,22-08-2005 21:16,560,4,22-08-2005 21:16,6.99,NULL
15353,22-08-2005 21:18,368,760,22-08-2005 21:18,2.99,0.5
15354,22-08-2005 21:18,412,915,22-08-2005 21:18,4.99,1
15355,22-08-2005 21:19,493,762,22-08-2005 21:19,0.99,0.5
15356,22-08-2005 21:24,539,984,22-08-2005 21:24,2.99,NULL
15357,22-08-2005 21:28,24,159,22-08-2005 21:28,4.99,NULL
15358,22-08-2005 21:29,448,179,22-08-2005 21:29,9.99,NULL
15359,22-08-2005 21:34,77,983,22-08-2005 21:34,2.99,1
15360,22-08-2005 21:36,531,424,22-08-2005 21:36,0.99,0.5
15361,22-08-2005 21:39,380,308,22-08-2005 21:39,2.99,NULL
15362,22-08-2005 21:40,497,229,22-08-2005 21:40,5.99,NULL
15363,22-08-2005 21:41,480,505,22-08-2005 21:41,2.99,0.5
15364,22-08-2005 21:41,204,911,22-08-2005 21:41,4.99,0.5
15365,22-08-2005 21:42,327,743,22-08-2005 21:42,3.99,0.5
15366,22-08-2005 21:45,374,319,22-08-2005 21:45,6.99,1
15367,22-08-2005 21:47,355,35,22-08-2005 21:47,3.99,0.5
15368,22-08-2005 21:57,370,250,22-08-2005 21:57,3.99,1
15369,22-08-2005 21:58,121,194,22-08-2005 21:58,0.99,1
15370,22-08-2005 21:59,10,13,22-08-2005 21:59,5.99,0.5
15371,14-02-2006 15:16,94,804,14-02-2006 15:16,4.99,NULL
15372,22-08-2005 21:59,273,847,22-08-2005 21:59,2.99,NULL
15373,22-08-2005 22:08,14,970,22-08-2005 22:08,0.99,NULL
15374,22-08-2005 22:09,8,930,22-08-2005 22:09,7.99,NULL
15375,22-08-2005 22:12,191,845,22-08-2005 22:12,4.99,1
15376,22-08-2005 22:21,390,649,22-08-2005 22:21,4.99,NULL
15377,22-08-2005 22:22,551,746,22-08-2005 22:22,4.99,1
15378,22-08-2005 22:25,340,324,22-08-2005 22:25,9.99,1
15379,22-08-2005 22:26,148,414,22-08-2005 22:26,8.99,NULL
15380,22-08-2005 22:28,423,795,22-08-2005 22:28,0.99,0.5
15381,22-08-2005 22:28,110,185,22-08-2005 22:28,2.99,1
15382,22-08-2005 22:30,376,73,22-08-2005 22:30,2.99,1
15383,22-08-2005 22:31,405,150,22-08-2005 22:31,2.99,NULL
15384,22-08-2005 22:34,26,705,22-08-2005 22:34,2.99,NULL
15385,22-08-2005 22:37,434,28,22-08-2005 22:37,4.99,NULL
15386,22-08-2005 22:41,327,672,22-08-2005 22:41,2.99,0.5
15387,22-08-2005 22:49,323,848,22-08-2005 22:49,4.99,NULL
15388,22-08-2005 22:49,50,870,22-08-2005 22:49,6.99,NULL
15389,22-08-2005 22:51,231,450,22-08-2005 22:51,3.99,1
15390,22-08-2005 22:57,551,101,22-08-2005 22:57,6.99,1
15391,22-08-2005 23:01,482,855,22-08-2005 23:01,0.99,NULL
15392,22-08-2005 23:02,410,118,22-08-2005 23:02,3.99,NULL
15393,22-08-2005 23:04,443,643,22-08-2005 23:04,4.99,1
15394,22-08-2005 23:04,507,757,22-08-2005 23:04,2.99,0.5
15395,22-08-2005 23:06,526,631,22-08-2005 23:06,4.99,NULL
15396,22-08-2005 23:07,319,881,22-08-2005 23:07,5.99,NULL
15397,22-08-2005 23:08,261,324,22-08-2005 23:08,4.99,NULL
15398,22-08-2005 23:10,109,973,22-08-2005 23:10,7.99,NULL
15399,22-08-2005 23:11,379,844,22-08-2005 23:11,4.99,1
15400,22-08-2005 23:13,473,585,22-08-2005 23:13,2.99,NULL
15401,22-08-2005 23:13,103,375,22-08-2005 23:13,8.99,NULL
15402,22-08-2005 23:17,293,346,22-08-2005 23:17,8.99,NULL
15403,22-08-2005 23:18,581,940,22-08-2005 23:18,0.99,NULL
15404,22-08-2005 23:19,211,777,22-08-2005 23:19,7.99,1
15405,22-08-2005 23:20,596,718,22-08-2005 23:20,0.99,NULL
15406,22-08-2005 23:21,227,89,22-08-2005 23:21,0.99,NULL
15407,14-02-2006 15:16,42,733,14-02-2006 15:16,0,NULL
15408,22-08-2005 23:26,156,35,22-08-2005 23:26,6.99,NULL
15409,22-08-2005 23:26,188,122,22-08-2005 23:26,0.99,NULL
15410,22-08-2005 23:27,403,445,22-08-2005 23:27,4.99,1
15411,22-08-2005 23:35,461,967,22-08-2005 23:35,2.99,NULL
15412,22-08-2005 23:37,199,281,22-08-2005 23:37,0.99,1
15413,22-08-2005 23:38,476,547,22-08-2005 23:38,0.99,NULL
15414,22-08-2005 23:43,532,157,22-08-2005 23:43,1.99,1
15415,22-08-2005 23:48,204,908,22-08-2005 23:48,11.99,0.5
15416,22-08-2005 23:51,383,258,22-08-2005 23:51,1.99,NULL
15417,22-08-2005 23:54,305,397,22-08-2005 23:54,2.99,NULL
15418,22-08-2005 23:54,205,176,22-08-2005 23:54,0.99,NULL
15419,22-08-2005 23:54,450,248,22-08-2005 23:54,4.99,NULL
15420,22-08-2005 23:55,161,305,22-08-2005 23:55,5.99,NULL
15421,22-08-2005 23:56,541,1,22-08-2005 23:56,0.99,NULL
15422,22-08-2005 23:58,309,571,22-08-2005 23:58,4.99,NULL
15423,14-02-2006 15:16,596,388,14-02-2006 15:16,0.99,NULL
15424,23-08-2005 00:03,138,757,23-08-2005 00:03,2.99,1
15425,23-08-2005 00:05,259,120,23-08-2005 00:05,10.99,1
15426,23-08-2005 00:07,347,723,23-08-2005 00:07,2.99,NULL
15427,23-08-2005 00:07,448,609,23-08-2005 00:07,4.99,NULL
15428,23-08-2005 00:11,402,957,23-08-2005 00:11,4.99,NULL
15429,23-08-2005 00:20,241,162,23-08-2005 00:20,2.99,1
15430,14-02-2006 15:16,282,949,14-02-2006 15:16,0.99,NULL
15431,23-08-2005 00:26,550,715,23-08-2005 00:26,9.99,1
15432,23-08-2005 00:26,117,413,23-08-2005 00:26,2.99,1
15433,23-08-2005 00:27,198,32,23-08-2005 00:27,4.99,NULL
15434,23-08-2005 00:28,518,956,23-08-2005 00:28,4.99,0.5
15435,23-08-2005 00:28,468,456,23-08-2005 00:28,4.99,1
15436,23-08-2005 00:30,505,334,23-08-2005 00:30,4.99,NULL
15437,23-08-2005 00:31,368,921,23-08-2005 00:31,2.99,0.5
15438,23-08-2005 00:31,46,442,23-08-2005 00:31,2.99,1
15439,23-08-2005 00:34,136,843,23-08-2005 00:34,4.99,1
15440,23-08-2005 00:37,559,487,23-08-2005 00:37,4.99,0.5
15441,14-02-2006 15:16,422,57,14-02-2006 15:16,2.99,1
15442,23-08-2005 00:42,42,319,23-08-2005 00:42,2.99,NULL
15443,23-08-2005 00:44,598,162,23-08-2005 00:44,7.99,NULL
15444,23-08-2005 00:46,153,214,23-08-2005 00:46,7.99,NULL
15445,23-08-2005 00:48,28,44,23-08-2005 00:48,4.99,1
15446,23-08-2005 00:49,379,112,23-08-2005 00:49,4.99,1
15447,23-08-2005 00:53,331,891,23-08-2005 00:53,3.99,NULL
15448,23-08-2005 00:55,490,638,23-08-2005 00:55,2.99,NULL
15449,23-08-2005 00:55,461,625,23-08-2005 00:55,2.99,NULL
15450,23-08-2005 00:56,322,245,23-08-2005 00:56,0.99,NULL
15451,23-08-2005 00:56,514,51,23-08-2005 00:56,2.99,1
15452,23-08-2005 00:57,115,157,23-08-2005 00:57,0.99,NULL
15453,23-08-2005 01:01,359,1,23-08-2005 01:01,1.99,NULL
15454,14-02-2006 15:16,142,647,14-02-2006 15:16,0.99,NULL
15455,23-08-2005 01:05,238,870,23-08-2005 01:05,0.99,1
15456,23-08-2005 01:07,262,535,23-08-2005 01:07,0.99,NULL
15457,23-08-2005 01:07,306,991,23-08-2005 01:07,2.99,NULL
15458,14-02-2006 15:16,590,5,14-02-2006 15:16,2.99,NULL
15459,23-08-2005 01:09,346,447,23-08-2005 01:09,2.99,1
15460,23-08-2005 01:10,20,638,23-08-2005 01:10,2.99,NULL
15461,23-08-2005 01:13,103,991,23-08-2005 01:13,5.99,NULL
15462,23-08-2005 01:14,389,720,23-08-2005 01:14,5.99,1
15463,23-08-2005 01:15,127,190,23-08-2005 01:15,5.99,1
15464,23-08-2005 01:15,62,710,23-08-2005 01:15,6.99,NULL
15465,23-08-2005 01:16,520,79,23-08-2005 01:16,0.99,1
15466,23-08-2005 01:16,418,123,23-08-2005 01:16,4.99,NULL
15467,23-08-2005 01:22,103,799,23-08-2005 01:22,3.99,NULL
15468,23-08-2005 01:25,399,532,23-08-2005 01:25,4.99,NULL
15469,23-08-2005 01:29,597,421,23-08-2005 01:29,4.99,NULL
15470,23-08-2005 01:35,416,660,23-08-2005 01:35,4.99,NULL
15471,23-08-2005 01:38,139,569,23-08-2005 01:38,3.99,NULL
15472,23-08-2005 01:39,226,936,23-08-2005 01:39,2.99,NULL
15473,23-08-2005 01:39,259,78,23-08-2005 01:39,2.99,1
15474,23-08-2005 01:39,188,662,23-08-2005 01:39,4.99,NULL
15475,23-08-2005 01:44,562,983,23-08-2005 01:44,2.99,NULL
15476,23-08-2005 01:45,433,543,23-08-2005 01:45,4.99,NULL
15477,23-08-2005 01:46,142,525,23-08-2005 01:46,1.99,NULL
15478,23-08-2005 01:50,167,996,23-08-2005 01:50,0.99,1
15479,23-08-2005 01:50,149,911,23-08-2005 01:50,4.99,NULL
15480,23-08-2005 01:57,577,726,23-08-2005 01:57,2.99,NULL
15481,23-08-2005 01:59,414,718,23-08-2005 01:59,0.99,NULL
15482,23-08-2005 02:01,181,856,23-08-2005 02:01,4.99,NULL
15483,23-08-2005 02:02,173,651,23-08-2005 02:02,0.99,NULL
15484,23-08-2005 02:04,342,139,23-08-2005 02:04,4.99,1
15485,23-08-2005 02:04,114,63,23-08-2005 02:04,0.99,NULL
15486,23-08-2005 02:05,502,363,23-08-2005 02:05,3.99,1
15487,23-08-2005 02:05,469,578,23-08-2005 02:05,4.99,NULL
15488,23-08-2005 02:06,385,989,23-08-2005 02:06,6.99,0.5
15489,23-08-2005 02:06,285,167,23-08-2005 02:06,4.99,0.5
15490,23-08-2005 02:08,493,856,23-08-2005 02:08,6.99,0.5
15491,23-08-2005 02:08,28,447,23-08-2005 02:08,2.99,1
15492,23-08-2005 02:13,520,286,23-08-2005 02:13,2.99,1
15493,23-08-2005 02:20,308,771,23-08-2005 02:20,4.99,NULL
15494,23-08-2005 02:25,455,650,23-08-2005 02:25,1.99,NULL
15495,23-08-2005 02:26,193,939,23-08-2005 02:26,5.99,NULL
15496,23-08-2005 02:30,275,406,23-08-2005 02:30,3.99,NULL
15497,14-02-2006 15:16,107,79,14-02-2006 15:16,0,NULL
15498,23-08-2005 02:33,83,347,23-08-2005 02:33,4.99,NULL
15499,23-08-2005 02:37,488,137,23-08-2005 02:37,2.99,NULL
15500,23-08-2005 02:39,74,196,23-08-2005 02:39,0.99,1
15501,23-08-2005 02:39,138,976,23-08-2005 02:39,0.99,1
15502,23-08-2005 02:40,433,707,23-08-2005 02:40,5.99,NULL
15503,23-08-2005 02:44,582,986,23-08-2005 02:44,2.99,NULL
15504,23-08-2005 02:45,315,429,23-08-2005 02:45,6.99,NULL
15505,23-08-2005 02:46,375,253,23-08-2005 02:46,4.99,NULL
15506,23-08-2005 02:48,553,416,23-08-2005 02:48,0.99,NULL
15507,23-08-2005 02:48,563,688,23-08-2005 02:48,0.99,NULL
15508,23-08-2005 02:49,293,879,23-08-2005 02:49,7.99,NULL
15509,23-08-2005 02:51,6,285,23-08-2005 02:51,5.99,NULL
15510,23-08-2005 02:51,209,711,23-08-2005 02:51,9.99,1
15511,23-08-2005 02:55,303,732,23-08-2005 02:55,3.99,NULL
15512,23-08-2005 02:57,25,945,23-08-2005 02:57,0.99,NULL
15513,23-08-2005 03:01,147,827,23-08-2005 03:01,4.99,0.5
15514,23-08-2005 03:03,366,620,23-08-2005 03:03,2.99,0.5
15515,23-08-2005 03:03,307,859,23-08-2005 03:03,4.99,1
15516,23-08-2005 03:12,82,49,23-08-2005 03:12,3.99,NULL
15517,23-08-2005 03:13,187,480,23-08-2005 03:13,2.99,NULL
15518,23-08-2005 03:19,410,771,23-08-2005 03:19,4.99,NULL
15519,23-08-2005 03:23,443,118,23-08-2005 03:23,0.99,1
15520,23-08-2005 03:30,163,389,23-08-2005 03:30,8.99,0.5
15521,23-08-2005 03:30,331,26,23-08-2005 03:30,2.99,NULL
15522,23-08-2005 03:32,468,524,23-08-2005 03:32,1.99,1
15523,23-08-2005 03:32,432,563,23-08-2005 03:32,4.99,NULL
15524,23-08-2005 03:36,68,633,23-08-2005 03:36,4.99,1
15525,23-08-2005 03:43,123,768,23-08-2005 03:43,4.99,1
15526,23-08-2005 03:44,516,635,23-08-2005 03:44,0.99,NULL
15527,23-08-2005 03:44,393,18,23-08-2005 03:44,0.99,1
15528,23-08-2005 03:45,114,665,23-08-2005 03:45,2.99,NULL
15529,23-08-2005 03:46,19,875,23-08-2005 03:46,0.99,NULL
15530,23-08-2005 03:50,167,32,23-08-2005 03:50,4.99,1
15531,23-08-2005 03:52,355,526,23-08-2005 03:52,2.99,0.5
15532,14-02-2006 15:16,23,236,14-02-2006 15:16,2.99,NULL
15533,23-08-2005 03:54,400,412,23-08-2005 03:54,4.99,NULL
15534,23-08-2005 03:55,169,119,23-08-2005 03:55,0.99,1
15535,23-08-2005 03:58,346,517,23-08-2005 03:58,0.99,1
15536,23-08-2005 03:58,98,872,23-08-2005 03:58,7.99,NULL
15537,23-08-2005 04:00,137,649,23-08-2005 04:00,2.99,NULL
15538,23-08-2005 04:07,211,919,23-08-2005 04:07,6.99,1
15539,23-08-2005 04:09,582,625,23-08-2005 04:09,0.99,NULL
15540,23-08-2005 04:12,197,369,23-08-2005 04:12,8.99,1
15541,23-08-2005 04:13,148,606,23-08-2005 04:13,3.99,NULL
15542,14-02-2006 15:16,111,4,14-02-2006 15:16,2.99,NULL
15543,23-08-2005 04:15,282,840,23-08-2005 04:15,4.99,NULL
15544,23-08-2005 04:17,30,417,23-08-2005 04:17,4.99,NULL
15545,23-08-2005 04:20,513,184,23-08-2005 04:20,5.99,NULL
15546,23-08-2005 04:20,223,452,23-08-2005 04:20,5.99,NULL
15547,23-08-2005 04:25,69,326,23-08-2005 04:25,2.99,NULL
15548,23-08-2005 04:26,334,511,23-08-2005 04:26,0.99,NULL
15549,23-08-2005 04:27,170,81,23-08-2005 04:27,7.99,1
15550,23-08-2005 04:27,465,302,23-08-2005 04:27,3.99,NULL
15551,23-08-2005 04:28,345,781,23-08-2005 04:28,4.99,NULL
15552,23-08-2005 04:33,527,948,23-08-2005 04:33,3.99,NULL
15553,23-08-2005 04:33,232,362,23-08-2005 04:33,2.99,NULL
15554,23-08-2005 04:48,280,44,23-08-2005 04:48,5.99,NULL
15555,23-08-2005 04:51,347,408,23-08-2005 04:51,4.99,NULL
15556,23-08-2005 04:52,108,805,23-08-2005 04:52,8.99,NULL
15557,23-08-2005 04:52,444,795,23-08-2005 04:52,0.99,NULL
15558,23-08-2005 04:52,474,139,23-08-2005 04:52,6.99,NULL
15559,23-08-2005 04:55,517,385,23-08-2005 04:55,5.99,NULL
15560,23-08-2005 05:01,107,790,23-08-2005 05:01,3.99,NULL
15561,23-08-2005 05:02,469,13,23-08-2005 05:02,9.99,NULL
15562,23-08-2005 05:04,149,921,23-08-2005 05:04,2.99,NULL
15563,23-08-2005 05:08,372,37,23-08-2005 05:08,2.99,NULL
15564,23-08-2005 05:10,353,281,23-08-2005 05:10,1.99,NULL
15565,23-08-2005 05:13,546,15,23-08-2005 05:13,4.99,1
15566,23-08-2005 05:17,76,946,23-08-2005 05:17,10.99,NULL
15567,23-08-2005 05:20,54,551,23-08-2005 05:20,4.99,0.5
15568,23-08-2005 05:24,556,220,23-08-2005 05:24,2.99,NULL
15569,23-08-2005 05:24,313,239,23-08-2005 05:24,6.99,1
15570,23-08-2005 05:24,557,873,23-08-2005 05:24,5.99,NULL
15571,23-08-2005 05:26,57,157,23-08-2005 05:26,0.99,NULL
15572,23-08-2005 05:28,506,618,23-08-2005 05:28,1.99,NULL
15573,23-08-2005 05:28,561,688,23-08-2005 05:28,0.99,NULL
15574,23-08-2005 05:29,130,716,23-08-2005 05:29,5.99,1
15575,23-08-2005 05:30,218,855,23-08-2005 05:30,0.99,NULL
15576,23-08-2005 05:32,595,716,23-08-2005 05:32,2.99,1
15577,14-02-2006 15:16,29,118,14-02-2006 15:16,0.99,0.5
15578,23-08-2005 05:37,302,621,23-08-2005 05:37,2.99,1
15579,23-08-2005 05:38,480,869,23-08-2005 05:38,4.99,0.5
15580,23-08-2005 05:39,279,165,23-08-2005 05:39,6.99,0.5
15581,23-08-2005 05:42,462,873,23-08-2005 05:42,2.99,1
15582,23-08-2005 05:45,297,927,23-08-2005 05:45,2.99,1
15583,23-08-2005 05:47,215,937,23-08-2005 05:47,2.99,NULL
15584,23-08-2005 05:49,500,772,23-08-2005 05:49,2.99,NULL
15585,23-08-2005 05:55,545,262,23-08-2005 05:55,0.99,NULL
15586,23-08-2005 05:57,148,709,23-08-2005 05:57,3.99,NULL
15587,23-08-2005 06:00,499,551,23-08-2005 06:00,7.99,NULL
15588,23-08-2005 06:02,503,393,23-08-2005 06:02,3.99,0.5
15589,23-08-2005 06:03,22,519,23-08-2005 06:03,6.99,NULL
15590,23-08-2005 06:09,599,881,23-08-2005 06:09,8.99,1
15591,23-08-2005 06:11,62,12,23-08-2005 06:11,0.99,NULL
15593,23-08-2005 06:15,153,816,23-08-2005 06:15,1.99,NULL
15594,23-08-2005 06:18,567,919,23-08-2005 06:18,10.99,1
15595,23-08-2005 06:19,264,880,23-08-2005 06:19,4.99,0.5
15596,23-08-2005 06:19,186,840,23-08-2005 06:19,0.99,1
15597,23-08-2005 06:21,420,831,23-08-2005 06:21,0.99,NULL
15598,23-08-2005 06:23,66,614,23-08-2005 06:23,8.99,NULL
15599,23-08-2005 06:25,103,995,23-08-2005 06:25,5.99,NULL
15600,23-08-2005 06:31,113,489,23-08-2005 06:31,1.99,NULL
15601,23-08-2005 06:33,579,795,23-08-2005 06:33,0.99,NULL
15602,23-08-2005 06:41,81,313,23-08-2005 06:41,4.99,NULL
15603,23-08-2005 06:41,6,562,23-08-2005 06:41,0.99,NULL
15604,23-08-2005 06:44,458,871,23-08-2005 06:44,4.99,NULL
15605,23-08-2005 06:48,544,692,23-08-2005 06:48,4.99,1
15606,23-08-2005 06:50,279,393,23-08-2005 06:50,2.99,0.5
15607,23-08-2005 06:54,484,895,23-08-2005 06:54,2.99,1
15608,23-08-2005 06:55,454,641,23-08-2005 06:55,1.99,NULL
15609,23-08-2005 06:56,256,377,23-08-2005 06:56,2.99,NULL
15610,23-08-2005 06:56,215,450,23-08-2005 06:56,2.99,NULL
15611,23-08-2005 06:56,184,374,23-08-2005 06:56,0.99,NULL
15612,23-08-2005 06:59,305,738,23-08-2005 06:59,6.99,NULL
15613,23-08-2005 07:03,461,69,23-08-2005 07:03,7.99,NULL
15614,23-08-2005 07:05,287,270,23-08-2005 07:05,2.99,1
15615,23-08-2005 07:06,584,200,23-08-2005 07:06,0.99,NULL
15616,23-08-2005 07:06,70,647,23-08-2005 07:06,3.99,NULL
15617,23-08-2005 07:07,569,890,23-08-2005 07:07,0.99,1
15618,23-08-2005 07:07,60,414,23-08-2005 07:07,5.99,1
15619,23-08-2005 07:10,3,540,23-08-2005 07:10,2.99,NULL
15620,23-08-2005 07:10,270,260,23-08-2005 07:10,6.99,NULL
15621,23-08-2005 07:13,123,839,23-08-2005 07:13,1.99,1
15622,23-08-2005 07:22,302,733,23-08-2005 07:22,5.99,1
15623,23-08-2005 07:23,525,658,23-08-2005 07:23,3.99,NULL
15624,23-08-2005 07:24,105,88,23-08-2005 07:24,4.99,NULL
15625,23-08-2005 07:25,207,913,23-08-2005 07:25,1.99,NULL
15626,23-08-2005 07:25,370,139,23-08-2005 07:25,4.99,1
15627,23-08-2005 07:25,453,301,23-08-2005 07:25,4.99,NULL
15628,23-08-2005 07:28,408,297,23-08-2005 07:28,2.99,NULL
15629,23-08-2005 07:28,286,814,23-08-2005 07:28,4.99,NULL
15630,23-08-2005 07:29,580,785,23-08-2005 07:29,6.99,NULL
15631,23-08-2005 07:30,93,536,23-08-2005 07:30,2.99,1
15632,23-08-2005 07:30,60,646,23-08-2005 07:30,0.99,1
15633,23-08-2005 07:31,497,194,23-08-2005 07:31,0.99,NULL
15634,23-08-2005 07:34,576,553,23-08-2005 07:34,0.99,NULL
15635,23-08-2005 07:43,4,728,23-08-2005 07:43,1.99,NULL
15636,23-08-2005 07:50,380,259,23-08-2005 07:50,2.99,NULL
15637,23-08-2005 07:53,172,99,23-08-2005 07:53,2.99,0.5
15638,23-08-2005 07:54,563,737,23-08-2005 07:54,3.99,NULL
15639,23-08-2005 08:03,214,9,23-08-2005 08:03,2.99,NULL
15640,23-08-2005 08:04,262,767,23-08-2005 08:04,4.99,NULL
15641,23-08-2005 08:06,240,687,23-08-2005 08:06,0.99,0.5
15642,23-08-2005 08:09,160,576,23-08-2005 08:09,2.99,1
15643,23-08-2005 08:13,298,21,23-08-2005 08:13,4.99,NULL
15644,14-02-2006 15:16,43,689,14-02-2006 15:16,3.98,NULL
15645,14-02-2006 15:16,214,841,14-02-2006 15:16,2.99,NULL
15646,23-08-2005 08:19,114,707,23-08-2005 08:19,3.99,NULL
15647,23-08-2005 08:23,251,445,23-08-2005 08:23,2.99,NULL
15648,23-08-2005 08:27,80,879,23-08-2005 08:27,8.99,NULL
15649,23-08-2005 08:28,60,91,23-08-2005 08:28,2.99,1
15650,23-08-2005 08:29,353,534,23-08-2005 08:29,0.99,NULL
15651,23-08-2005 08:31,451,745,23-08-2005 08:31,4.99,NULL
15652,23-08-2005 08:34,578,970,23-08-2005 08:34,0.99,NULL
15653,23-08-2005 08:34,439,600,23-08-2005 08:34,4.99,NULL
15654,23-08-2005 08:34,471,951,23-08-2005 08:34,1.99,NULL
15655,14-02-2006 15:16,359,131,14-02-2006 15:16,4.99,NULL
15656,23-08-2005 08:38,334,922,23-08-2005 08:38,4.99,NULL
15657,23-08-2005 08:42,36,413,23-08-2005 08:42,4.99,0.5
15658,23-08-2005 08:48,22,779,23-08-2005 08:48,4.99,NULL
15659,23-08-2005 08:48,131,999,23-08-2005 08:48,2.99,NULL
15660,23-08-2005 08:51,388,708,23-08-2005 08:51,5.99,NULL
15661,23-08-2005 08:52,346,350,23-08-2005 08:52,8.99,1
15662,23-08-2005 08:52,223,665,23-08-2005 08:52,2.99,NULL
15663,23-08-2005 08:54,291,724,23-08-2005 08:54,3.99,NULL
15664,23-08-2005 08:57,351,442,23-08-2005 08:57,4.99,1
15665,23-08-2005 08:59,487,760,23-08-2005 08:59,2.99,1
15666,23-08-2005 09:01,586,747,23-08-2005 09:01,3.99,NULL
15667,23-08-2005 09:02,73,287,23-08-2005 09:02,0.99,NULL
15668,23-08-2005 09:02,38,428,23-08-2005 09:02,2.99,NULL
15669,23-08-2005 09:06,334,337,23-08-2005 09:06,3.99,NULL
15670,23-08-2005 09:07,211,621,23-08-2005 09:07,5.99,1
15671,23-08-2005 09:08,112,813,23-08-2005 09:08,0.99,NULL
15672,23-08-2005 09:09,210,153,23-08-2005 09:09,0.99,NULL
15673,23-08-2005 09:12,321,680,23-08-2005 09:12,6.99,NULL
15674,23-08-2005 09:16,90,979,23-08-2005 09:16,7.99,1
15675,23-08-2005 09:18,293,902,23-08-2005 09:18,5.99,NULL
15676,23-08-2005 09:23,353,847,23-08-2005 09:23,2.99,NULL
15677,23-08-2005 09:23,109,445,23-08-2005 09:23,2.99,NULL
15678,23-08-2005 09:23,413,296,23-08-2005 09:23,2.99,1
15679,23-08-2005 09:27,103,646,23-08-2005 09:27,0.99,NULL
15680,23-08-2005 09:33,169,301,23-08-2005 09:33,4.99,1
15681,23-08-2005 09:35,61,618,23-08-2005 09:35,1.99,NULL
15682,23-08-2005 09:37,31,725,23-08-2005 09:37,6.99,1
15683,23-08-2005 09:38,168,829,23-08-2005 09:38,2.99,1
15684,23-08-2005 09:40,586,866,23-08-2005 09:40,0.99,NULL
15685,23-08-2005 09:41,491,81,23-08-2005 09:41,5.99,0.5
15686,23-08-2005 09:42,206,444,23-08-2005 09:42,7.99,1
15687,23-08-2005 09:46,112,61,23-08-2005 09:46,8.99,NULL
15688,23-08-2005 09:48,105,625,23-08-2005 09:48,4.99,NULL
15689,23-08-2005 09:52,259,56,23-08-2005 09:52,2.99,1
15690,23-08-2005 09:53,554,456,23-08-2005 09:53,4.99,1
15691,23-08-2005 09:53,200,172,23-08-2005 09:53,4.99,NULL
15692,23-08-2005 10:00,503,403,23-08-2005 10:00,4.99,0.5
15693,23-08-2005 10:00,94,164,23-08-2005 10:00,0.99,NULL
15694,23-08-2005 10:02,506,662,23-08-2005 10:02,9.99,NULL
15695,14-02-2006 15:16,300,648,14-02-2006 15:16,4.99,1
15696,23-08-2005 10:04,93,622,23-08-2005 10:04,0.99,1
15697,23-08-2005 10:04,380,433,23-08-2005 10:04,2.99,NULL
15698,23-08-2005 10:11,395,975,23-08-2005 10:11,2.99,NULL
15699,23-08-2005 10:20,501,902,23-08-2005 10:20,5.99,NULL
15700,23-08-2005 10:21,552,645,23-08-2005 10:21,2.99,1
15701,23-08-2005 10:22,516,646,23-08-2005 10:22,0.99,NULL
15702,23-08-2005 10:23,56,350,23-08-2005 10:23,7.99,NULL
15703,23-08-2005 10:23,322,632,23-08-2005 10:23,8.99,NULL
15704,23-08-2005 10:25,71,162,23-08-2005 10:25,4.99,NULL
15705,23-08-2005 10:32,356,207,23-08-2005 10:32,4.99,1
15706,23-08-2005 10:32,220,980,23-08-2005 10:32,4.99,NULL
15707,23-08-2005 10:35,91,796,23-08-2005 10:35,1.99,NULL
15708,23-08-2005 10:35,46,430,23-08-2005 10:35,0.99,1
15709,23-08-2005 10:36,206,77,23-08-2005 10:36,4.99,1
15710,14-02-2006 15:16,421,228,14-02-2006 15:16,0.99,1
15711,23-08-2005 10:43,297,172,23-08-2005 10:43,4.99,1
15712,23-08-2005 10:43,351,410,23-08-2005 10:43,2.99,1
15713,23-08-2005 10:56,432,74,23-08-2005 10:56,6.99,NULL
15714,14-02-2006 15:16,56,451,14-02-2006 15:16,4.99,NULL
15715,23-08-2005 10:57,86,834,23-08-2005 10:57,1.99,NULL
15716,23-08-2005 11:02,408,617,23-08-2005 11:02,1.99,NULL
15717,14-02-2006 15:16,208,200,14-02-2006 15:16,0,1
15718,23-08-2005 11:05,276,471,23-08-2005 11:05,2.99,NULL
15719,23-08-2005 11:08,599,869,23-08-2005 11:08,2.99,1
15720,23-08-2005 11:15,456,546,23-08-2005 11:15,3.99,NULL
15721,23-08-2005 11:16,154,150,23-08-2005 11:16,2.99,1
15722,23-08-2005 11:16,26,616,23-08-2005 11:16,7.99,NULL
15723,23-08-2005 11:17,504,854,23-08-2005 11:17,8.99,NULL
15724,23-08-2005 11:22,478,229,23-08-2005 11:22,4.99,NULL
15725,23-08-2005 11:25,599,83,23-08-2005 11:25,2.99,1
15726,23-08-2005 11:28,503,201,23-08-2005 11:28,2.99,0.5
15727,23-08-2005 11:28,416,471,23-08-2005 11:28,2.99,NULL
15728,23-08-2005 11:30,323,562,23-08-2005 11:30,0.99,NULL
15729,14-02-2006 15:16,193,592,14-02-2006 15:16,2.99,NULL
15730,23-08-2005 11:32,147,210,23-08-2005 11:32,8.99,0.5
15731,23-08-2005 11:33,118,746,23-08-2005 11:33,0.99,NULL
15732,23-08-2005 11:35,412,715,23-08-2005 11:35,4.99,1
15733,23-08-2005 11:37,512,911,23-08-2005 11:37,4.99,NULL
15734,23-08-2005 11:40,302,862,23-08-2005 11:40,0.99,1
15735,14-02-2006 15:16,295,696,14-02-2006 15:16,0.99,1
15736,23-08-2005 11:40,127,930,23-08-2005 11:40,5.99,1
15737,23-08-2005 11:52,83,222,23-08-2005 11:52,5.99,NULL
15738,23-08-2005 11:55,38,121,23-08-2005 11:55,5.99,NULL
15739,23-08-2005 11:56,74,59,23-08-2005 11:56,4.99,1
15740,23-08-2005 12:07,229,20,23-08-2005 12:07,4.99,1
15741,23-08-2005 12:10,126,922,23-08-2005 12:10,4.99,1
15742,23-08-2005 12:11,200,295,23-08-2005 12:11,5.99,NULL
15743,23-08-2005 12:12,139,355,23-08-2005 12:12,0.99,NULL
15744,23-08-2005 12:15,59,514,23-08-2005 12:15,4.99,1
15745,14-02-2006 15:16,43,600,14-02-2006 15:16,0,NULL
15746,23-08-2005 12:26,246,484,23-08-2005 12:26,2.99,1
15747,23-08-2005 12:29,381,331,23-08-2005 12:29,4.99,NULL
15748,23-08-2005 12:33,380,605,23-08-2005 12:33,2.99,NULL
15749,23-08-2005 12:33,575,918,23-08-2005 12:33,4.99,NULL
15750,23-08-2005 12:36,496,977,23-08-2005 12:36,2.99,1
15751,23-08-2005 12:41,199,152,23-08-2005 12:41,3.99,1
15752,23-08-2005 12:41,17,458,23-08-2005 12:41,5.99,1
15753,23-08-2005 12:43,144,757,23-08-2005 12:43,7.99,NULL
15754,23-08-2005 12:43,356,501,23-08-2005 12:43,5.99,1
15755,23-08-2005 12:46,423,113,23-08-2005 12:46,4.99,0.5
15756,23-08-2005 12:47,112,193,23-08-2005 12:47,2.99,NULL
15757,23-08-2005 12:47,356,288,23-08-2005 12:47,2.99,1
15758,23-08-2005 12:47,46,31,23-08-2005 12:47,5.99,1
15759,23-08-2005 12:47,361,295,23-08-2005 12:47,6.99,NULL
15760,23-08-2005 12:50,273,670,23-08-2005 12:50,6.99,NULL
15761,23-08-2005 12:55,416,951,23-08-2005 12:55,0.99,NULL
15762,23-08-2005 13:01,351,197,23-08-2005 13:01,2.99,1
15763,23-08-2005 13:02,158,25,23-08-2005 13:02,2.99,NULL
15764,23-08-2005 13:05,8,645,23-08-2005 13:05,2.99,NULL
15765,23-08-2005 13:06,408,276,23-08-2005 13:06,6.99,NULL
15766,23-08-2005 13:10,436,434,23-08-2005 13:10,4.99,NULL
15767,23-08-2005 13:14,241,765,23-08-2005 13:14,4.99,1
15768,23-08-2005 13:14,267,143,23-08-2005 13:14,0.99,1
15769,23-08-2005 13:16,276,522,23-08-2005 13:16,3.99,NULL
15770,23-08-2005 13:18,113,311,23-08-2005 13:18,2.99,NULL
15771,23-08-2005 13:18,262,803,23-08-2005 13:18,4.99,NULL
15772,23-08-2005 13:22,202,946,23-08-2005 13:22,4.99,1
15773,23-08-2005 13:24,189,355,23-08-2005 13:24,1.99,NULL
15774,23-08-2005 13:25,254,282,23-08-2005 13:25,0.99,1
15775,23-08-2005 13:25,173,464,23-08-2005 13:25,8.99,NULL
15776,23-08-2005 13:26,514,9,23-08-2005 13:26,5.99,1
15777,23-08-2005 13:29,130,922,23-08-2005 13:29,4.99,1
15778,14-02-2006 15:16,234,281,14-02-2006 15:16,0.99,NULL
15779,23-08-2005 13:33,419,342,23-08-2005 13:33,4.99,1
15780,14-02-2006 15:16,120,639,14-02-2006 15:16,4.99,NULL
15781,23-08-2005 13:41,412,972,23-08-2005 13:41,8.99,1
15782,23-08-2005 13:43,245,723,23-08-2005 13:43,6.99,NULL
15783,23-08-2005 13:45,247,88,23-08-2005 13:45,4.99,NULL
15784,23-08-2005 13:46,425,25,23-08-2005 13:46,6.99,NULL
15785,23-08-2005 13:46,543,382,23-08-2005 13:46,1.99,NULL
15786,23-08-2005 13:48,371,688,23-08-2005 13:48,0.99,NULL
15787,23-08-2005 13:51,123,644,23-08-2005 13:51,2.99,1
15788,23-08-2005 13:54,269,3,23-08-2005 13:54,2.99,NULL
15789,23-08-2005 13:56,350,269,23-08-2005 13:56,1.99,1
15790,23-08-2005 14:01,233,634,23-08-2005 14:01,1.99,0.5
15791,23-08-2005 14:02,445,901,23-08-2005 14:02,6.99,NULL
15792,23-08-2005 14:05,581,469,23-08-2005 14:05,4.99,NULL
15793,23-08-2005 14:06,22,627,23-08-2005 14:06,4.99,NULL
15794,14-02-2006 15:16,579,855,14-02-2006 15:16,0.99,NULL
15795,23-08-2005 14:07,417,953,23-08-2005 14:07,0.99,NULL
15796,23-08-2005 14:12,158,312,23-08-2005 14:12,5.99,NULL
15797,23-08-2005 14:13,503,111,23-08-2005 14:13,0.99,0.5
15798,23-08-2005 14:23,203,833,23-08-2005 14:23,2.99,NULL
15799,23-08-2005 14:23,215,554,23-08-2005 14:23,2.99,NULL
15800,23-08-2005 14:23,43,215,23-08-2005 14:23,6.99,NULL
15801,23-08-2005 14:26,165,349,23-08-2005 14:26,3.99,1
15802,23-08-2005 14:26,158,9,23-08-2005 14:26,5.99,NULL
15803,23-08-2005 14:27,105,111,23-08-2005 14:27,2.99,NULL
15804,23-08-2005 14:29,585,734,23-08-2005 14:29,4.99,NULL
15805,23-08-2005 14:31,8,985,23-08-2005 14:31,4.99,NULL
15806,23-08-2005 14:31,166,589,23-08-2005 14:31,1.99,NULL
15807,23-08-2005 14:35,350,594,23-08-2005 14:35,0.99,1
15808,23-08-2005 14:38,446,363,23-08-2005 14:38,1.99,1
15809,23-08-2005 14:42,431,410,23-08-2005 14:42,2.99,NULL
15810,23-08-2005 14:43,171,475,23-08-2005 14:43,0.99,NULL
15811,23-08-2005 14:43,300,764,23-08-2005 14:43,5.99,1
15812,23-08-2005 14:47,45,973,23-08-2005 14:47,10.99,NULL
15813,14-02-2006 15:16,9,219,14-02-2006 15:16,4.99,NULL
15814,23-08-2005 14:52,459,951,23-08-2005 14:52,0.99,0.5
15815,23-08-2005 14:55,444,71,23-08-2005 14:55,4.99,NULL
15816,23-08-2005 14:58,31,791,23-08-2005 14:58,6.99,1
15817,23-08-2005 14:59,348,130,23-08-2005 14:59,0.99,NULL
15818,23-08-2005 14:59,439,574,23-08-2005 14:59,1.99,NULL
15819,23-08-2005 15:01,274,794,23-08-2005 15:01,3.99,1
15820,23-08-2005 15:03,308,993,23-08-2005 15:03,2.99,NULL
15821,23-08-2005 15:03,233,374,23-08-2005 15:03,0.99,0.5
15822,23-08-2005 15:05,492,787,23-08-2005 15:05,0.99,1
15823,23-08-2005 15:08,81,668,23-08-2005 15:08,4.99,NULL
15824,23-08-2005 15:09,371,644,23-08-2005 15:09,2.99,NULL
15825,23-08-2005 15:10,346,31,23-08-2005 15:10,5.99,1
15826,23-08-2005 15:15,311,48,23-08-2005 15:15,9.99,1
15827,23-08-2005 15:15,346,377,23-08-2005 15:15,0.99,1
15828,23-08-2005 15:16,327,95,23-08-2005 15:16,5.99,0.5
15829,23-08-2005 15:17,30,958,23-08-2005 15:17,2.99,NULL
15830,23-08-2005 15:19,467,69,23-08-2005 15:19,2.99,NULL
15831,23-08-2005 15:21,401,687,23-08-2005 15:21,0.99,0.5
15832,23-08-2005 15:21,537,321,23-08-2005 15:21,8.99,NULL
15833,23-08-2005 15:22,349,174,23-08-2005 15:22,6.99,NULL
15834,23-08-2005 15:23,165,49,23-08-2005 15:23,5.99,1
15835,23-08-2005 15:25,128,300,23-08-2005 15:25,8.99,NULL
15836,23-08-2005 15:29,468,58,23-08-2005 15:29,2.99,1
15837,23-08-2005 15:29,283,958,23-08-2005 15:29,2.99,1
15838,23-08-2005 15:30,579,474,23-08-2005 15:30,4.99,NULL
15839,23-08-2005 15:34,294,814,23-08-2005 15:34,5.99,NULL
15840,23-08-2005 15:34,316,414,23-08-2005 15:34,2.99,1
15841,23-08-2005 15:35,571,628,23-08-2005 15:35,4.99,NULL
15842,23-08-2005 15:36,146,403,23-08-2005 15:36,6.99,NULL
15843,23-08-2005 15:37,215,132,23-08-2005 15:37,0.99,NULL
15844,23-08-2005 15:38,119,441,23-08-2005 15:38,2.99,0.5
15845,23-08-2005 15:38,89,939,23-08-2005 15:38,2.99,NULL
15846,23-08-2005 15:39,47,793,23-08-2005 15:39,2.99,1
15847,23-08-2005 15:39,163,496,23-08-2005 15:39,0.99,0.5
15848,23-08-2005 15:41,336,463,23-08-2005 15:41,2.99,1
15849,23-08-2005 15:41,482,889,23-08-2005 15:41,5.99,NULL
15850,23-08-2005 15:45,563,127,23-08-2005 15:45,4.99,NULL
15851,23-08-2005 15:46,469,494,23-08-2005 15:46,2.99,NULL
15852,23-08-2005 15:47,140,329,23-08-2005 15:47,2.99,NULL
15853,23-08-2005 15:54,500,50,23-08-2005 15:54,2.99,NULL
15854,23-08-2005 15:58,464,360,23-08-2005 15:58,0.99,NULL
15855,23-08-2005 15:59,192,555,23-08-2005 15:59,2.99,1
15856,23-08-2005 15:59,395,741,23-08-2005 15:59,0.99,NULL
15857,23-08-2005 15:59,575,599,23-08-2005 15:59,0.99,NULL
15858,23-08-2005 16:07,81,986,23-08-2005 16:07,2.99,NULL
15859,23-08-2005 16:08,465,929,23-08-2005 16:08,4.99,NULL
15860,23-08-2005 16:08,41,567,23-08-2005 16:08,4.99,NULL
15861,23-08-2005 16:15,256,406,23-08-2005 16:15,4.99,NULL
15862,14-02-2006 15:16,215,205,14-02-2006 15:16,0.99,NULL
15863,23-08-2005 16:17,328,610,23-08-2005 16:17,0.99,NULL
15864,23-08-2005 16:18,256,662,23-08-2005 16:18,7.99,NULL
15865,23-08-2005 16:18,482,442,23-08-2005 16:18,2.99,NULL
15866,23-08-2005 16:19,296,838,23-08-2005 16:19,7.99,1
15867,14-02-2006 15:16,505,183,14-02-2006 15:16,4.99,NULL
15868,23-08-2005 16:19,306,472,23-08-2005 16:19,7.99,NULL
15869,23-08-2005 16:22,357,296,23-08-2005 16:22,2.99,NULL
15870,23-08-2005 16:23,251,129,23-08-2005 16:23,4.99,NULL
15871,23-08-2005 16:24,57,93,23-08-2005 16:24,9.99,NULL
15872,23-08-2005 16:27,212,744,23-08-2005 16:27,4.99,NULL
15873,23-08-2005 16:27,577,993,23-08-2005 16:27,2.99,NULL
15874,23-08-2005 16:30,132,135,23-08-2005 16:30,4.99,NULL
15875,14-02-2006 15:16,41,789,14-02-2006 15:16,2.99,NULL
15876,23-08-2005 16:32,87,378,23-08-2005 16:32,2.99,NULL
15877,23-08-2005 16:33,559,501,23-08-2005 16:33,4.99,0.5
15878,23-08-2005 16:34,493,349,23-08-2005 16:34,2.99,0.5
15879,23-08-2005 16:42,482,53,23-08-2005 16:42,3.99,NULL
15880,23-08-2005 16:43,528,556,23-08-2005 16:43,6.99,NULL
15881,23-08-2005 16:44,383,134,23-08-2005 16:44,6.99,NULL
15882,23-08-2005 16:44,312,441,23-08-2005 16:44,6.99,NULL
15883,23-08-2005 16:44,550,613,23-08-2005 16:44,0.99,1
15884,23-08-2005 16:45,81,488,23-08-2005 16:45,1.99,NULL
15885,23-08-2005 16:50,565,458,23-08-2005 16:50,2.99,NULL
15886,23-08-2005 16:50,91,666,23-08-2005 16:50,4.99,NULL
15887,23-08-2005 16:54,201,927,23-08-2005 16:54,2.99,NULL
15888,23-08-2005 16:56,321,648,23-08-2005 16:56,5.99,NULL
15889,23-08-2005 16:57,137,172,23-08-2005 16:57,4.99,NULL
15890,23-08-2005 16:58,87,791,23-08-2005 16:58,4.99,NULL
15891,23-08-2005 17:00,52,468,23-08-2005 17:00,5.99,NULL
15892,23-08-2005 17:01,174,301,23-08-2005 17:01,1.99,NULL
15893,23-08-2005 17:02,438,563,23-08-2005 17:02,5.99,NULL
15894,14-02-2006 15:16,168,966,14-02-2006 15:16,0.99,1
15895,23-08-2005 17:09,342,491,23-08-2005 17:09,3.99,1
15896,23-08-2005 17:09,585,116,23-08-2005 17:09,6.99,NULL
15897,23-08-2005 17:12,15,361,23-08-2005 17:12,4.99,1
15898,23-08-2005 17:13,88,767,23-08-2005 17:13,4.99,NULL
15899,23-08-2005 17:16,596,843,23-08-2005 17:16,6.99,NULL
15900,23-08-2005 17:16,562,247,23-08-2005 17:16,1.99,NULL
15901,23-08-2005 17:19,226,606,23-08-2005 17:19,4.99,NULL
15902,23-08-2005 17:28,172,982,23-08-2005 17:28,3.99,0.5
15903,23-08-2005 17:30,267,285,23-08-2005 17:30,3.99,1
15904,23-08-2005 17:32,37,39,23-08-2005 17:32,0.99,1
15905,23-08-2005 17:33,59,792,23-08-2005 17:33,2.99,1
15906,23-08-2005 17:36,445,709,23-08-2005 17:36,2.99,NULL
15907,23-08-2005 17:39,2,637,23-08-2005 17:39,4.99,NULL
15908,23-08-2005 17:42,135,535,23-08-2005 17:42,2.99,1
15909,23-08-2005 17:42,452,89,23-08-2005 17:42,0.99,NULL
15910,23-08-2005 17:43,456,57,23-08-2005 17:43,2.99,NULL
15911,23-08-2005 17:44,582,660,23-08-2005 17:44,4.99,NULL
15912,23-08-2005 17:47,229,677,23-08-2005 17:47,2.99,1
15913,23-08-2005 17:48,93,850,23-08-2005 17:48,1.99,1
15914,23-08-2005 17:49,557,163,23-08-2005 17:49,0.99,NULL
15915,23-08-2005 17:52,167,779,23-08-2005 17:52,4.99,1
15916,23-08-2005 17:56,327,1000,23-08-2005 17:56,9.99,0.5
15917,23-08-2005 17:57,589,453,23-08-2005 17:57,5.99,NULL
15918,23-08-2005 17:57,262,319,23-08-2005 17:57,3.99,NULL
15919,23-08-2005 18:01,497,379,23-08-2005 18:01,0.99,NULL
15920,23-08-2005 18:05,212,55,23-08-2005 18:05,2.99,NULL
15921,23-08-2005 18:06,522,50,23-08-2005 18:06,6.99,NULL
15922,23-08-2005 18:07,263,370,23-08-2005 18:07,7.99,NULL
15923,23-08-2005 18:08,276,369,23-08-2005 18:08,4.99,NULL
15924,23-08-2005 18:08,541,247,23-08-2005 18:08,1.99,NULL
15925,23-08-2005 18:15,440,745,23-08-2005 18:15,4.99,1
15926,23-08-2005 18:20,151,483,23-08-2005 18:20,2.99,1
15927,23-08-2005 18:23,401,535,23-08-2005 18:23,0.99,0.5
15928,23-08-2005 18:23,75,452,23-08-2005 18:23,5.99,NULL
15929,23-08-2005 18:23,477,397,23-08-2005 18:23,2.99,NULL
15930,23-08-2005 18:26,379,39,23-08-2005 18:26,3.99,1
15931,23-08-2005 18:28,237,250,23-08-2005 18:28,1.99,NULL
15932,23-08-2005 18:31,405,994,23-08-2005 18:31,4.99,NULL
15933,23-08-2005 18:36,176,765,23-08-2005 18:36,4.99,NULL
15934,23-08-2005 18:40,216,222,23-08-2005 18:40,4.99,1
15935,23-08-2005 18:41,361,201,23-08-2005 18:41,2.99,NULL
15936,23-08-2005 18:43,411,285,23-08-2005 18:43,0.99,NULL
15937,23-08-2005 18:43,194,632,23-08-2005 18:43,4.99,0.5
15938,23-08-2005 18:43,341,633,23-08-2005 18:43,6.99,NULL
15939,23-08-2005 18:44,382,705,23-08-2005 18:44,7.99,NULL
15940,23-08-2005 18:45,86,351,23-08-2005 18:45,5.99,NULL
15941,23-08-2005 18:46,424,938,23-08-2005 18:46,9.99,1
15942,23-08-2005 18:48,210,244,23-08-2005 18:48,8.99,NULL
15943,23-08-2005 18:49,462,154,23-08-2005 18:49,2.99,1
15944,23-08-2005 18:50,348,995,23-08-2005 18:50,4.99,NULL
15945,23-08-2005 18:51,43,793,23-08-2005 18:51,2.99,NULL
15946,23-08-2005 18:54,561,993,23-08-2005 18:54,2.99,NULL
15947,23-08-2005 18:54,580,409,23-08-2005 18:54,4.99,NULL
15948,23-08-2005 18:59,520,95,23-08-2005 18:59,7.99,1
15949,23-08-2005 19:06,386,266,23-08-2005 19:06,0.99,NULL
15950,23-08-2005 19:09,280,302,23-08-2005 19:09,5.99,NULL
15951,23-08-2005 19:10,446,663,23-08-2005 19:10,0.99,1
15952,23-08-2005 19:11,224,290,23-08-2005 19:11,1.99,1
15953,23-08-2005 19:13,540,815,23-08-2005 19:13,3.99,NULL
15954,23-08-2005 19:14,460,125,23-08-2005 19:14,2.99,NULL
15955,23-08-2005 19:19,349,486,23-08-2005 19:19,5.99,NULL
15956,23-08-2005 19:19,354,606,23-08-2005 19:19,0.99,1
15957,23-08-2005 19:21,418,15,23-08-2005 19:21,5.99,NULL
15958,23-08-2005 19:22,492,905,23-08-2005 19:22,4.99,1
15959,23-08-2005 19:27,415,119,23-08-2005 19:27,0.99,NULL
15960,23-08-2005 19:35,431,328,23-08-2005 19:35,2.99,NULL
15961,23-08-2005 19:35,200,872,23-08-2005 19:35,6.99,NULL
15962,23-08-2005 19:42,160,764,23-08-2005 19:42,4.99,1
15963,23-08-2005 19:42,134,836,23-08-2005 19:42,2.99,0.5
15964,23-08-2005 19:45,141,56,23-08-2005 19:45,2.99,0.5
15965,23-08-2005 19:46,509,756,23-08-2005 19:46,2.99,1
15966,14-02-2006 15:16,374,977,14-02-2006 15:16,2.99,1
15967,23-08-2005 19:50,257,72,23-08-2005 19:50,2.99,NULL
15968,23-08-2005 19:51,257,786,23-08-2005 19:51,0.99,NULL
15969,23-08-2005 19:51,327,392,23-08-2005 19:51,7.99,0.5
15970,23-08-2005 19:54,395,985,23-08-2005 19:54,4.99,NULL
15971,23-08-2005 19:59,187,758,23-08-2005 19:59,7.99,NULL
15972,23-08-2005 20:00,25,968,23-08-2005 20:00,5.99,NULL
15973,23-08-2005 20:04,343,608,23-08-2005 20:04,5.99,NULL
15974,23-08-2005 20:06,201,771,23-08-2005 20:06,5.99,NULL
15975,23-08-2005 20:06,174,597,23-08-2005 20:06,4.99,NULL
15976,23-08-2005 20:07,227,183,23-08-2005 20:07,4.99,NULL
15977,23-08-2005 20:07,550,231,23-08-2005 20:07,4.99,1
15978,23-08-2005 20:08,536,971,23-08-2005 20:08,8.99,NULL
15979,23-08-2005 20:08,536,816,23-08-2005 20:08,0.99,NULL
15980,23-08-2005 20:10,196,738,23-08-2005 20:10,0.99,NULL
15981,23-08-2005 20:12,489,628,23-08-2005 20:12,4.99,0.5
15982,23-08-2005 20:13,370,641,23-08-2005 20:13,5.99,1
15983,23-08-2005 20:13,464,730,23-08-2005 20:13,4.99,NULL
15984,23-08-2005 20:16,495,437,23-08-2005 20:16,2.99,1
15985,23-08-2005 20:20,179,580,23-08-2005 20:20,4.99,1
15986,23-08-2005 20:20,226,761,23-08-2005 20:20,2.99,NULL
15987,23-08-2005 20:22,302,691,23-08-2005 20:22,6.99,1
15988,23-08-2005 20:23,400,857,23-08-2005 20:23,4.99,NULL
15989,23-08-2005 20:24,96,8,23-08-2005 20:24,4.99,NULL
15990,23-08-2005 20:25,512,710,23-08-2005 20:25,4.99,NULL
15991,23-08-2005 20:27,203,450,23-08-2005 20:27,2.99,NULL
15992,23-08-2005 20:28,589,733,23-08-2005 20:28,0.99,NULL
15993,23-08-2005 20:28,12,357,23-08-2005 20:28,0.99,1
15994,23-08-2005 20:29,595,97,23-08-2005 20:29,0.99,1
15995,23-08-2005 20:29,377,249,23-08-2005 20:29,0.99,0.5
15996,23-08-2005 20:31,151,681,23-08-2005 20:31,2.99,1
15997,23-08-2005 20:40,447,624,23-08-2005 20:40,4.99,1
15998,23-08-2005 20:41,545,272,23-08-2005 20:41,4.99,NULL
15999,23-08-2005 20:44,377,567,23-08-2005 20:44,7.99,0.5
16000,23-08-2005 20:44,71,63,23-08-2005 20:44,0.99,NULL
16001,23-08-2005 20:45,108,55,23-08-2005 20:45,2.99,NULL
16002,23-08-2005 20:47,73,608,23-08-2005 20:47,2.99,NULL
16003,23-08-2005 20:47,577,748,23-08-2005 20:47,4.99,NULL
16004,23-08-2005 20:53,147,481,23-08-2005 20:53,6.99,0.5
16005,23-08-2005 21:00,466,719,23-08-2005 21:00,7.99,1
16006,23-08-2005 21:01,533,54,23-08-2005 21:01,0.99,1
16007,23-08-2005 21:02,126,710,23-08-2005 21:02,7.99,1
16008,23-08-2005 21:04,189,721,23-08-2005 21:04,5.99,NULL
16009,23-08-2005 21:07,133,670,23-08-2005 21:07,6.99,NULL
16010,23-08-2005 21:10,173,557,23-08-2005 21:10,2.99,NULL
16011,23-08-2005 21:11,389,243,23-08-2005 21:11,9.99,1
16012,23-08-2005 21:13,80,528,23-08-2005 21:13,5.99,NULL
16013,23-08-2005 21:17,462,122,23-08-2005 21:17,0.99,1
16014,23-08-2005 21:18,532,730,23-08-2005 21:18,5.99,1
16015,23-08-2005 21:25,50,683,23-08-2005 21:25,4.99,NULL
16016,23-08-2005 21:26,595,740,23-08-2005 21:26,2.99,1
16017,23-08-2005 21:27,535,143,23-08-2005 21:27,0.99,NULL
16018,23-08-2005 21:27,439,200,23-08-2005 21:27,0.99,NULL
16019,23-08-2005 21:30,278,680,23-08-2005 21:30,4.99,0.5
16020,23-08-2005 21:34,311,61,23-08-2005 21:34,8.99,1
16021,23-08-2005 21:37,314,672,23-08-2005 21:37,3.99,1
16022,23-08-2005 21:44,504,643,23-08-2005 21:44,4.99,NULL
16023,23-08-2005 21:45,124,511,23-08-2005 21:45,0.99,0.5
16024,23-08-2005 21:46,473,639,23-08-2005 21:46,4.99,NULL
16025,23-08-2005 21:48,569,385,23-08-2005 21:48,4.99,1
16026,23-08-2005 21:49,484,103,23-08-2005 21:49,4.99,1
16027,23-08-2005 21:49,160,376,23-08-2005 21:49,3.99,1
16028,23-08-2005 21:52,119,553,23-08-2005 21:52,3.99,0.5
16029,23-08-2005 21:54,143,212,23-08-2005 21:54,4.99,0.5
16030,23-08-2005 21:56,137,904,23-08-2005 21:56,9.99,NULL
16031,23-08-2005 21:59,102,402,23-08-2005 21:59,3.99,NULL
16032,23-08-2005 21:59,447,555,23-08-2005 21:59,4.99,1
16033,23-08-2005 22:06,226,166,23-08-2005 22:06,5.99,NULL
16034,23-08-2005 22:06,502,142,23-08-2005 22:06,3.99,1
16035,23-08-2005 22:08,37,119,23-08-2005 22:08,0.99,1
16036,23-08-2005 22:12,425,302,23-08-2005 22:12,2.99,NULL
16037,23-08-2005 22:13,45,75,23-08-2005 22:13,7.99,NULL
16038,23-08-2005 22:14,172,573,23-08-2005 22:14,3.99,0.5
16039,23-08-2005 22:18,78,119,23-08-2005 22:18,2.99,1
16040,23-08-2005 22:19,195,771,23-08-2005 22:19,11.99,NULL
16041,23-08-2005 22:20,121,895,23-08-2005 22:20,2.99,1
16042,23-08-2005 22:20,131,137,23-08-2005 22:20,2.99,NULL
16043,23-08-2005 22:21,526,846,23-08-2005 22:21,9.99,NULL
16044,23-08-2005 22:24,468,290,23-08-2005 22:24,0.99,1
16045,23-08-2005 22:25,14,168,23-08-2005 22:25,0.99,NULL
16046,23-08-2005 22:26,74,951,23-08-2005 22:26,0.99,1
16047,23-08-2005 22:42,114,452,23-08-2005 22:42,0.99,NULL
16048,23-08-2005 22:43,103,439,23-08-2005 22:43,8.99,NULL
16049,23-08-2005 22:50,393,585,23-08-2005 22:50,3.99,1